run_id,timestamp_utc,phase,scenario,model,status,trial_kind,trial,execution_order,seed,rows,commits,changes_per_commit,locality,payload_bytes,workload_sha256,strategy_requested,strategy_selected,hybrid_threshold,initial_import_ms,incremental_commit_ms,diff_ms,checkout_ms,storage_bytes,logical_payload_bytes,storage_bytes_per_logical_payload_byte,storage_bytes_minus_logical_payload_bytes,storage_bytes_after_compaction,compaction_method,compaction_ms,process_tree_peak_rss_bytes,memory_method,work_examined,work_unit,changed_keys,correctness,notes,python_version,platform,dolt_version
b7a4ec7b610742d9b827f43fd5092fe2,2026-09-23T07:14:23.793749+00:00,calibration,calibration-c1,Revon-log calibration,ok,warmup,1,1,20260822,10000,4,1,spread,32,bbb013782fb23e93e848ca04036af792b8c3863430dfc1d4e6ef4135df4db3e5,log,log,0,146.286,10.01575,0.1291,10.1483,2629632,450000,5.843626666666666,2179632,,not applicable,,45096960,"external parent process-tree RSS sampler (psutil, 10 ms; isolated trial)",4,log operations,4,True,,3.14.3,Windows-11-10.0.26200-SP0,
b7a4ec7b610742d9b827f43fd5092fe2,2026-09-23T07:14:24.410530+00:00,calibration,calibration-c1,Revon-M (forced Merkle),ok,warmup,1,2,20260822,10000,4,1,spread,32,bbb013782fb23e93e848ca04036af792b8c3863430dfc1d4e6ef4135df4db3e5,merkle,merkle,0,156.1562,9.080549999999999,0.1916,14.1878,2617344,450000,5.81632,2167344,,not sampled,,44449792,"external parent process-tree RSS sampler (psutil, 10 ms; isolated trial)",104,tree node pairs,4,True,,3.14.3,Windows-11-10.0.26200-SP0,
b7a4ec7b610742d9b827f43fd5092fe2,2026-09-23T07:14:25.110409+00:00,calibration,calibration-c1,Revon-M (forced Merkle),ok,warmup,2,1,20260822,10000,4,1,spread,32,bbb013782fb23e93e848ca04036af792b8c3863430dfc1d4e6ef4135df4db3e5,merkle,merkle,0,182.4589,9.908000000000001,0.1848,11.7787,2621440,450000,5.8254222222222225,2171440,,not sampled,,44716032,"external parent process-tree RSS sampler (psutil, 10 ms; isolated trial)",104,tree node pairs,4,True,,3.14.3,Windows-11-10.0.26200-SP0,
b7a4ec7b610742d9b827f43fd5092fe2,2026-09-23T07:14:25.874292+00:00,calibration,calibration-c1,Revon-log calibration,ok,warmup,2,2,20260822,10000,4,1,spread,32,bbb013782fb23e93e848ca04036af792b8c3863430dfc1d4e6ef4135df4db3e5,log,log,0,161.3256,8.6038,0.122,11.6104,2621440,450000,5.8254222222222225,2171440,,not applicable,,45056000,"external parent process-tree RSS sampler (psutil, 10 ms; isolated trial)",4,log operations,4,True,,3.14.3,Windows-11-10.0.26200-SP0,
b7a4ec7b610742d9b827f43fd5092fe2,2026-09-23T07:14:26.612338+00:00,calibration,calibration-c1,Revon-log calibration,ok,measured,1,1,20260822,10000,4,1,spread,32,bbb013782fb23e93e848ca04036af792b8c3863430dfc1d4e6ef4135df4db3e5,log,log,0,152.7827,9.2787,0.117,9.1949,2617344,450000,5.81632,2167344,,not applicable,,44859392,"external parent process-tree RSS sampler (psutil, 10 ms; isolated trial)",4,log operations,4,True,,3.14.3,Windows-11-10.0.26200-SP0,
b7a4ec7b610742d9b827f43fd5092fe2,2026-09-23T07:14:28.002867+00:00,calibration,calibration-c1,Revon-M (forced Merkle),ok,measured,1,2,20260822,10000,4,1,spread,32,bbb013782fb23e93e848ca04036af792b8c3863430dfc1d4e6ef4135df4db3e5,merkle,merkle,0,363.9829,8.98215,0.1946,10.0772,2625536,450000,5.834524444444445,2175536,,not sampled,,45654016,"external parent process-tree RSS sampler (psutil, 10 ms; isolated trial)",104,tree node pairs,4,True,,3.14.3,Windows-11-10.0.26200-SP0,
b7a4ec7b610742d9b827f43fd5092fe2,2026-09-23T07:14:28.631842+00:00,calibration,calibration-c1,Revon-M (forced Merkle),ok,measured,2,1,20260822,10000,4,1,spread,32,bbb013782fb23e93e848ca04036af792b8c3863430dfc1d4e6ef4135df4db3e5,merkle,merkle,0,144.8584,9.3611,0.177,9.7386,2617344,450000,5.81632,2167344,,not sampled,,44773376,"external parent process-tree RSS sampler (psutil, 10 ms; isolated trial)",104,tree node pairs,4,True,,3.14.3,Windows-11-10.0.26200-SP0,
b7a4ec7b610742d9b827f43fd5092fe2,2026-09-23T07:14:29.353304+00:00,calibration,calibration-c1,Revon-log calibration,ok,measured,2,2,20260822,10000,4,1,spread,32,bbb013782fb23e93e848ca04036af792b8c3863430dfc1d4e6ef4135df4db3e5,log,log,0,162.9417,8.586549999999999,0.1347,10.9505,2621440,450000,5.8254222222222225,2171440,,not applicable,,45076480,"external parent process-tree RSS sampler (psutil, 10 ms; isolated trial)",4,log operations,4,True,,3.14.3,Windows-11-10.0.26200-SP0,
b7a4ec7b610742d9b827f43fd5092fe2,2026-09-23T07:14:29.989799+00:00,calibration,calibration-c1,Revon-log calibration,ok,measured,3,1,20260822,10000,4,1,spread,32,bbb013782fb23e93e848ca04036af792b8c3863430dfc1d4e6ef4135df4db3e5,log,log,0,157.8948,8.9708,0.1208,11.0145,2625536,450000,5.834524444444445,2175536,,not applicable,,45121536,"external parent process-tree RSS sampler (psutil, 10 ms; isolated trial)",4,log operations,4,True,,3.14.3,Windows-11-10.0.26200-SP0,
b7a4ec7b610742d9b827f43fd5092fe2,2026-09-23T07:14:30.744312+00:00,calibration,calibration-c1,Revon-M (forced Merkle),ok,measured,3,2,20260822,10000,4,1,spread,32,bbb013782fb23e93e848ca04036af792b8c3863430dfc1d4e6ef4135df4db3e5,merkle,merkle,0,218.6288,11.23935,0.2102,9.0801,2625536,450000,5.834524444444445,2175536,,not sampled,,44511232,"external parent process-tree RSS sampler (psutil, 10 ms; isolated trial)",104,tree node pairs,4,True,,3.14.3,Windows-11-10.0.26200-SP0,
b7a4ec7b610742d9b827f43fd5092fe2,2026-09-23T07:14:31.496707+00:00,calibration,calibration-c1,Revon-M (forced Merkle),ok,measured,4,1,20260822,10000,4,1,spread,32,bbb013782fb23e93e848ca04036af792b8c3863430dfc1d4e6ef4135df4db3e5,merkle,merkle,0,204.4618,9.6862,0.2026,10.7141,2621440,450000,5.8254222222222225,2171440,,not sampled,,44597248,"external parent process-tree RSS sampler (psutil, 10 ms; isolated trial)",104,tree node pairs,4,True,,3.14.3,Windows-11-10.0.26200-SP0,
b7a4ec7b610742d9b827f43fd5092fe2,2026-09-23T07:14:32.344383+00:00,calibration,calibration-c1,Revon-log calibration,ok,measured,4,2,20260822,10000,4,1,spread,32,bbb013782fb23e93e848ca04036af792b8c3863430dfc1d4e6ef4135df4db3e5,log,log,0,245.3641,13.6659,0.1637,12.1976,2621440,450000,5.8254222222222225,2171440,,not applicable,,44744704,"external parent process-tree RSS sampler (psutil, 10 ms; isolated trial)",4,log operations,4,True,,3.14.3,Windows-11-10.0.26200-SP0,
b7a4ec7b610742d9b827f43fd5092fe2,2026-09-23T07:14:33.071100+00:00,calibration,calibration-c1,Revon-log calibration,ok,measured,5,1,20260822,10000,4,1,spread,32,bbb013782fb23e93e848ca04036af792b8c3863430dfc1d4e6ef4135df4db3e5,log,log,0,175.4122,9.384350000000001,0.2353,13.8037,2625536,450000,5.834524444444445,2175536,,not applicable,,45137920,"external parent process-tree RSS sampler (psutil, 10 ms; isolated trial)",4,log operations,4,True,,3.14.3,Windows-11-10.0.26200-SP0,
b7a4ec7b610742d9b827f43fd5092fe2,2026-09-23T07:14:33.829043+00:00,calibration,calibration-c1,Revon-M (forced Merkle),ok,measured,5,2,20260822,10000,4,1,spread,32,bbb013782fb23e93e848ca04036af792b8c3863430dfc1d4e6ef4135df4db3e5,merkle,merkle,0,173.7202,9.0394,0.1864,11.0468,2629632,450000,5.843626666666666,2179632,,not sampled,,44945408,"external parent process-tree RSS sampler (psutil, 10 ms; isolated trial)",104,tree node pairs,4,True,,3.14.3,Windows-11-10.0.26200-SP0,
b7a4ec7b610742d9b827f43fd5092fe2,2026-09-23T07:14:34.452833+00:00,calibration,calibration-c1,Revon-M (forced Merkle),ok,measured,6,1,20260822,10000,4,1,spread,32,bbb013782fb23e93e848ca04036af792b8c3863430dfc1d4e6ef4135df4db3e5,merkle,merkle,0,152.0047,9.509599999999999,0.1877,9.9715,2621440,450000,5.8254222222222225,2171440,,not sampled,,45133824,"external parent process-tree RSS sampler (psutil, 10 ms; isolated trial)",104,tree node pairs,4,True,,3.14.3,Windows-11-10.0.26200-SP0,
b7a4ec7b610742d9b827f43fd5092fe2,2026-09-23T07:14:35.092665+00:00,calibration,calibration-c1,Revon-log calibration,ok,measured,6,2,20260822,10000,4,1,spread,32,bbb013782fb23e93e848ca04036af792b8c3863430dfc1d4e6ef4135df4db3e5,log,log,0,160.4653,9.85575,0.1377,10.2704,2625536,450000,5.834524444444445,2175536,,not applicable,,44793856,"external parent process-tree RSS sampler (psutil, 10 ms; isolated trial)",4,log operations,4,True,,3.14.3,Windows-11-10.0.26200-SP0,
b7a4ec7b610742d9b827f43fd5092fe2,2026-09-23T07:14:35.802170+00:00,calibration,calibration-c1,Revon-log calibration,ok,measured,7,1,20260822,10000,4,1,spread,32,bbb013782fb23e93e848ca04036af792b8c3863430dfc1d4e6ef4135df4db3e5,log,log,0,178.5869,11.70495,0.1239,11.2027,2617344,450000,5.81632,2167344,,not applicable,,45154304,"external parent process-tree RSS sampler (psutil, 10 ms; isolated trial)",4,log operations,4,True,,3.14.3,Windows-11-10.0.26200-SP0,
b7a4ec7b610742d9b827f43fd5092fe2,2026-09-23T07:14:36.547970+00:00,calibration,calibration-c1,Revon-M (forced Merkle),ok,measured,7,2,20260822,10000,4,1,spread,32,bbb013782fb23e93e848ca04036af792b8c3863430dfc1d4e6ef4135df4db3e5,merkle,merkle,0,198.7794,11.178650000000001,0.2375,10.4861,2617344,450000,5.81632,2167344,,not sampled,,45117440,"external parent process-tree RSS sampler (psutil, 10 ms; isolated trial)",104,tree node pairs,4,True,,3.14.3,Windows-11-10.0.26200-SP0,
b7a4ec7b610742d9b827f43fd5092fe2,2026-09-23T07:14:37.289892+00:00,calibration,calibration-c4,Revon-M (forced Merkle),ok,warmup,1,1,20260823,10000,4,4,spread,32,c95352c92bb8395bb3542492372581739e11b3dc09d53484c45b4e637edffc0f,merkle,merkle,0,149.9086,11.562100000000001,0.3396,10.4846,2719744,450000,6.043875555555555,2269744,,not sampled,,45076480,"external parent process-tree RSS sampler (psutil, 10 ms; isolated trial)",289,tree node pairs,16,True,,3.14.3,Windows-11-10.0.26200-SP0,
b7a4ec7b610742d9b827f43fd5092fe2,2026-09-23T07:14:38.269696+00:00,calibration,calibration-c4,Revon-log calibration,ok,warmup,1,2,20260823,10000,4,4,spread,32,c95352c92bb8395bb3542492372581739e11b3dc09d53484c45b4e637edffc0f,log,log,0,154.8339,10.97735,0.1601,10.2179,2719744,450000,6.043875555555555,2269744,,not applicable,,45092864,"external parent process-tree RSS sampler (psutil, 10 ms; isolated trial)",16,log operations,16,True,,3.14.3,Windows-11-10.0.26200-SP0,
b7a4ec7b610742d9b827f43fd5092fe2,2026-09-23T07:14:38.968083+00:00,calibration,calibration-c4,Revon-log calibration,ok,warmup,2,1,20260823,10000,4,4,spread,32,c95352c92bb8395bb3542492372581739e11b3dc09d53484c45b4e637edffc0f,log,log,0,163.4787,11.05075,0.1953,11.3316,2736128,450000,6.080284444444445,2286128,,not applicable,,45449216,"external parent process-tree RSS sampler (psutil, 10 ms; isolated trial)",16,log operations,16,True,,3.14.3,Windows-11-10.0.26200-SP0,
b7a4ec7b610742d9b827f43fd5092fe2,2026-09-23T07:14:39.565331+00:00,calibration,calibration-c4,Revon-M (forced Merkle),ok,warmup,2,2,20260823,10000,4,4,spread,32,c95352c92bb8395bb3542492372581739e11b3dc09d53484c45b4e637edffc0f,merkle,merkle,0,142.3645,11.3827,0.3425,9.8362,2732032,450000,6.071182222222222,2282032,,not sampled,,44752896,"external parent process-tree RSS sampler (psutil, 10 ms; isolated trial)",289,tree node pairs,16,True,,3.14.3,Windows-11-10.0.26200-SP0,
b7a4ec7b610742d9b827f43fd5092fe2,2026-09-23T07:14:40.237640+00:00,calibration,calibration-c4,Revon-log calibration,ok,measured,1,1,20260823,10000,4,4,spread,32,c95352c92bb8395bb3542492372581739e11b3dc09d53484c45b4e637edffc0f,log,log,0,180.9206,11.00865,0.1681,11.6839,2727936,450000,6.06208,2277936,,not applicable,,44756992,"external parent process-tree RSS sampler (psutil, 10 ms; isolated trial)",16,log operations,16,True,,3.14.3,Windows-11-10.0.26200-SP0,
b7a4ec7b610742d9b827f43fd5092fe2,2026-09-23T07:14:40.969223+00:00,calibration,calibration-c4,Revon-M (forced Merkle),ok,measured,1,2,20260823,10000,4,4,spread,32,c95352c92bb8395bb3542492372581739e11b3dc09d53484c45b4e637edffc0f,merkle,merkle,0,170.8476,12.8869,0.331,10.6202,2727936,450000,6.06208,2277936,,not sampled,,44847104,"external parent process-tree RSS sampler (psutil, 10 ms; isolated trial)",289,tree node pairs,16,True,,3.14.3,Windows-11-10.0.26200-SP0,
b7a4ec7b610742d9b827f43fd5092fe2,2026-09-23T07:14:41.635898+00:00,calibration,calibration-c4,Revon-M (forced Merkle),ok,measured,2,1,20260823,10000,4,4,spread,32,c95352c92bb8395bb3542492372581739e11b3dc09d53484c45b4e637edffc0f,merkle,merkle,0,155.4514,10.06275,0.3217,10.0789,2740224,450000,6.089386666666667,2290224,,not sampled,,45662208,"external parent process-tree RSS sampler (psutil, 10 ms; isolated trial)",289,tree node pairs,16,True,,3.14.3,Windows-11-10.0.26200-SP0,
b7a4ec7b610742d9b827f43fd5092fe2,2026-09-23T07:14:42.330927+00:00,calibration,calibration-c4,Revon-log calibration,ok,measured,2,2,20260823,10000,4,4,spread,32,c95352c92bb8395bb3542492372581739e11b3dc09d53484c45b4e637edffc0f,log,log,0,152.6258,12.7713,0.1898,10.5469,2715648,450000,6.034773333333334,2265648,,not applicable,,45584384,"external parent process-tree RSS sampler (psutil, 10 ms; isolated trial)",16,log operations,16,True,,3.14.3,Windows-11-10.0.26200-SP0,
b7a4ec7b610742d9b827f43fd5092fe2,2026-09-23T07:14:43.226582+00:00,calibration,calibration-c4,Revon-log calibration,ok,measured,3,1,20260823,10000,4,4,spread,32,c95352c92bb8395bb3542492372581739e11b3dc09d53484c45b4e637edffc0f,log,log,0,156.5759,11.1604,0.1904,9.8181,2723840,450000,6.052977777777778,2273840,,not applicable,,45162496,"external parent process-tree RSS sampler (psutil, 10 ms; isolated trial)",16,log operations,16,True,,3.14.3,Windows-11-10.0.26200-SP0,
b7a4ec7b610742d9b827f43fd5092fe2,2026-09-23T07:14:43.999789+00:00,calibration,calibration-c4,Revon-M (forced Merkle),ok,measured,3,2,20260823,10000,4,4,spread,32,c95352c92bb8395bb3542492372581739e11b3dc09d53484c45b4e637edffc0f,merkle,merkle,0,240.705,14.663450000000001,0.4498,12.5523,2723840,450000,6.052977777777778,2273840,,not sampled,,45219840,"external parent process-tree RSS sampler (psutil, 10 ms; isolated trial)",289,tree node pairs,16,True,,3.14.3,Windows-11-10.0.26200-SP0,
b7a4ec7b610742d9b827f43fd5092fe2,2026-09-23T07:14:44.972182+00:00,calibration,calibration-c4,Revon-M (forced Merkle),ok,measured,4,1,20260823,10000,4,4,spread,32,c95352c92bb8395bb3542492372581739e11b3dc09d53484c45b4e637edffc0f,merkle,merkle,0,190.9617,21.01365,0.7613,28.7974,2748416,450000,6.107591111111111,2298416,,not sampled,,45293568,"external parent process-tree RSS sampler (psutil, 10 ms; isolated trial)",289,tree node pairs,16,True,,3.14.3,Windows-11-10.0.26200-SP0,
b7a4ec7b610742d9b827f43fd5092fe2,2026-09-23T07:14:45.950674+00:00,calibration,calibration-c4,Revon-log calibration,ok,measured,4,2,20260823,10000,4,4,spread,32,c95352c92bb8395bb3542492372581739e11b3dc09d53484c45b4e637edffc0f,log,log,0,229.8742,20.094050000000003,0.2642,13.6995,2727936,450000,6.06208,2277936,,not applicable,,44863488,"external parent process-tree RSS sampler (psutil, 10 ms; isolated trial)",16,log operations,16,True,,3.14.3,Windows-11-10.0.26200-SP0,
b7a4ec7b610742d9b827f43fd5092fe2,2026-09-23T07:14:46.757506+00:00,calibration,calibration-c4,Revon-log calibration,ok,measured,5,1,20260823,10000,4,4,spread,32,c95352c92bb8395bb3542492372581739e11b3dc09d53484c45b4e637edffc0f,log,log,0,213.2026,13.276299999999999,0.1836,9.9233,2732032,450000,6.071182222222222,2282032,,not applicable,,44789760,"external parent process-tree RSS sampler (psutil, 10 ms; isolated trial)",16,log operations,16,True,,3.14.3,Windows-11-10.0.26200-SP0,
b7a4ec7b610742d9b827f43fd5092fe2,2026-09-23T07:14:47.995652+00:00,calibration,calibration-c4,Revon-M (forced Merkle),ok,measured,5,2,20260823,10000,4,4,spread,32,c95352c92bb8395bb3542492372581739e11b3dc09d53484c45b4e637edffc0f,merkle,merkle,0,437.9009,12.51355,0.325,10.2358,2732032,450000,6.071182222222222,2282032,,not sampled,,45289472,"external parent process-tree RSS sampler (psutil, 10 ms; isolated trial)",289,tree node pairs,16,True,,3.14.3,Windows-11-10.0.26200-SP0,
b7a4ec7b610742d9b827f43fd5092fe2,2026-09-23T07:14:48.682014+00:00,calibration,calibration-c4,Revon-M (forced Merkle),ok,measured,6,1,20260823,10000,4,4,spread,32,c95352c92bb8395bb3542492372581739e11b3dc09d53484c45b4e637edffc0f,merkle,merkle,0,152.1813,11.215250000000001,0.3146,13.1679,2723840,450000,6.052977777777778,2273840,,not sampled,,45273088,"external parent process-tree RSS sampler (psutil, 10 ms; isolated trial)",289,tree node pairs,16,True,,3.14.3,Windows-11-10.0.26200-SP0,
b7a4ec7b610742d9b827f43fd5092fe2,2026-09-23T07:14:49.373964+00:00,calibration,calibration-c4,Revon-log calibration,ok,measured,6,2,20260823,10000,4,4,spread,32,c95352c92bb8395bb3542492372581739e11b3dc09d53484c45b4e637edffc0f,log,log,0,167.5444,10.747,0.2148,10.431,2723840,450000,6.052977777777778,2273840,,not applicable,,45486080,"external parent process-tree RSS sampler (psutil, 10 ms; isolated trial)",16,log operations,16,True,,3.14.3,Windows-11-10.0.26200-SP0,
b7a4ec7b610742d9b827f43fd5092fe2,2026-09-23T07:14:50.225012+00:00,calibration,calibration-c4,Revon-log calibration,ok,measured,7,1,20260823,10000,4,4,spread,32,c95352c92bb8395bb3542492372581739e11b3dc09d53484c45b4e637edffc0f,log,log,0,210.146,21.4823,0.24,13.8154,2719744,450000,6.043875555555555,2269744,,not applicable,,44556288,"external parent process-tree RSS sampler (psutil, 10 ms; isolated trial)",16,log operations,16,True,,3.14.3,Windows-11-10.0.26200-SP0,
b7a4ec7b610742d9b827f43fd5092fe2,2026-09-23T07:14:50.920293+00:00,calibration,calibration-c4,Revon-M (forced Merkle),ok,measured,7,2,20260823,10000,4,4,spread,32,c95352c92bb8395bb3542492372581739e11b3dc09d53484c45b4e637edffc0f,merkle,merkle,0,171.7166,12.4244,0.6126,15.9015,2736128,450000,6.080284444444445,2286128,,not sampled,,44449792,"external parent process-tree RSS sampler (psutil, 10 ms; isolated trial)",289,tree node pairs,16,True,,3.14.3,Windows-11-10.0.26200-SP0,
b7a4ec7b610742d9b827f43fd5092fe2,2026-09-23T07:14:51.864261+00:00,calibration,calibration-c16,Revon-log calibration,ok,warmup,1,1,20260824,10000,4,16,spread,32,813d583e534cb953a3ffc9c536c0b901ae0b9d647909c4b21f11e00dab7f29bc,log,log,0,177.8824,17.21895,0.3999,11.2381,2891776,450000,6.426168888888889,2441776,,not applicable,,44851200,"external parent process-tree RSS sampler (psutil, 10 ms; isolated trial)",64,log operations,64,True,,3.14.3,Windows-11-10.0.26200-SP0,
b7a4ec7b610742d9b827f43fd5092fe2,2026-09-23T07:14:52.658874+00:00,calibration,calibration-c16,Revon-M (forced Merkle),ok,warmup,1,2,20260824,10000,4,16,spread,32,813d583e534cb953a3ffc9c536c0b901ae0b9d647909c4b21f11e00dab7f29bc,merkle,merkle,0,247.2555,17.2592,0.9527,12.9336,2891776,450000,6.426168888888889,2441776,,not sampled,,45457408,"external parent process-tree RSS sampler (psutil, 10 ms; isolated trial)",812,tree node pairs,64,True,,3.14.3,Windows-11-10.0.26200-SP0,
b7a4ec7b610742d9b827f43fd5092fe2,2026-09-23T07:14:53.683891+00:00,calibration,calibration-c16,Revon-M (forced Merkle),ok,warmup,2,1,20260824,10000,4,16,spread,32,813d583e534cb953a3ffc9c536c0b901ae0b9d647909c4b21f11e00dab7f29bc,merkle,merkle,0,234.2204,27.6495,2.7008,26.611,2891776,450000,6.426168888888889,2441776,,not sampled,,44838912,"external parent process-tree RSS sampler (psutil, 10 ms; isolated trial)",812,tree node pairs,64,True,,3.14.3,Windows-11-10.0.26200-SP0,
b7a4ec7b610742d9b827f43fd5092fe2,2026-09-23T07:14:54.649326+00:00,calibration,calibration-c16,Revon-log calibration,ok,warmup,2,2,20260824,10000,4,16,spread,32,813d583e534cb953a3ffc9c536c0b901ae0b9d647909c4b21f11e00dab7f29bc,log,log,0,226.9209,22.74655,0.4385,18.2452,2891776,450000,6.426168888888889,2441776,,not applicable,,45576192,"external parent process-tree RSS sampler (psutil, 10 ms; isolated trial)",64,log operations,64,True,,3.14.3,Windows-11-10.0.26200-SP0,
b7a4ec7b610742d9b827f43fd5092fe2,2026-09-23T07:14:55.566430+00:00,calibration,calibration-c16,Revon-log calibration,ok,measured,1,1,20260824,10000,4,16,spread,32,813d583e534cb953a3ffc9c536c0b901ae0b9d647909c4b21f11e00dab7f29bc,log,log,0,274.7846,24.231099999999998,0.5077,22.3819,2891776,450000,6.426168888888889,2441776,,not applicable,,45649920,"external parent process-tree RSS sampler (psutil, 10 ms; isolated trial)",64,log operations,64,True,,3.14.3,Windows-11-10.0.26200-SP0,
b7a4ec7b610742d9b827f43fd5092fe2,2026-09-23T07:14:56.695745+00:00,calibration,calibration-c16,Revon-M (forced Merkle),ok,measured,1,2,20260824,10000,4,16,spread,32,813d583e534cb953a3ffc9c536c0b901ae0b9d647909c4b21f11e00dab7f29bc,merkle,merkle,0,229.2576,28.13905,0.9831,18.8298,2895872,450000,6.435271111111111,2445872,,not sampled,,45465600,"external parent process-tree RSS sampler (psutil, 10 ms; isolated trial)",812,tree node pairs,64,True,,3.14.3,Windows-11-10.0.26200-SP0,
b7a4ec7b610742d9b827f43fd5092fe2,2026-09-23T07:14:57.745418+00:00,calibration,calibration-c16,Revon-M (forced Merkle),ok,measured,2,1,20260824,10000,4,16,spread,32,813d583e534cb953a3ffc9c536c0b901ae0b9d647909c4b21f11e00dab7f29bc,merkle,merkle,0,260.777,28.634900000000002,1.6252,24.029,2887680,450000,6.417066666666667,2437680,,not sampled,,45346816,"external parent process-tree RSS sampler (psutil, 10 ms; isolated trial)",812,tree node pairs,64,True,,3.14.3,Windows-11-10.0.26200-SP0,
b7a4ec7b610742d9b827f43fd5092fe2,2026-09-23T07:14:58.984712+00:00,calibration,calibration-c16,Revon-log calibration,ok,measured,2,2,20260824,10000,4,16,spread,32,813d583e534cb953a3ffc9c536c0b901ae0b9d647909c4b21f11e00dab7f29bc,log,log,0,254.3032,22.75945,0.6185,15.2236,2887680,450000,6.417066666666667,2437680,,not applicable,,45350912,"external parent process-tree RSS sampler (psutil, 10 ms; isolated trial)",64,log operations,64,True,,3.14.3,Windows-11-10.0.26200-SP0,
b7a4ec7b610742d9b827f43fd5092fe2,2026-09-23T07:14:59.668612+00:00,calibration,calibration-c16,Revon-log calibration,ok,measured,3,1,20260824,10000,4,16,spread,32,813d583e534cb953a3ffc9c536c0b901ae0b9d647909c4b21f11e00dab7f29bc,log,log,0,160.01,16.45435,0.3203,11.7052,2895872,450000,6.435271111111111,2445872,,not applicable,,45236224,"external parent process-tree RSS sampler (psutil, 10 ms; isolated trial)",64,log operations,64,True,,3.14.3,Windows-11-10.0.26200-SP0,
b7a4ec7b610742d9b827f43fd5092fe2,2026-09-23T07:15:00.436989+00:00,calibration,calibration-c16,Revon-M (forced Merkle),ok,measured,3,2,20260824,10000,4,16,spread,32,813d583e534cb953a3ffc9c536c0b901ae0b9d647909c4b21f11e00dab7f29bc,merkle,merkle,0,191.805,17.11455,0.9845,12.1181,2899968,450000,6.444373333333333,2449968,,not sampled,,45015040,"external parent process-tree RSS sampler (psutil, 10 ms; isolated trial)",812,tree node pairs,64,True,,3.14.3,Windows-11-10.0.26200-SP0,
b7a4ec7b610742d9b827f43fd5092fe2,2026-09-23T07:15:01.590468+00:00,calibration,calibration-c16,Revon-M (forced Merkle),ok,measured,4,1,20260824,10000,4,16,spread,32,813d583e534cb953a3ffc9c536c0b901ae0b9d647909c4b21f11e00dab7f29bc,merkle,merkle,0,352.8422,21.4863,0.8744,14.9911,2895872,450000,6.435271111111111,2445872,,not sampled,,45072384,"external parent process-tree RSS sampler (psutil, 10 ms; isolated trial)",812,tree node pairs,64,True,,3.14.3,Windows-11-10.0.26200-SP0,
b7a4ec7b610742d9b827f43fd5092fe2,2026-09-23T07:15:02.498147+00:00,calibration,calibration-c16,Revon-log calibration,ok,measured,4,2,20260824,10000,4,16,spread,32,813d583e534cb953a3ffc9c536c0b901ae0b9d647909c4b21f11e00dab7f29bc,log,log,0,261.6277,19.410850000000003,0.3586,13.3414,2887680,450000,6.417066666666667,2437680,,not applicable,,45461504,"external parent process-tree RSS sampler (psutil, 10 ms; isolated trial)",64,log operations,64,True,,3.14.3,Windows-11-10.0.26200-SP0,
b7a4ec7b610742d9b827f43fd5092fe2,2026-09-23T07:15:03.314085+00:00,calibration,calibration-c16,Revon-log calibration,ok,measured,5,1,20260824,10000,4,16,spread,32,813d583e534cb953a3ffc9c536c0b901ae0b9d647909c4b21f11e00dab7f29bc,log,log,0,195.6752,21.795949999999998,0.3978,14.2381,2895872,450000,6.435271111111111,2445872,,not applicable,,45584384,"external parent process-tree RSS sampler (psutil, 10 ms; isolated trial)",64,log operations,64,True,,3.14.3,Windows-11-10.0.26200-SP0,
b7a4ec7b610742d9b827f43fd5092fe2,2026-09-23T07:15:04.271062+00:00,calibration,calibration-c16,Revon-M (forced Merkle),ok,measured,5,2,20260824,10000,4,16,spread,32,813d583e534cb953a3ffc9c536c0b901ae0b9d647909c4b21f11e00dab7f29bc,merkle,merkle,0,371.7964,20.2697,0.8761,15.7618,2895872,450000,6.435271111111111,2445872,,not sampled,,45473792,"external parent process-tree RSS sampler (psutil, 10 ms; isolated trial)",812,tree node pairs,64,True,,3.14.3,Windows-11-10.0.26200-SP0,
b7a4ec7b610742d9b827f43fd5092fe2,2026-09-23T07:15:05.043188+00:00,calibration,calibration-c16,Revon-M (forced Merkle),ok,measured,6,1,20260824,10000,4,16,spread,32,813d583e534cb953a3ffc9c536c0b901ae0b9d647909c4b21f11e00dab7f29bc,merkle,merkle,0,199.9175,18.1402,1.6434,14.5734,2891776,450000,6.426168888888889,2441776,,not sampled,,45146112,"external parent process-tree RSS sampler (psutil, 10 ms; isolated trial)",812,tree node pairs,64,True,,3.14.3,Windows-11-10.0.26200-SP0,
b7a4ec7b610742d9b827f43fd5092fe2,2026-09-23T07:15:05.937110+00:00,calibration,calibration-c16,Revon-log calibration,ok,measured,6,2,20260824,10000,4,16,spread,32,813d583e534cb953a3ffc9c536c0b901ae0b9d647909c4b21f11e00dab7f29bc,log,log,0,199.8631,16.975099999999998,0.6305,13.3936,2891776,450000,6.426168888888889,2441776,,not applicable,,44974080,"external parent process-tree RSS sampler (psutil, 10 ms; isolated trial)",64,log operations,64,True,,3.14.3,Windows-11-10.0.26200-SP0,
b7a4ec7b610742d9b827f43fd5092fe2,2026-09-23T07:15:06.826738+00:00,calibration,calibration-c16,Revon-log calibration,ok,measured,7,1,20260824,10000,4,16,spread,32,813d583e534cb953a3ffc9c536c0b901ae0b9d647909c4b21f11e00dab7f29bc,log,log,0,171.7611,15.2345,0.3303,11.6022,2887680,450000,6.417066666666667,2437680,,not applicable,,45203456,"external parent process-tree RSS sampler (psutil, 10 ms; isolated trial)",64,log operations,64,True,,3.14.3,Windows-11-10.0.26200-SP0,
b7a4ec7b610742d9b827f43fd5092fe2,2026-09-23T07:15:07.500074+00:00,calibration,calibration-c16,Revon-M (forced Merkle),ok,measured,7,2,20260824,10000,4,16,spread,32,813d583e534cb953a3ffc9c536c0b901ae0b9d647909c4b21f11e00dab7f29bc,merkle,merkle,0,153.3674,15.10755,0.7357,10.3482,2887680,450000,6.417066666666667,2437680,,not sampled,,45314048,"external parent process-tree RSS sampler (psutil, 10 ms; isolated trial)",812,tree node pairs,64,True,,3.14.3,Windows-11-10.0.26200-SP0,
b7a4ec7b610742d9b827f43fd5092fe2,2026-09-23T07:15:08.285164+00:00,calibration,calibration-c64,Revon-M (forced Merkle),ok,warmup,1,1,20260825,10000,4,64,spread,32,9a38158292f473ea28015b96280016786a698df71330b20a4d808c0ec2ea179c,merkle,merkle,0,144.4838,22.0574,2.1327,10.0038,3207168,450000,7.12704,2757168,,not sampled,,45785088,"external parent process-tree RSS sampler (psutil, 10 ms; isolated trial)",2057,tree node pairs,256,True,,3.14.3,Windows-11-10.0.26200-SP0,
b7a4ec7b610742d9b827f43fd5092fe2,2026-09-23T07:15:09.558094+00:00,calibration,calibration-c64,Revon-log calibration,ok,warmup,1,2,20260825,10000,4,64,spread,32,9a38158292f473ea28015b96280016786a698df71330b20a4d808c0ec2ea179c,log,log,0,688.3825,26.21775,0.9585,11.7395,3211264,450000,7.136142222222222,2761264,,not applicable,,46264320,"external parent process-tree RSS sampler (psutil, 10 ms; isolated trial)",256,log operations,256,True,,3.14.3,Windows-11-10.0.26200-SP0,
b7a4ec7b610742d9b827f43fd5092fe2,2026-09-23T07:15:10.247950+00:00,calibration,calibration-c64,Revon-log calibration,ok,warmup,2,1,20260825,10000,4,64,spread,32,9a38158292f473ea28015b96280016786a698df71330b20a4d808c0ec2ea179c,log,log,0,146.4522,22.029449999999997,0.9236,9.1644,3207168,450000,7.12704,2757168,,not applicable,,45809664,"external parent process-tree RSS sampler (psutil, 10 ms; isolated trial)",256,log operations,256,True,,3.14.3,Windows-11-10.0.26200-SP0,
b7a4ec7b610742d9b827f43fd5092fe2,2026-09-23T07:15:11.078608+00:00,calibration,calibration-c64,Revon-M (forced Merkle),ok,warmup,2,2,20260825,10000,4,64,spread,32,9a38158292f473ea28015b96280016786a698df71330b20a4d808c0ec2ea179c,merkle,merkle,0,190.2538,32.935100000000006,2.4681,13.081,3223552,450000,7.1634488888888885,2773552,,not sampled,,46043136,"external parent process-tree RSS sampler (psutil, 10 ms; isolated trial)",2057,tree node pairs,256,True,,3.14.3,Windows-11-10.0.26200-SP0,
b7a4ec7b610742d9b827f43fd5092fe2,2026-09-23T07:15:11.825121+00:00,calibration,calibration-c64,Revon-log calibration,ok,measured,1,1,20260825,10000,4,64,spread,32,9a38158292f473ea28015b96280016786a698df71330b20a4d808c0ec2ea179c,log,log,0,176.2022,24.65635,1.0018,16.8779,3219456,450000,7.154346666666667,2769456,,not applicable,,46202880,"external parent process-tree RSS sampler (psutil, 10 ms; isolated trial)",256,log operations,256,True,,3.14.3,Windows-11-10.0.26200-SP0,
b7a4ec7b610742d9b827f43fd5092fe2,2026-09-23T07:15:12.651000+00:00,calibration,calibration-c64,Revon-M (forced Merkle),ok,measured,1,2,20260825,10000,4,64,spread,32,9a38158292f473ea28015b96280016786a698df71330b20a4d808c0ec2ea179c,merkle,merkle,0,163.0188,28.12475,3.8414,11.2255,3219456,450000,7.154346666666667,2769456,,not sampled,,46518272,"external parent process-tree RSS sampler (psutil, 10 ms; isolated trial)",2057,tree node pairs,256,True,,3.14.3,Windows-11-10.0.26200-SP0,
b7a4ec7b610742d9b827f43fd5092fe2,2026-09-23T07:15:13.547855+00:00,calibration,calibration-c64,Revon-M (forced Merkle),ok,measured,2,1,20260825,10000,4,64,spread,32,9a38158292f473ea28015b96280016786a698df71330b20a4d808c0ec2ea179c,merkle,merkle,0,188.5343,31.81155,3.341,14.0118,3203072,450000,7.117937777777778,2753072,,not sampled,,46215168,"external parent process-tree RSS sampler (psutil, 10 ms; isolated trial)",2057,tree node pairs,256,True,,3.14.3,Windows-11-10.0.26200-SP0,
b7a4ec7b610742d9b827f43fd5092fe2,2026-09-23T07:15:14.421512+00:00,calibration,calibration-c64,Revon-log calibration,ok,measured,2,2,20260825,10000,4,64,spread,32,9a38158292f473ea28015b96280016786a698df71330b20a4d808c0ec2ea179c,log,log,0,174.293,21.813299999999998,0.933,15.0966,3190784,450000,7.0906311111111116,2740784,,not applicable,,45875200,"external parent process-tree RSS sampler (psutil, 10 ms; isolated trial)",256,log operations,256,True,,3.14.3,Windows-11-10.0.26200-SP0,
b7a4ec7b610742d9b827f43fd5092fe2,2026-09-23T07:15:15.281653+00:00,calibration,calibration-c64,Revon-log calibration,ok,measured,3,1,20260825,10000,4,64,spread,32,9a38158292f473ea28015b96280016786a698df71330b20a4d808c0ec2ea179c,log,log,0,189.6612,28.027099999999997,1.1005,15.8756,3190784,450000,7.0906311111111116,2740784,,not applicable,,45965312,"external parent process-tree RSS sampler (psutil, 10 ms; isolated trial)",256,log operations,256,True,,3.14.3,Windows-11-10.0.26200-SP0,
b7a4ec7b610742d9b827f43fd5092fe2,2026-09-23T07:15:16.220237+00:00,calibration,calibration-c64,Revon-M (forced Merkle),ok,measured,3,2,20260825,10000,4,64,spread,32,9a38158292f473ea28015b96280016786a698df71330b20a4d808c0ec2ea179c,merkle,merkle,0,207.6701,31.27115,3.0061,14.9731,3194880,450000,7.099733333333333,2744880,,not sampled,,46702592,"external parent process-tree RSS sampler (psutil, 10 ms; isolated trial)",2057,tree node pairs,256,True,,3.14.3,Windows-11-10.0.26200-SP0,
b7a4ec7b610742d9b827f43fd5092fe2,2026-09-23T07:15:16.980533+00:00,calibration,calibration-c64,Revon-M (forced Merkle),ok,measured,4,1,20260825,10000,4,64,spread,32,9a38158292f473ea28015b96280016786a698df71330b20a4d808c0ec2ea179c,merkle,merkle,0,164.0653,26.34845,2.2558,12.3148,3207168,450000,7.12704,2757168,,not sampled,,45846528,"external parent process-tree RSS sampler (psutil, 10 ms; isolated trial)",2057,tree node pairs,256,True,,3.14.3,Windows-11-10.0.26200-SP0,
b7a4ec7b610742d9b827f43fd5092fe2,2026-09-23T07:15:17.714153+00:00,calibration,calibration-c64,Revon-log calibration,ok,measured,4,2,20260825,10000,4,64,spread,32,9a38158292f473ea28015b96280016786a698df71330b20a4d808c0ec2ea179c,log,log,0,163.0519,20.9965,0.9331,9.6921,3207168,450000,7.12704,2757168,,not applicable,,46534656,"external parent process-tree RSS sampler (psutil, 10 ms; isolated trial)",256,log operations,256,True,,3.14.3,Windows-11-10.0.26200-SP0,
b7a4ec7b610742d9b827f43fd5092fe2,2026-09-23T07:15:18.676172+00:00,calibration,calibration-c64,Revon-log calibration,ok,measured,5,1,20260825,10000,4,64,spread,32,9a38158292f473ea28015b96280016786a698df71330b20a4d808c0ec2ea179c,log,log,0,269.5975,29.83345,0.9872,11.2875,3215360,450000,7.145244444444445,2765360,,not applicable,,46505984,"external parent process-tree RSS sampler (psutil, 10 ms; isolated trial)",256,log operations,256,True,,3.14.3,Windows-11-10.0.26200-SP0,
b7a4ec7b610742d9b827f43fd5092fe2,2026-09-23T07:15:20.225858+00:00,calibration,calibration-c64,Revon-M (forced Merkle),ok,measured,5,2,20260825,10000,4,64,spread,32,9a38158292f473ea28015b96280016786a698df71330b20a4d808c0ec2ea179c,merkle,merkle,0,281.7003,31.4416,2.6401,11.0325,3198976,450000,7.108835555555555,2748976,,not sampled,,46346240,"external parent process-tree RSS sampler (psutil, 10 ms; isolated trial)",2057,tree node pairs,256,True,,3.14.3,Windows-11-10.0.26200-SP0,
b7a4ec7b610742d9b827f43fd5092fe2,2026-09-23T07:15:21.277825+00:00,calibration,calibration-c64,Revon-M (forced Merkle),ok,measured,6,1,20260825,10000,4,64,spread,32,9a38158292f473ea28015b96280016786a698df71330b20a4d808c0ec2ea179c,merkle,merkle,0,299.0623,30.92725,3.0853,13.93,3215360,450000,7.145244444444445,2765360,,not sampled,,45838336,"external parent process-tree RSS sampler (psutil, 10 ms; isolated trial)",2057,tree node pairs,256,True,,3.14.3,Windows-11-10.0.26200-SP0,
b7a4ec7b610742d9b827f43fd5092fe2,2026-09-23T07:15:22.236231+00:00,calibration,calibration-c64,Revon-log calibration,ok,measured,6,2,20260825,10000,4,64,spread,32,9a38158292f473ea28015b96280016786a698df71330b20a4d808c0ec2ea179c,log,log,0,177.3504,42.8708,1.1193,16.9664,3239936,450000,7.199857777777778,2789936,,not applicable,,46362624,"external parent process-tree RSS sampler (psutil, 10 ms; isolated trial)",256,log operations,256,True,,3.14.3,Windows-11-10.0.26200-SP0,
b7a4ec7b610742d9b827f43fd5092fe2,2026-09-23T07:15:23.490812+00:00,calibration,calibration-c64,Revon-log calibration,ok,measured,7,1,20260825,10000,4,64,spread,32,9a38158292f473ea28015b96280016786a698df71330b20a4d808c0ec2ea179c,log,log,0,401.5637,38.5315,1.0931,12.1334,3219456,450000,7.154346666666667,2769456,,not applicable,,46034944,"external parent process-tree RSS sampler (psutil, 10 ms; isolated trial)",256,log operations,256,True,,3.14.3,Windows-11-10.0.26200-SP0,
b7a4ec7b610742d9b827f43fd5092fe2,2026-09-23T07:15:24.650886+00:00,calibration,calibration-c64,Revon-M (forced Merkle),ok,measured,7,2,20260825,10000,4,64,spread,32,9a38158292f473ea28015b96280016786a698df71330b20a4d808c0ec2ea179c,merkle,merkle,0,278.2277,37.2193,5.0725,16.432,3219456,450000,7.154346666666667,2769456,,not sampled,,46551040,"external parent process-tree RSS sampler (psutil, 10 ms; isolated trial)",2057,tree node pairs,256,True,,3.14.3,Windows-11-10.0.26200-SP0,
b7a4ec7b610742d9b827f43fd5092fe2,2026-09-23T07:15:25.880678+00:00,calibration,calibration-c256,Revon-M (forced Merkle),ok,warmup,1,1,20260826,10000,4,256,spread,32,bc2d8512136ee6c77f822c3c481d8605812da56cedec897a9558db6865c84608,merkle,merkle,0,219.1494,68.36125,9.3315,12.7089,4087808,450000,9.084017777777778,3637808,,not sampled,,47951872,"external parent process-tree RSS sampler (psutil, 10 ms; isolated trial)",3744,tree node pairs,990,True,,3.14.3,Windows-11-10.0.26200-SP0,
b7a4ec7b610742d9b827f43fd5092fe2,2026-09-23T07:15:26.754570+00:00,calibration,calibration-c256,Revon-log calibration,ok,warmup,1,2,20260826,10000,4,256,spread,32,bc2d8512136ee6c77f822c3c481d8605812da56cedec897a9558db6865c84608,log,log,0,180.5384,50.045500000000004,6.3387,10.9268,4079616,450000,9.065813333333333,3629616,,not applicable,,47497216,"external parent process-tree RSS sampler (psutil, 10 ms; isolated trial)",1024,log operations,990,True,,3.14.3,Windows-11-10.0.26200-SP0,
b7a4ec7b610742d9b827f43fd5092fe2,2026-09-23T07:15:27.773068+00:00,calibration,calibration-c256,Revon-log calibration,ok,warmup,2,1,20260826,10000,4,256,spread,32,bc2d8512136ee6c77f822c3c481d8605812da56cedec897a9558db6865c84608,log,log,0,188.0926,64.78895,7.2847,13.1664,4116480,450000,9.147733333333333,3666480,,not applicable,,47452160,"external parent process-tree RSS sampler (psutil, 10 ms; isolated trial)",1024,log operations,990,True,,3.14.3,Windows-11-10.0.26200-SP0,
b7a4ec7b610742d9b827f43fd5092fe2,2026-09-23T07:15:28.821124+00:00,calibration,calibration-c256,Revon-M (forced Merkle),ok,warmup,2,2,20260826,10000,4,256,spread,32,bc2d8512136ee6c77f822c3c481d8605812da56cedec897a9558db6865c84608,merkle,merkle,0,198.3636,60.6161,11.3068,10.9253,4079616,450000,9.065813333333333,3629616,,not sampled,,47157248,"external parent process-tree RSS sampler (psutil, 10 ms; isolated trial)",3744,tree node pairs,990,True,,3.14.3,Windows-11-10.0.26200-SP0,
b7a4ec7b610742d9b827f43fd5092fe2,2026-09-23T07:15:30.069731+00:00,calibration,calibration-c256,Revon-log calibration,ok,measured,1,1,20260826,10000,4,256,spread,32,bc2d8512136ee6c77f822c3c481d8605812da56cedec897a9558db6865c84608,log,log,0,163.0966,89.72865,6.3214,11.7957,4096000,450000,9.102222222222222,3646000,,not applicable,,47263744,"external parent process-tree RSS sampler (psutil, 10 ms; isolated trial)",1024,log operations,990,True,,3.14.3,Windows-11-10.0.26200-SP0,
b7a4ec7b610742d9b827f43fd5092fe2,2026-09-23T07:15:30.891515+00:00,calibration,calibration-c256,Revon-M (forced Merkle),ok,measured,1,2,20260826,10000,4,256,spread,32,bc2d8512136ee6c77f822c3c481d8605812da56cedec897a9558db6865c84608,merkle,merkle,0,173.5326,45.6127,9.1198,12.0411,4071424,450000,9.047608888888888,3621424,,not sampled,,47611904,"external parent process-tree RSS sampler (psutil, 10 ms; isolated trial)",3744,tree node pairs,990,True,,3.14.3,Windows-11-10.0.26200-SP0,
b7a4ec7b610742d9b827f43fd5092fe2,2026-09-23T07:15:31.815050+00:00,calibration,calibration-c256,Revon-M (forced Merkle),ok,measured,2,1,20260826,10000,4,256,spread,32,bc2d8512136ee6c77f822c3c481d8605812da56cedec897a9558db6865c84608,merkle,merkle,0,169.9978,63.73525,12.2708,11.0822,4075520,450000,9.056711111111111,3625520,,not sampled,,47173632,"external parent process-tree RSS sampler (psutil, 10 ms; isolated trial)",3744,tree node pairs,990,True,,3.14.3,Windows-11-10.0.26200-SP0,
b7a4ec7b610742d9b827f43fd5092fe2,2026-09-23T07:15:32.833317+00:00,calibration,calibration-c256,Revon-log calibration,ok,measured,2,2,20260826,10000,4,256,spread,32,bc2d8512136ee6c77f822c3c481d8605812da56cedec897a9558db6865c84608,log,log,0,153.0164,61.1224,6.2736,9.8615,4071424,450000,9.047608888888888,3621424,,not applicable,,47267840,"external parent process-tree RSS sampler (psutil, 10 ms; isolated trial)",1024,log operations,990,True,,3.14.3,Windows-11-10.0.26200-SP0,
b7a4ec7b610742d9b827f43fd5092fe2,2026-09-23T07:15:33.856665+00:00,calibration,calibration-c256,Revon-log calibration,ok,measured,3,1,20260826,10000,4,256,spread,32,bc2d8512136ee6c77f822c3c481d8605812da56cedec897a9558db6865c84608,log,log,0,165.8353,66.7354,6.0241,16.3805,4079616,450000,9.065813333333333,3629616,,not applicable,,47607808,"external parent process-tree RSS sampler (psutil, 10 ms; isolated trial)",1024,log operations,990,True,,3.14.3,Windows-11-10.0.26200-SP0,
b7a4ec7b610742d9b827f43fd5092fe2,2026-09-23T07:15:34.836072+00:00,calibration,calibration-c256,Revon-M (forced Merkle),ok,measured,3,2,20260826,10000,4,256,spread,32,bc2d8512136ee6c77f822c3c481d8605812da56cedec897a9558db6865c84608,merkle,merkle,0,188.209,56.1238,14.8318,12.8851,4083712,450000,9.074915555555556,3633712,,not sampled,,47403008,"external parent process-tree RSS sampler (psutil, 10 ms; isolated trial)",3744,tree node pairs,990,True,,3.14.3,Windows-11-10.0.26200-SP0,
b7a4ec7b610742d9b827f43fd5092fe2,2026-09-23T07:15:36.091873+00:00,calibration,calibration-c256,Revon-M (forced Merkle),ok,measured,4,1,20260826,10000,4,256,spread,32,bc2d8512136ee6c77f822c3c481d8605812da56cedec897a9558db6865c84608,merkle,merkle,0,187.6199,65.08495,9.7669,13.0287,4087808,450000,9.084017777777778,3637808,,not sampled,,47353856,"external parent process-tree RSS sampler (psutil, 10 ms; isolated trial)",3744,tree node pairs,990,True,,3.14.3,Windows-11-10.0.26200-SP0,
b7a4ec7b610742d9b827f43fd5092fe2,2026-09-23T07:15:37.144358+00:00,calibration,calibration-c256,Revon-log calibration,ok,measured,4,2,20260826,10000,4,256,spread,32,bc2d8512136ee6c77f822c3c481d8605812da56cedec897a9558db6865c84608,log,log,0,208.0197,49.50605,5.762,10.4457,4079616,450000,9.065813333333333,3629616,,not applicable,,46727168,"external parent process-tree RSS sampler (psutil, 10 ms; isolated trial)",1024,log operations,990,True,,3.14.3,Windows-11-10.0.26200-SP0,
b7a4ec7b610742d9b827f43fd5092fe2,2026-09-23T07:15:38.105127+00:00,calibration,calibration-c256,Revon-log calibration,ok,measured,5,1,20260826,10000,4,256,spread,32,bc2d8512136ee6c77f822c3c481d8605812da56cedec897a9558db6865c84608,log,log,0,186.7638,54.9096,7.0416,10.834,4079616,450000,9.065813333333333,3629616,,not applicable,,47382528,"external parent process-tree RSS sampler (psutil, 10 ms; isolated trial)",1024,log operations,990,True,,3.14.3,Windows-11-10.0.26200-SP0,
b7a4ec7b610742d9b827f43fd5092fe2,2026-09-23T07:15:39.064353+00:00,calibration,calibration-c256,Revon-M (forced Merkle),ok,measured,5,2,20260826,10000,4,256,spread,32,bc2d8512136ee6c77f822c3c481d8605812da56cedec897a9558db6865c84608,merkle,merkle,0,213.0742,58.092299999999994,10.4707,10.7155,4104192,450000,9.120426666666667,3654192,,not sampled,,47136768,"external parent process-tree RSS sampler (psutil, 10 ms; isolated trial)",3744,tree node pairs,990,True,,3.14.3,Windows-11-10.0.26200-SP0,
b7a4ec7b610742d9b827f43fd5092fe2,2026-09-23T07:15:40.059458+00:00,calibration,calibration-c256,Revon-M (forced Merkle),ok,measured,6,1,20260826,10000,4,256,spread,32,bc2d8512136ee6c77f822c3c481d8605812da56cedec897a9558db6865c84608,merkle,merkle,0,179.401,53.419349999999994,11.7103,11.9488,4083712,450000,9.074915555555556,3633712,,not sampled,,47235072,"external parent process-tree RSS sampler (psutil, 10 ms; isolated trial)",3744,tree node pairs,990,True,,3.14.3,Windows-11-10.0.26200-SP0,
b7a4ec7b610742d9b827f43fd5092fe2,2026-09-23T07:15:41.208069+00:00,calibration,calibration-c256,Revon-log calibration,ok,measured,6,2,20260826,10000,4,256,spread,32,bc2d8512136ee6c77f822c3c481d8605812da56cedec897a9558db6865c84608,log,log,0,233.4494,73.5003,7.5821,14.8332,4075520,450000,9.056711111111111,3625520,,not applicable,,47226880,"external parent process-tree RSS sampler (psutil, 10 ms; isolated trial)",1024,log operations,990,True,,3.14.3,Windows-11-10.0.26200-SP0,
b7a4ec7b610742d9b827f43fd5092fe2,2026-09-23T07:15:42.442178+00:00,calibration,calibration-c256,Revon-log calibration,ok,measured,7,1,20260826,10000,4,256,spread,32,bc2d8512136ee6c77f822c3c481d8605812da56cedec897a9558db6865c84608,log,log,0,175.905,61.535199999999996,11.9696,13.0904,4100096,450000,9.111324444444444,3650096,,not applicable,,47566848,"external parent process-tree RSS sampler (psutil, 10 ms; isolated trial)",1024,log operations,990,True,,3.14.3,Windows-11-10.0.26200-SP0,
b7a4ec7b610742d9b827f43fd5092fe2,2026-09-23T07:15:43.484688+00:00,calibration,calibration-c256,Revon-M (forced Merkle),ok,measured,7,2,20260826,10000,4,256,spread,32,bc2d8512136ee6c77f822c3c481d8605812da56cedec897a9558db6865c84608,merkle,merkle,0,211.5989,56.513149999999996,15.2598,17.135,4071424,450000,9.047608888888888,3621424,,not sampled,,47083520,"external parent process-tree RSS sampler (psutil, 10 ms; isolated trial)",3744,tree node pairs,990,True,,3.14.3,Windows-11-10.0.26200-SP0,
b7a4ec7b610742d9b827f43fd5092fe2,2026-09-23T07:15:45.527171+00:00,calibration,calibration-c1024,Revon-M (forced Merkle),ok,warmup,1,1,20260827,10000,4,1024,spread,32,4d5800fe5848a6636a2019c87d4c4a7b6e0a11d38079de1bc5543c336965b7c1,merkle,merkle,0,267.7829,157.039,37.1635,16.5807,6041600,450000,13.425777777777778,5591600,,not sampled,,53215232,"external parent process-tree RSS sampler (psutil, 10 ms; isolated trial)",4299,tree node pairs,3528,True,,3.14.3,Windows-11-10.0.26200-SP0,
b7a4ec7b610742d9b827f43fd5092fe2,2026-09-23T07:15:47.114572+00:00,calibration,calibration-c1024,Revon-log calibration,ok,warmup,1,2,20260827,10000,4,1024,spread,32,4d5800fe5848a6636a2019c87d4c4a7b6e0a11d38079de1bc5543c336965b7c1,log,log,0,187.7527,126.81184999999999,20.7415,13.7894,6049792,450000,13.443982222222223,5599792,,not applicable,,52654080,"external parent process-tree RSS sampler (psutil, 10 ms; isolated trial)",4096,log operations,3528,True,,3.14.3,Windows-11-10.0.26200-SP0,
b7a4ec7b610742d9b827f43fd5092fe2,2026-09-23T07:15:48.444439+00:00,calibration,calibration-c1024,Revon-log calibration,ok,warmup,2,1,20260827,10000,4,1024,spread,32,4d5800fe5848a6636a2019c87d4c4a7b6e0a11d38079de1bc5543c336965b7c1,log,log,0,162.6252,84.31405000000001,25.7195,19.3177,6049792,450000,13.443982222222223,5599792,,not applicable,,52224000,"external parent process-tree RSS sampler (psutil, 10 ms; isolated trial)",4096,log operations,3528,True,,3.14.3,Windows-11-10.0.26200-SP0,
b7a4ec7b610742d9b827f43fd5092fe2,2026-09-23T07:15:49.817418+00:00,calibration,calibration-c1024,Revon-M (forced Merkle),ok,warmup,2,2,20260827,10000,4,1024,spread,32,4d5800fe5848a6636a2019c87d4c4a7b6e0a11d38079de1bc5543c336965b7c1,merkle,merkle,0,193.5685,103.65865,33.092,13.7819,6066176,450000,13.48039111111111,5616176,,not sampled,,52101120,"external parent process-tree RSS sampler (psutil, 10 ms; isolated trial)",4299,tree node pairs,3528,True,,3.14.3,Windows-11-10.0.26200-SP0,
b7a4ec7b610742d9b827f43fd5092fe2,2026-09-23T07:15:51.401633+00:00,calibration,calibration-c1024,Revon-M (forced Merkle),ok,measured,1,1,20260827,10000,4,1024,spread,32,4d5800fe5848a6636a2019c87d4c4a7b6e0a11d38079de1bc5543c336965b7c1,merkle,merkle,0,245.8257,118.46045,33.7011,17.4133,6025216,450000,13.389368888888889,5575216,,not sampled,,52678656,"external parent process-tree RSS sampler (psutil, 10 ms; isolated trial)",4299,tree node pairs,3528,True,,3.14.3,Windows-11-10.0.26200-SP0,
b7a4ec7b610742d9b827f43fd5092fe2,2026-09-23T07:15:53.047323+00:00,calibration,calibration-c1024,Revon-log calibration,ok,measured,1,2,20260827,10000,4,1024,spread,32,4d5800fe5848a6636a2019c87d4c4a7b6e0a11d38079de1bc5543c336965b7c1,log,log,0,264.4094,137.44240000000002,32.8968,25.5794,6029312,450000,13.39847111111111,5579312,,not applicable,,51953664,"external parent process-tree RSS sampler (psutil, 10 ms; isolated trial)",4096,log operations,3528,True,,3.14.3,Windows-11-10.0.26200-SP0,
b7a4ec7b610742d9b827f43fd5092fe2,2026-09-23T07:15:54.540884+00:00,calibration,calibration-c1024,Revon-log calibration,ok,measured,2,1,20260827,10000,4,1024,spread,32,4d5800fe5848a6636a2019c87d4c4a7b6e0a11d38079de1bc5543c336965b7c1,log,log,0,236.1983,96.73910000000001,24.4131,26.0348,6086656,450000,13.525902222222221,5636656,,not applicable,,52469760,"external parent process-tree RSS sampler (psutil, 10 ms; isolated trial)",4096,log operations,3528,True,,3.14.3,Windows-11-10.0.26200-SP0,
b7a4ec7b610742d9b827f43fd5092fe2,2026-09-23T07:15:56.450280+00:00,calibration,calibration-c1024,Revon-M (forced Merkle),ok,measured,2,2,20260827,10000,4,1024,spread,32,4d5800fe5848a6636a2019c87d4c4a7b6e0a11d38079de1bc5543c336965b7c1,merkle,merkle,0,239.6791,141.49040000000002,28.6765,12.9977,6033408,450000,13.407573333333334,5583408,,not sampled,,52797440,"external parent process-tree RSS sampler (psutil, 10 ms; isolated trial)",4299,tree node pairs,3528,True,,3.14.3,Windows-11-10.0.26200-SP0,
b7a4ec7b610742d9b827f43fd5092fe2,2026-09-23T07:15:57.737225+00:00,calibration,calibration-c1024,Revon-M (forced Merkle),ok,measured,3,1,20260827,10000,4,1024,spread,32,4d5800fe5848a6636a2019c87d4c4a7b6e0a11d38079de1bc5543c336965b7c1,merkle,merkle,0,174.7789,101.9448,38.4366,24.0603,6025216,450000,13.389368888888889,5575216,,not sampled,,52883456,"external parent process-tree RSS sampler (psutil, 10 ms; isolated trial)",4299,tree node pairs,3528,True,,3.14.3,Windows-11-10.0.26200-SP0,
b7a4ec7b610742d9b827f43fd5092fe2,2026-09-23T07:15:58.979236+00:00,calibration,calibration-c1024,Revon-log calibration,ok,measured,3,2,20260827,10000,4,1024,spread,32,4d5800fe5848a6636a2019c87d4c4a7b6e0a11d38079de1bc5543c336965b7c1,log,log,0,158.0571,87.15015,18.8077,16.4253,6053888,450000,13.453084444444444,5603888,,not applicable,,53108736,"external parent process-tree RSS sampler (psutil, 10 ms; isolated trial)",4096,log operations,3528,True,,3.14.3,Windows-11-10.0.26200-SP0,
b7a4ec7b610742d9b827f43fd5092fe2,2026-09-23T07:16:00.868960+00:00,calibration,calibration-c1024,Revon-log calibration,ok,measured,4,1,20260827,10000,4,1024,spread,32,4d5800fe5848a6636a2019c87d4c4a7b6e0a11d38079de1bc5543c336965b7c1,log,log,0,199.4223,147.8716,19.3444,19.5663,6049792,450000,13.443982222222223,5599792,,not applicable,,52322304,"external parent process-tree RSS sampler (psutil, 10 ms; isolated trial)",4096,log operations,3528,True,,3.14.3,Windows-11-10.0.26200-SP0,
b7a4ec7b610742d9b827f43fd5092fe2,2026-09-23T07:16:02.353274+00:00,calibration,calibration-c1024,Revon-M (forced Merkle),ok,measured,4,2,20260827,10000,4,1024,spread,32,4d5800fe5848a6636a2019c87d4c4a7b6e0a11d38079de1bc5543c336965b7c1,merkle,merkle,0,277.7586,149.39615,22.788,11.1435,6033408,450000,13.407573333333334,5583408,,not sampled,,52932608,"external parent process-tree RSS sampler (psutil, 10 ms; isolated trial)",4299,tree node pairs,3528,True,,3.14.3,Windows-11-10.0.26200-SP0,
b7a4ec7b610742d9b827f43fd5092fe2,2026-09-23T07:16:03.729668+00:00,calibration,calibration-c1024,Revon-M (forced Merkle),ok,measured,5,1,20260827,10000,4,1024,spread,32,4d5800fe5848a6636a2019c87d4c4a7b6e0a11d38079de1bc5543c336965b7c1,merkle,merkle,0,177.2996,103.5912,35.5986,29.107,6057984,450000,13.462186666666666,5607984,,not sampled,,52121600,"external parent process-tree RSS sampler (psutil, 10 ms; isolated trial)",4299,tree node pairs,3528,True,,3.14.3,Windows-11-10.0.26200-SP0,
b7a4ec7b610742d9b827f43fd5092fe2,2026-09-23T07:16:05.295863+00:00,calibration,calibration-c1024,Revon-log calibration,ok,measured,5,2,20260827,10000,4,1024,spread,32,4d5800fe5848a6636a2019c87d4c4a7b6e0a11d38079de1bc5543c336965b7c1,log,log,0,288.1366,115.37895,16.6203,15.9449,6025216,450000,13.389368888888889,5575216,,not applicable,,52871168,"external parent process-tree RSS sampler (psutil, 10 ms; isolated trial)",4096,log operations,3528,True,,3.14.3,Windows-11-10.0.26200-SP0,
b7a4ec7b610742d9b827f43fd5092fe2,2026-09-23T07:16:06.481707+00:00,calibration,calibration-c1024,Revon-log calibration,ok,measured,6,1,20260827,10000,4,1024,spread,32,4d5800fe5848a6636a2019c87d4c4a7b6e0a11d38079de1bc5543c336965b7c1,log,log,0,162.0586,78.18245,24.6132,14.2712,6021120,450000,13.380266666666667,5571120,,not applicable,,52973568,"external parent process-tree RSS sampler (psutil, 10 ms; isolated trial)",4096,log operations,3528,True,,3.14.3,Windows-11-10.0.26200-SP0,
b7a4ec7b610742d9b827f43fd5092fe2,2026-09-23T07:16:07.638243+00:00,calibration,calibration-c1024,Revon-M (forced Merkle),ok,measured,6,2,20260827,10000,4,1024,spread,32,4d5800fe5848a6636a2019c87d4c4a7b6e0a11d38079de1bc5543c336965b7c1,merkle,merkle,0,167.826,80.5875,23.0132,10.9282,6017024,450000,13.371164444444444,5567024,,not sampled,,52289536,"external parent process-tree RSS sampler (psutil, 10 ms; isolated trial)",4299,tree node pairs,3528,True,,3.14.3,Windows-11-10.0.26200-SP0,
b7a4ec7b610742d9b827f43fd5092fe2,2026-09-23T07:16:08.854624+00:00,calibration,calibration-c1024,Revon-M (forced Merkle),ok,measured,7,1,20260827,10000,4,1024,spread,32,4d5800fe5848a6636a2019c87d4c4a7b6e0a11d38079de1bc5543c336965b7c1,merkle,merkle,0,150.1154,98.86465,30.4562,13.5282,6029312,450000,13.39847111111111,5579312,,not sampled,,53055488,"external parent process-tree RSS sampler (psutil, 10 ms; isolated trial)",4299,tree node pairs,3528,True,,3.14.3,Windows-11-10.0.26200-SP0,
b7a4ec7b610742d9b827f43fd5092fe2,2026-09-23T07:16:10.039978+00:00,calibration,calibration-c1024,Revon-log calibration,ok,measured,7,2,20260827,10000,4,1024,spread,32,4d5800fe5848a6636a2019c87d4c4a7b6e0a11d38079de1bc5543c336965b7c1,log,log,0,170.5239,96.21225,21.3631,14.5228,6025216,450000,13.389368888888889,5575216,,not applicable,,52834304,"external parent process-tree RSS sampler (psutil, 10 ms; isolated trial)",4096,log operations,3528,True,,3.14.3,Windows-11-10.0.26200-SP0,
b7a4ec7b610742d9b827f43fd5092fe2,2026-09-23T07:16:10.463560+00:00,evaluation,small-sparse,Snapshot,ok,warmup,1,1,20270822,1000,10,10,spread,32,0c7d0c62a33fc0504bb64032e27fd0a6ee3287574615274ec862000f47f28255,full-scan,full-scan,4096,3.4118,3.55275,26.1527,0.9231,561011,45000,12.466911111111111,516011,,not applicable,,30986240,"external parent process-tree RSS sampler (psutil, 10 ms; isolated trial)",1010,keys,95,True,,3.14.3,Windows-11-10.0.26200-SP0,
b7a4ec7b610742d9b827f43fd5092fe2,2026-09-23T07:16:21.408816+00:00,evaluation,small-sparse,Dolt,ok,warmup,1,2,20270822,1000,10,10,spread,32,0c7d0c62a33fc0504bb64032e27fd0a6ee3287574615274ec862000f47f28255,dolt-native,dolt-native,4096,984.2866,757.7168,477.1221,400.3586,376773,45000,8.372733333333333,331773,,not sampled,,143867904,"external parent process-tree RSS sampler (psutil, 10 ms; isolated trial)",,not exposed by Dolt CLI,95,True,,3.14.3,Windows-11-10.0.26200-SP0,dolt version 2.3.1 Warning: you are on an old version of Dolt. The newest version is 2.3.5.
b7a4ec7b610742d9b827f43fd5092fe2,2026-09-23T07:16:21.970505+00:00,evaluation,small-sparse,Log-only,ok,warmup,1,3,20270822,1000,10,10,spread,32,0c7d0c62a33fc0504bb64032e27fd0a6ee3287574615274ec862000f47f28255,operation-log,operation-log,4096,15.4973,2.58215,6.2275,13.0667,64883,45000,1.4418444444444445,19883,,not applicable,,29773824,"external parent process-tree RSS sampler (psutil, 10 ms; isolated trial)",100,operations,95,True,,3.14.3,Windows-11-10.0.26200-SP0,
b7a4ec7b610742d9b827f43fd5092fe2,2026-09-23T07:16:34.779847+00:00,evaluation,small-sparse,Dolt (bulk import),ok,warmup,1,4,20270822,1000,10,10,spread,32,0c7d0c62a33fc0504bb64032e27fd0a6ee3287574615274ec862000f47f28255,dolt-native,dolt-native,4096,855.9183,988.123,498.3552,562.6395,377214,45000,8.382533333333333,332214,,not sampled,,148209664,"external parent process-tree RSS sampler (psutil, 10 ms; isolated trial)",,not exposed by Dolt CLI,95,True,,3.14.3,Windows-11-10.0.26200-SP0,dolt version 2.3.1 Warning: you are on an old version of Dolt. The newest version is 2.3.5.
b7a4ec7b610742d9b827f43fd5092fe2,2026-09-23T07:16:35.551830+00:00,evaluation,small-sparse,Revon-M (forced Merkle),ok,warmup,1,5,20270822,1000,10,10,spread,32,0c7d0c62a33fc0504bb64032e27fd0a6ee3287574615274ec862000f47f28255,merkle,merkle,4096,40.394,13.040849999999999,1.212,1.1456,745472,45000,16.566044444444444,700472,,not sampled,,33320960,"external parent process-tree RSS sampler (psutil, 10 ms; isolated trial)",635,tree node pairs,95,True,,3.14.3,Windows-11-10.0.26200-SP0,
b7a4ec7b610742d9b827f43fd5092fe2,2026-09-23T07:16:36.175160+00:00,evaluation,small-sparse,Revon-H,ok,warmup,1,6,20270822,1000,10,10,spread,32,0c7d0c62a33fc0504bb64032e27fd0a6ee3287574615274ec862000f47f28255,hybrid,log,4096,36.9839,12.1526,0.489,1.8548,745472,45000,16.566044444444444,700472,,not sampled,,33312768,"external parent process-tree RSS sampler (psutil, 10 ms; isolated trial)",100,log operations,95,True,,3.14.3,Windows-11-10.0.26200-SP0,
b7a4ec7b610742d9b827f43fd5092fe2,2026-09-23T07:16:48.191758+00:00,evaluation,small-sparse,Dolt,ok,warmup,2,1,20270822,1000,10,10,spread,32,0c7d0c62a33fc0504bb64032e27fd0a6ee3287574615274ec862000f47f28255,dolt-native,dolt-native,4096,852.8077,866.697,422.6431,343.5378,376814,45000,8.373644444444444,331814,,not sampled,,148738048,"external parent process-tree RSS sampler (psutil, 10 ms; isolated trial)",,not exposed by Dolt CLI,95,True,,3.14.3,Windows-11-10.0.26200-SP0,dolt version 2.3.1 Warning: you are on an old version of Dolt. The newest version is 2.3.5.
b7a4ec7b610742d9b827f43fd5092fe2,2026-09-23T07:16:48.785354+00:00,evaluation,small-sparse,Log-only,ok,warmup,2,2,20270822,1000,10,10,spread,32,0c7d0c62a33fc0504bb64032e27fd0a6ee3287574615274ec862000f47f28255,operation-log,operation-log,4096,15.0093,2.9436999999999998,11.4942,15.6178,64883,45000,1.4418444444444445,19883,,not applicable,,30728192,"external parent process-tree RSS sampler (psutil, 10 ms; isolated trial)",100,operations,95,True,,3.14.3,Windows-11-10.0.26200-SP0,
b7a4ec7b610742d9b827f43fd5092fe2,2026-09-23T07:17:04.772302+00:00,evaluation,small-sparse,Dolt (bulk import),ok,warmup,2,3,20270822,1000,10,10,spread,32,0c7d0c62a33fc0504bb64032e27fd0a6ee3287574615274ec862000f47f28255,dolt-native,dolt-native,4096,790.114,1260.3468,429.4526,451.0563,376914,45000,8.375866666666667,331914,,not sampled,,151105536,"external parent process-tree RSS sampler (psutil, 10 ms; isolated trial)",,not exposed by Dolt CLI,95,True,,3.14.3,Windows-11-10.0.26200-SP0,dolt version 2.3.1 Warning: you are on an old version of Dolt. The newest version is 2.3.5.
b7a4ec7b610742d9b827f43fd5092fe2,2026-09-23T07:17:05.552136+00:00,evaluation,small-sparse,Revon-M (forced Merkle),ok,warmup,2,4,20270822,1000,10,10,spread,32,0c7d0c62a33fc0504bb64032e27fd0a6ee3287574615274ec862000f47f28255,merkle,merkle,4096,40.1573,12.51435,0.8815,0.9924,749568,45000,16.657066666666665,704568,,not sampled,,33468416,"external parent process-tree RSS sampler (psutil, 10 ms; isolated trial)",635,tree node pairs,95,True,,3.14.3,Windows-11-10.0.26200-SP0,
b7a4ec7b610742d9b827f43fd5092fe2,2026-09-23T07:17:06.465031+00:00,evaluation,small-sparse,Revon-H,ok,warmup,2,5,20270822,1000,10,10,spread,32,0c7d0c62a33fc0504bb64032e27fd0a6ee3287574615274ec862000f47f28255,hybrid,log,4096,54.3531,20.735500000000002,1.0564,2.3018,741376,45000,16.475022222222222,696376,,not sampled,,33394688,"external parent process-tree RSS sampler (psutil, 10 ms; isolated trial)",100,log operations,95,True,,3.14.3,Windows-11-10.0.26200-SP0,
b7a4ec7b610742d9b827f43fd5092fe2,2026-09-23T07:17:07.279275+00:00,evaluation,small-sparse,Snapshot,ok,warmup,2,6,20270822,1000,10,10,spread,32,0c7d0c62a33fc0504bb64032e27fd0a6ee3287574615274ec862000f47f28255,full-scan,full-scan,4096,5.5448,4.79715,29.9649,1.0752,561011,45000,12.466911111111111,516011,,not applicable,,30765056,"external parent process-tree RSS sampler (psutil, 10 ms; isolated trial)",1010,keys,95,True,,3.14.3,Windows-11-10.0.26200-SP0,
b7a4ec7b610742d9b827f43fd5092fe2,2026-09-23T07:17:08.279074+00:00,evaluation,small-sparse,Revon-H,ok,measured,1,1,20270822,1000,10,10,spread,32,0c7d0c62a33fc0504bb64032e27fd0a6ee3287574615274ec862000f47f28255,hybrid,log,4096,65.3102,23.351999999999997,0.8439,1.2143,757760,45000,16.839111111111112,712760,663552,SQLite VACUUM,27.5684,32923648,"external parent process-tree RSS sampler (psutil, 10 ms; isolated trial)",100,log operations,95,True,,3.14.3,Windows-11-10.0.26200-SP0,
b7a4ec7b610742d9b827f43fd5092fe2,2026-09-23T07:17:09.015883+00:00,evaluation,small-sparse,Snapshot,ok,measured,1,2,20270822,1000,10,10,spread,32,0c7d0c62a33fc0504bb64032e27fd0a6ee3287574615274ec862000f47f28255,full-scan,full-scan,4096,15.2276,5.129099999999999,36.3288,1.0116,561011,45000,12.466911111111111,516011,,not applicable,,30797824,"external parent process-tree RSS sampler (psutil, 10 ms; isolated trial)",1010,keys,95,True,,3.14.3,Windows-11-10.0.26200-SP0,
b7a4ec7b610742d9b827f43fd5092fe2,2026-09-23T07:17:09.959811+00:00,evaluation,small-sparse,Revon-M (forced Merkle),ok,measured,1,3,20270822,1000,10,10,spread,32,0c7d0c62a33fc0504bb64032e27fd0a6ee3287574615274ec862000f47f28255,merkle,merkle,4096,83.022,16.256,2.2004,1.0996,749568,45000,16.657066666666665,704568,675840,SQLite VACUUM,29.4733,33472512,"external parent process-tree RSS sampler (psutil, 10 ms; isolated trial)",635,tree node pairs,95,True,,3.14.3,Windows-11-10.0.26200-SP0,
b7a4ec7b610742d9b827f43fd5092fe2,2026-09-23T07:17:10.626214+00:00,evaluation,small-sparse,Log-only,ok,measured,1,4,20270822,1000,10,10,spread,32,0c7d0c62a33fc0504bb64032e27fd0a6ee3287574615274ec862000f47f28255,operation-log,operation-log,4096,8.1603,3.0592,15.3705,21.8921,64883,45000,1.4418444444444445,19883,,not applicable,,30183424,"external parent process-tree RSS sampler (psutil, 10 ms; isolated trial)",100,operations,95,True,,3.14.3,Windows-11-10.0.26200-SP0,
b7a4ec7b610742d9b827f43fd5092fe2,2026-09-23T07:17:23.543990+00:00,evaluation,small-sparse,Dolt (bulk import),ok,measured,1,5,20270822,1000,10,10,spread,32,0c7d0c62a33fc0504bb64032e27fd0a6ee3287574615274ec862000f47f28255,dolt-native,dolt-native,4096,1008.1759,878.3895500000001,299.1199,338.5457,376447,45000,8.365488888888889,331447,293372,dolt gc (offline),287.5119,142839808,"external parent process-tree RSS sampler (psutil, 10 ms; isolated trial)",,not exposed by Dolt CLI,95,True,,3.14.3,Windows-11-10.0.26200-SP0,dolt version 2.3.1 Warning: you are on an old version of Dolt. The newest version is 2.3.5.
b7a4ec7b610742d9b827f43fd5092fe2,2026-09-23T07:17:38.375003+00:00,evaluation,small-sparse,Dolt,ok,measured,1,6,20270822,1000,10,10,spread,32,0c7d0c62a33fc0504bb64032e27fd0a6ee3287574615274ec862000f47f28255,dolt-native,dolt-native,4096,1184.3301,1110.2119,273.4148,264.2071,376739,45000,8.371977777777778,331739,293427,dolt gc (offline),245.6292,149544960,"external parent process-tree RSS sampler (psutil, 10 ms; isolated trial)",,not exposed by Dolt CLI,95,True,,3.14.3,Windows-11-10.0.26200-SP0,dolt version 2.3.1 Warning: you are on an old version of Dolt. The newest version is 2.3.5.
b7a4ec7b610742d9b827f43fd5092fe2,2026-09-23T07:17:39.269539+00:00,evaluation,small-sparse,Snapshot,ok,measured,2,1,20270822,1000,10,10,spread,32,0c7d0c62a33fc0504bb64032e27fd0a6ee3287574615274ec862000f47f28255,full-scan,full-scan,4096,13.5209,3.9642,40.244,1.105,561011,45000,12.466911111111111,516011,,not applicable,,30068736,"external parent process-tree RSS sampler (psutil, 10 ms; isolated trial)",1010,keys,95,True,,3.14.3,Windows-11-10.0.26200-SP0,
b7a4ec7b610742d9b827f43fd5092fe2,2026-09-23T07:17:39.964816+00:00,evaluation,small-sparse,Revon-M (forced Merkle),ok,measured,2,2,20270822,1000,10,10,spread,32,0c7d0c62a33fc0504bb64032e27fd0a6ee3287574615274ec862000f47f28255,merkle,merkle,4096,41.6924,12.43355,0.9256,1.8158,745472,45000,16.566044444444444,700472,,not sampled,,33382400,"external parent process-tree RSS sampler (psutil, 10 ms; isolated trial)",635,tree node pairs,95,True,,3.14.3,Windows-11-10.0.26200-SP0,
b7a4ec7b610742d9b827f43fd5092fe2,2026-09-23T07:17:40.528627+00:00,evaluation,small-sparse,Log-only,ok,measured,2,3,20270822,1000,10,10,spread,32,0c7d0c62a33fc0504bb64032e27fd0a6ee3287574615274ec862000f47f28255,operation-log,operation-log,4096,4.3348,3.00185,12.9971,12.124,64883,45000,1.4418444444444445,19883,,not applicable,,30789632,"external parent process-tree RSS sampler (psutil, 10 ms; isolated trial)",100,operations,95,True,,3.14.3,Windows-11-10.0.26200-SP0,
b7a4ec7b610742d9b827f43fd5092fe2,2026-09-23T07:17:53.251253+00:00,evaluation,small-sparse,Dolt (bulk import),ok,measured,2,4,20270822,1000,10,10,spread,32,0c7d0c62a33fc0504bb64032e27fd0a6ee3287574615274ec862000f47f28255,dolt-native,dolt-native,4096,882.3905,947.7501,279.5875,300.7924,377469,45000,8.3882,332469,,not sampled,,145686528,"external parent process-tree RSS sampler (psutil, 10 ms; isolated trial)",,not exposed by Dolt CLI,95,True,,3.14.3,Windows-11-10.0.26200-SP0,dolt version 2.3.1 Warning: you are on an old version of Dolt. The newest version is 2.3.5.
b7a4ec7b610742d9b827f43fd5092fe2,2026-09-23T07:18:07.720475+00:00,evaluation,small-sparse,Dolt,ok,measured,2,5,20270822,1000,10,10,spread,32,0c7d0c62a33fc0504bb64032e27fd0a6ee3287574615274ec862000f47f28255,dolt-native,dolt-native,4096,1055.288,1083.2479,411.6903,436.0353,376306,45000,8.362355555555556,331306,,not sampled,,147804160,"external parent process-tree RSS sampler (psutil, 10 ms; isolated trial)",,not exposed by Dolt CLI,95,True,,3.14.3,Windows-11-10.0.26200-SP0,dolt version 2.3.1 Warning: you are on an old version of Dolt. The newest version is 2.3.5.
b7a4ec7b610742d9b827f43fd5092fe2,2026-09-23T07:18:08.511342+00:00,evaluation,small-sparse,Revon-H,ok,measured,2,6,20270822,1000,10,10,spread,32,0c7d0c62a33fc0504bb64032e27fd0a6ee3287574615274ec862000f47f28255,hybrid,log,4096,49.6592,14.52645,0.6586,1.3646,741376,45000,16.475022222222222,696376,,not sampled,,33767424,"external parent process-tree RSS sampler (psutil, 10 ms; isolated trial)",100,log operations,95,True,,3.14.3,Windows-11-10.0.26200-SP0,
b7a4ec7b610742d9b827f43fd5092fe2,2026-09-23T07:18:09.375382+00:00,evaluation,small-sparse,Revon-M (forced Merkle),ok,measured,3,1,20270822,1000,10,10,spread,32,0c7d0c62a33fc0504bb64032e27fd0a6ee3287574615274ec862000f47f28255,merkle,merkle,4096,45.6865,13.917,0.9637,1.6909,770048,45000,17.112177777777777,725048,,not sampled,,33099776,"external parent process-tree RSS sampler (psutil, 10 ms; isolated trial)",635,tree node pairs,95,True,,3.14.3,Windows-11-10.0.26200-SP0,
b7a4ec7b610742d9b827f43fd5092fe2,2026-09-23T07:18:09.867534+00:00,evaluation,small-sparse,Log-only,ok,measured,3,2,20270822,1000,10,10,spread,32,0c7d0c62a33fc0504bb64032e27fd0a6ee3287574615274ec862000f47f28255,operation-log,operation-log,4096,10.6618,2.6024000000000003,14.2591,16.6276,64883,45000,1.4418444444444445,19883,,not applicable,,30748672,"external parent process-tree RSS sampler (psutil, 10 ms; isolated trial)",100,operations,95,True,,3.14.3,Windows-11-10.0.26200-SP0,
b7a4ec7b610742d9b827f43fd5092fe2,2026-09-23T07:18:24.963081+00:00,evaluation,small-sparse,Dolt (bulk import),ok,measured,3,3,20270822,1000,10,10,spread,32,0c7d0c62a33fc0504bb64032e27fd0a6ee3287574615274ec862000f47f28255,dolt-native,dolt-native,4096,890.3723,1046.6256,211.3344,253.5092,377432,45000,8.387377777777777,332432,,not sampled,,146399232,"external parent process-tree RSS sampler (psutil, 10 ms; isolated trial)",,not exposed by Dolt CLI,95,True,,3.14.3,Windows-11-10.0.26200-SP0,dolt version 2.3.1 Warning: you are on an old version of Dolt. The newest version is 2.3.5.
b7a4ec7b610742d9b827f43fd5092fe2,2026-09-23T07:18:37.491817+00:00,evaluation,small-sparse,Dolt,ok,measured,3,4,20270822,1000,10,10,spread,32,0c7d0c62a33fc0504bb64032e27fd0a6ee3287574615274ec862000f47f28255,dolt-native,dolt-native,4096,1015.4225,842.9538,462.252,336.8175,376994,45000,8.377644444444444,331994,,not sampled,,143790080,"external parent process-tree RSS sampler (psutil, 10 ms; isolated trial)",,not exposed by Dolt CLI,95,True,,3.14.3,Windows-11-10.0.26200-SP0,dolt version 2.3.1 Warning: you are on an old version of Dolt. The newest version is 2.3.5.
b7a4ec7b610742d9b827f43fd5092fe2,2026-09-23T07:18:38.230296+00:00,evaluation,small-sparse,Revon-H,ok,measured,3,5,20270822,1000,10,10,spread,32,0c7d0c62a33fc0504bb64032e27fd0a6ee3287574615274ec862000f47f28255,hybrid,log,4096,47.6739,11.78225,0.8606,2.3162,737280,45000,16.384,692280,,not sampled,,33689600,"external parent process-tree RSS sampler (psutil, 10 ms; isolated trial)",100,log operations,95,True,,3.14.3,Windows-11-10.0.26200-SP0,
b7a4ec7b610742d9b827f43fd5092fe2,2026-09-23T07:18:38.849729+00:00,evaluation,small-sparse,Snapshot,ok,measured,3,6,20270822,1000,10,10,spread,32,0c7d0c62a33fc0504bb64032e27fd0a6ee3287574615274ec862000f47f28255,full-scan,full-scan,4096,3.7792,4.25565,28.0845,1.1338,561011,45000,12.466911111111111,516011,,not applicable,,30679040,"external parent process-tree RSS sampler (psutil, 10 ms; isolated trial)",1010,keys,95,True,,3.14.3,Windows-11-10.0.26200-SP0,
b7a4ec7b610742d9b827f43fd5092fe2,2026-09-23T07:18:39.280348+00:00,evaluation,small-sparse,Log-only,ok,measured,4,1,20270822,1000,10,10,spread,32,0c7d0c62a33fc0504bb64032e27fd0a6ee3287574615274ec862000f47f28255,operation-log,operation-log,4096,13.7147,2.8996,13.1828,13.6298,64883,45000,1.4418444444444445,19883,,not applicable,,30285824,"external parent process-tree RSS sampler (psutil, 10 ms; isolated trial)",100,operations,95,True,,3.14.3,Windows-11-10.0.26200-SP0,
b7a4ec7b610742d9b827f43fd5092fe2,2026-09-23T07:18:54.382093+00:00,evaluation,small-sparse,Dolt (bulk import),ok,measured,4,2,20270822,1000,10,10,spread,32,0c7d0c62a33fc0504bb64032e27fd0a6ee3287574615274ec862000f47f28255,dolt-native,dolt-native,4096,1078.9243,1148.6154000000001,327.1517,265.3906,376734,45000,8.371866666666667,331734,,not sampled,,147427328,"external parent process-tree RSS sampler (psutil, 10 ms; isolated trial)",,not exposed by Dolt CLI,95,True,,3.14.3,Windows-11-10.0.26200-SP0,dolt version 2.3.1 Warning: you are on an old version of Dolt. The newest version is 2.3.5.
b7a4ec7b610742d9b827f43fd5092fe2,2026-09-23T07:19:05.337506+00:00,evaluation,small-sparse,Dolt,ok,measured,4,3,20270822,1000,10,10,spread,32,0c7d0c62a33fc0504bb64032e27fd0a6ee3287574615274ec862000f47f28255,dolt-native,dolt-native,4096,726.8962,806.4792500000001,300.7515,284.4895,376745,45000,8.372111111111112,331745,,not sampled,,143982592,"external parent process-tree RSS sampler (psutil, 10 ms; isolated trial)",,not exposed by Dolt CLI,95,True,,3.14.3,Windows-11-10.0.26200-SP0,dolt version 2.3.1 Warning: you are on an old version of Dolt. The newest version is 2.3.5.
b7a4ec7b610742d9b827f43fd5092fe2,2026-09-23T07:19:06.065201+00:00,evaluation,small-sparse,Revon-H,ok,measured,4,4,20270822,1000,10,10,spread,32,0c7d0c62a33fc0504bb64032e27fd0a6ee3287574615274ec862000f47f28255,hybrid,log,4096,49.2128,10.9794,0.5593,0.9536,729088,45000,16.201955555555557,684088,,not sampled,,33378304,"external parent process-tree RSS sampler (psutil, 10 ms; isolated trial)",100,log operations,95,True,,3.14.3,Windows-11-10.0.26200-SP0,
b7a4ec7b610742d9b827f43fd5092fe2,2026-09-23T07:19:06.527904+00:00,evaluation,small-sparse,Snapshot,ok,measured,4,5,20270822,1000,10,10,spread,32,0c7d0c62a33fc0504bb64032e27fd0a6ee3287574615274ec862000f47f28255,full-scan,full-scan,4096,5.8964,3.5749,37.9469,0.86,561011,45000,12.466911111111111,516011,,not applicable,,30957568,"external parent process-tree RSS sampler (psutil, 10 ms; isolated trial)",1010,keys,95,True,,3.14.3,Windows-11-10.0.26200-SP0,
b7a4ec7b610742d9b827f43fd5092fe2,2026-09-23T07:19:07.192800+00:00,evaluation,small-sparse,Revon-M (forced Merkle),ok,measured,4,6,20270822,1000,10,10,spread,32,0c7d0c62a33fc0504bb64032e27fd0a6ee3287574615274ec862000f47f28255,merkle,merkle,4096,44.2806,12.91825,2.1065,1.232,749568,45000,16.657066666666665,704568,,not sampled,,33161216,"external parent process-tree RSS sampler (psutil, 10 ms; isolated trial)",635,tree node pairs,95,True,,3.14.3,Windows-11-10.0.26200-SP0,
b7a4ec7b610742d9b827f43fd5092fe2,2026-09-23T07:19:20.784912+00:00,evaluation,small-sparse,Dolt (bulk import),ok,measured,5,1,20270822,1000,10,10,spread,32,0c7d0c62a33fc0504bb64032e27fd0a6ee3287574615274ec862000f47f28255,dolt-native,dolt-native,4096,996.2657,980.7248,291.9287,317.362,375845,45000,8.35211111111111,330845,,not sampled,,144199680,"external parent process-tree RSS sampler (psutil, 10 ms; isolated trial)",,not exposed by Dolt CLI,95,True,,3.14.3,Windows-11-10.0.26200-SP0,dolt version 2.3.1 Warning: you are on an old version of Dolt. The newest version is 2.3.5.
b7a4ec7b610742d9b827f43fd5092fe2,2026-09-23T07:19:32.943184+00:00,evaluation,small-sparse,Dolt,ok,measured,5,2,20270822,1000,10,10,spread,32,0c7d0c62a33fc0504bb64032e27fd0a6ee3287574615274ec862000f47f28255,dolt-native,dolt-native,4096,1096.6147,881.88405,313.6986,283.1547,376997,45000,8.377711111111111,331997,,not sampled,,142667776,"external parent process-tree RSS sampler (psutil, 10 ms; isolated trial)",,not exposed by Dolt CLI,95,True,,3.14.3,Windows-11-10.0.26200-SP0,dolt version 2.3.1 Warning: you are on an old version of Dolt. The newest version is 2.3.5.
b7a4ec7b610742d9b827f43fd5092fe2,2026-09-23T07:19:33.814177+00:00,evaluation,small-sparse,Revon-H,ok,measured,5,3,20270822,1000,10,10,spread,32,0c7d0c62a33fc0504bb64032e27fd0a6ee3287574615274ec862000f47f28255,hybrid,log,4096,47.2159,12.587050000000001,0.4793,0.9041,761856,45000,16.930133333333334,716856,,not sampled,,33705984,"external parent process-tree RSS sampler (psutil, 10 ms; isolated trial)",100,log operations,95,True,,3.14.3,Windows-11-10.0.26200-SP0,
b7a4ec7b610742d9b827f43fd5092fe2,2026-09-23T07:19:34.445085+00:00,evaluation,small-sparse,Snapshot,ok,measured,5,4,20270822,1000,10,10,spread,32,0c7d0c62a33fc0504bb64032e27fd0a6ee3287574615274ec862000f47f28255,full-scan,full-scan,4096,4.0569,4.14445,40.5064,1.247,561011,45000,12.466911111111111,516011,,not applicable,,30547968,"external parent process-tree RSS sampler (psutil, 10 ms; isolated trial)",1010,keys,95,True,,3.14.3,Windows-11-10.0.26200-SP0,
b7a4ec7b610742d9b827f43fd5092fe2,2026-09-23T07:19:35.290583+00:00,evaluation,small-sparse,Revon-M (forced Merkle),ok,measured,5,5,20270822,1000,10,10,spread,32,0c7d0c62a33fc0504bb64032e27fd0a6ee3287574615274ec862000f47f28255,merkle,merkle,4096,50.2437,17.4924,1.0006,1.3458,745472,45000,16.566044444444444,700472,,not sampled,,33566720,"external parent process-tree RSS sampler (psutil, 10 ms; isolated trial)",635,tree node pairs,95,True,,3.14.3,Windows-11-10.0.26200-SP0,
b7a4ec7b610742d9b827f43fd5092fe2,2026-09-23T07:19:35.992898+00:00,evaluation,small-sparse,Log-only,ok,measured,5,6,20270822,1000,10,10,spread,32,0c7d0c62a33fc0504bb64032e27fd0a6ee3287574615274ec862000f47f28255,operation-log,operation-log,4096,6.719,2.9608499999999998,14.4789,16.204,64883,45000,1.4418444444444445,19883,,not applicable,,30322688,"external parent process-tree RSS sampler (psutil, 10 ms; isolated trial)",100,operations,95,True,,3.14.3,Windows-11-10.0.26200-SP0,
b7a4ec7b610742d9b827f43fd5092fe2,2026-09-23T07:19:49.998057+00:00,evaluation,small-sparse,Dolt,ok,measured,6,1,20270822,1000,10,10,spread,32,0c7d0c62a33fc0504bb64032e27fd0a6ee3287574615274ec862000f47f28255,dolt-native,dolt-native,4096,838.7858,1021.77235,425.6809,366.2727,377182,45000,8.381822222222223,332182,,not sampled,,143114240,"external parent process-tree RSS sampler (psutil, 10 ms; isolated trial)",,not exposed by Dolt CLI,95,True,,3.14.3,Windows-11-10.0.26200-SP0,dolt version 2.3.1 Warning: you are on an old version of Dolt. The newest version is 2.3.5.
b7a4ec7b610742d9b827f43fd5092fe2,2026-09-23T07:19:51.156175+00:00,evaluation,small-sparse,Revon-H,ok,measured,6,2,20270822,1000,10,10,spread,32,0c7d0c62a33fc0504bb64032e27fd0a6ee3287574615274ec862000f47f28255,hybrid,log,4096,54.4963,16.244,0.5101,1.1879,749568,45000,16.657066666666665,704568,,not sampled,,33533952,"external parent process-tree RSS sampler (psutil, 10 ms; isolated trial)",100,log operations,95,True,,3.14.3,Windows-11-10.0.26200-SP0,
b7a4ec7b610742d9b827f43fd5092fe2,2026-09-23T07:19:51.708933+00:00,evaluation,small-sparse,Snapshot,ok,measured,6,3,20270822,1000,10,10,spread,32,0c7d0c62a33fc0504bb64032e27fd0a6ee3287574615274ec862000f47f28255,full-scan,full-scan,4096,4.2095,3.6113,32.0355,0.9756,561011,45000,12.466911111111111,516011,,not applicable,,30957568,"external parent process-tree RSS sampler (psutil, 10 ms; isolated trial)",1010,keys,95,True,,3.14.3,Windows-11-10.0.26200-SP0,
b7a4ec7b610742d9b827f43fd5092fe2,2026-09-23T07:19:52.516799+00:00,evaluation,small-sparse,Revon-M (forced Merkle),ok,measured,6,4,20270822,1000,10,10,spread,32,0c7d0c62a33fc0504bb64032e27fd0a6ee3287574615274ec862000f47f28255,merkle,merkle,4096,51.0962,16.31635,2.4488,1.0733,753664,45000,16.74808888888889,708664,,not sampled,,33525760,"external parent process-tree RSS sampler (psutil, 10 ms; isolated trial)",635,tree node pairs,95,True,,3.14.3,Windows-11-10.0.26200-SP0,
b7a4ec7b610742d9b827f43fd5092fe2,2026-09-23T07:19:53.129577+00:00,evaluation,small-sparse,Log-only,ok,measured,6,5,20270822,1000,10,10,spread,32,0c7d0c62a33fc0504bb64032e27fd0a6ee3287574615274ec862000f47f28255,operation-log,operation-log,4096,18.0044,2.9981999999999998,19.3132,16.8766,64883,45000,1.4418444444444445,19883,,not applicable,,30666752,"external parent process-tree RSS sampler (psutil, 10 ms; isolated trial)",100,operations,95,True,,3.14.3,Windows-11-10.0.26200-SP0,
b7a4ec7b610742d9b827f43fd5092fe2,2026-09-23T07:20:06.797499+00:00,evaluation,small-sparse,Dolt (bulk import),ok,measured,6,6,20270822,1000,10,10,spread,32,0c7d0c62a33fc0504bb64032e27fd0a6ee3287574615274ec862000f47f28255,dolt-native,dolt-native,4096,906.8614,1020.0025499999999,244.7966,351.1905,376774,45000,8.372755555555555,331774,,not sampled,,147849216,"external parent process-tree RSS sampler (psutil, 10 ms; isolated trial)",,not exposed by Dolt CLI,95,True,,3.14.3,Windows-11-10.0.26200-SP0,dolt version 2.3.1 Warning: you are on an old version of Dolt. The newest version is 2.3.5.
b7a4ec7b610742d9b827f43fd5092fe2,2026-09-23T07:20:07.552176+00:00,evaluation,small-sparse,Revon-H,ok,measured,7,1,20270822,1000,10,10,spread,32,0c7d0c62a33fc0504bb64032e27fd0a6ee3287574615274ec862000f47f28255,hybrid,log,4096,47.2148,16.4924,0.7375,1.1067,753664,45000,16.74808888888889,708664,,not sampled,,33554432,"external parent process-tree RSS sampler (psutil, 10 ms; isolated trial)",100,log operations,95,True,,3.14.3,Windows-11-10.0.26200-SP0,
b7a4ec7b610742d9b827f43fd5092fe2,2026-09-23T07:20:08.132910+00:00,evaluation,small-sparse,Snapshot,ok,measured,7,2,20270822,1000,10,10,spread,32,0c7d0c62a33fc0504bb64032e27fd0a6ee3287574615274ec862000f47f28255,full-scan,full-scan,4096,5.1555,4.7865,29.4699,1.0072,561011,45000,12.466911111111111,516011,,not applicable,,30773248,"external parent process-tree RSS sampler (psutil, 10 ms; isolated trial)",1010,keys,95,True,,3.14.3,Windows-11-10.0.26200-SP0,
b7a4ec7b610742d9b827f43fd5092fe2,2026-09-23T07:20:08.957133+00:00,evaluation,small-sparse,Revon-M (forced Merkle),ok,measured,7,3,20270822,1000,10,10,spread,32,0c7d0c62a33fc0504bb64032e27fd0a6ee3287574615274ec862000f47f28255,merkle,merkle,4096,48.2099,14.26145,0.9526,1.2225,749568,45000,16.657066666666665,704568,,not sampled,,33341440,"external parent process-tree RSS sampler (psutil, 10 ms; isolated trial)",635,tree node pairs,95,True,,3.14.3,Windows-11-10.0.26200-SP0,
b7a4ec7b610742d9b827f43fd5092fe2,2026-09-23T07:20:09.436604+00:00,evaluation,small-sparse,Log-only,ok,measured,7,4,20270822,1000,10,10,spread,32,0c7d0c62a33fc0504bb64032e27fd0a6ee3287574615274ec862000f47f28255,operation-log,operation-log,4096,4.5307,2.73005,14.9286,12.0636,64883,45000,1.4418444444444445,19883,,not applicable,,30625792,"external parent process-tree RSS sampler (psutil, 10 ms; isolated trial)",100,operations,95,True,,3.14.3,Windows-11-10.0.26200-SP0,
b7a4ec7b610742d9b827f43fd5092fe2,2026-09-23T07:20:24.095909+00:00,evaluation,small-sparse,Dolt (bulk import),ok,measured,7,5,20270822,1000,10,10,spread,32,0c7d0c62a33fc0504bb64032e27fd0a6ee3287574615274ec862000f47f28255,dolt-native,dolt-native,4096,1242.5868,1083.3474999999999,268.7842,650.2213,377669,45000,8.392644444444445,332669,,not sampled,,144572416,"external parent process-tree RSS sampler (psutil, 10 ms; isolated trial)",,not exposed by Dolt CLI,95,True,,3.14.3,Windows-11-10.0.26200-SP0,dolt version 2.3.1 Warning: you are on an old version of Dolt. The newest version is 2.3.5.
b7a4ec7b610742d9b827f43fd5092fe2,2026-09-23T07:20:37.621904+00:00,evaluation,small-sparse,Dolt,ok,measured,7,6,20270822,1000,10,10,spread,32,0c7d0c62a33fc0504bb64032e27fd0a6ee3287574615274ec862000f47f28255,dolt-native,dolt-native,4096,814.1975,980.6610499999999,485.7877,358.6884,376708,45000,8.37128888888889,331708,,not sampled,,147116032,"external parent process-tree RSS sampler (psutil, 10 ms; isolated trial)",,not exposed by Dolt CLI,95,True,,3.14.3,Windows-11-10.0.26200-SP0,dolt version 2.3.1 Warning: you are on an old version of Dolt. The newest version is 2.3.5.
b7a4ec7b610742d9b827f43fd5092fe2,2026-09-23T07:20:38.893012+00:00,evaluation,medium-sparse,Snapshot,ok,warmup,1,1,20270823,10000,10,10,spread,32,5b37053c578c35f2e5d54ca72adc0c72b6fb2afcf6b80ee78c1e7be454403192,full-scan,full-scan,4096,20.7439,13.030999999999999,253.548,21.004,5610011,450000,12.46669111111111,5160011,,not applicable,,38789120,"external parent process-tree RSS sampler (psutil, 10 ms; isolated trial)",10010,keys,100,True,,3.14.3,Windows-11-10.0.26200-SP0,
b7a4ec7b610742d9b827f43fd5092fe2,2026-09-23T07:20:40.159453+00:00,evaluation,medium-sparse,Revon-H,ok,warmup,1,2,20270823,10000,10,10,spread,32,5b37053c578c35f2e5d54ca72adc0c72b6fb2afcf6b80ee78c1e7be454403192,hybrid,log,4096,204.9702,16.8339,0.5259,13.832,3055616,450000,6.790257777777778,2605616,,not sampled,,46739456,"external parent process-tree RSS sampler (psutil, 10 ms; isolated trial)",100,log operations,100,True,,3.14.3,Windows-11-10.0.26200-SP0,
b7a4ec7b610742d9b827f43fd5092fe2,2026-09-23T07:20:53.950112+00:00,evaluation,medium-sparse,Dolt,ok,warmup,1,3,20270823,10000,10,10,spread,32,5b37053c578c35f2e5d54ca72adc0c72b6fb2afcf6b80ee78c1e7be454403192,dolt-native,dolt-native,4096,1234.7146,1018.8966,380.307,432.9739,940131,450000,2.08918,490131,,not sampled,,147091456,"external parent process-tree RSS sampler (psutil, 10 ms; isolated trial)",,not exposed by Dolt CLI,100,True,,3.14.3,Windows-11-10.0.26200-SP0,dolt version 2.3.1 Warning: you are on an old version of Dolt. The newest version is 2.3.5.
b7a4ec7b610742d9b827f43fd5092fe2,2026-09-23T07:21:08.015134+00:00,evaluation,medium-sparse,Dolt (bulk import),ok,warmup,1,4,20270823,10000,10,10,spread,32,5b37053c578c35f2e5d54ca72adc0c72b6fb2afcf6b80ee78c1e7be454403192,dolt-native,dolt-native,4096,1035.0054,1004.1146,276.7075,427.4008,892641,450000,1.9836466666666666,442641,,not sampled,,160301056,"external parent process-tree RSS sampler (psutil, 10 ms; isolated trial)",,not exposed by Dolt CLI,100,True,,3.14.3,Windows-11-10.0.26200-SP0,dolt version 2.3.1 Warning: you are on an old version of Dolt. The newest version is 2.3.5.
b7a4ec7b610742d9b827f43fd5092fe2,2026-09-23T07:21:08.700569+00:00,evaluation,medium-sparse,Log-only,ok,warmup,1,5,20270823,10000,10,10,spread,32,5b37053c578c35f2e5d54ca72adc0c72b6fb2afcf6b80ee78c1e7be454403192,operation-log,operation-log,4096,27.287,2.8023,15.2545,24.5755,523883,450000,1.1641844444444445,73883,,not applicable,,37777408,"external parent process-tree RSS sampler (psutil, 10 ms; isolated trial)",100,operations,100,True,,3.14.3,Windows-11-10.0.26200-SP0,
b7a4ec7b610742d9b827f43fd5092fe2,2026-09-23T07:21:09.687263+00:00,evaluation,medium-sparse,Revon-M (forced Merkle),ok,warmup,1,6,20270823,10000,10,10,spread,32,5b37053c578c35f2e5d54ca72adc0c72b6fb2afcf6b80ee78c1e7be454403192,merkle,merkle,4096,235.3613,16.52765,1.1471,12.4751,3063808,450000,6.808462222222222,2613808,,not sampled,,46858240,"external parent process-tree RSS sampler (psutil, 10 ms; isolated trial)",1141,tree node pairs,100,True,,3.14.3,Windows-11-10.0.26200-SP0,
b7a4ec7b610742d9b827f43fd5092fe2,2026-09-23T07:21:10.669912+00:00,evaluation,medium-sparse,Revon-H,ok,warmup,2,1,20270823,10000,10,10,spread,32,5b37053c578c35f2e5d54ca72adc0c72b6fb2afcf6b80ee78c1e7be454403192,hybrid,log,4096,184.6718,15.7076,0.6458,11.4916,3063808,450000,6.808462222222222,2613808,,not sampled,,46641152,"external parent process-tree RSS sampler (psutil, 10 ms; isolated trial)",100,log operations,100,True,,3.14.3,Windows-11-10.0.26200-SP0,
b7a4ec7b610742d9b827f43fd5092fe2,2026-09-23T07:21:26.926375+00:00,evaluation,medium-sparse,Dolt,ok,warmup,2,2,20270823,10000,10,10,spread,32,5b37053c578c35f2e5d54ca72adc0c72b6fb2afcf6b80ee78c1e7be454403192,dolt-native,dolt-native,4096,1145.2873,1207.78735,299.036,321.6736,940095,450000,2.0891,490095,,not sampled,,160858112,"external parent process-tree RSS sampler (psutil, 10 ms; isolated trial)",,not exposed by Dolt CLI,100,True,,3.14.3,Windows-11-10.0.26200-SP0,dolt version 2.3.1 Warning: you are on an old version of Dolt. The newest version is 2.3.5.
b7a4ec7b610742d9b827f43fd5092fe2,2026-09-23T07:21:41.200075+00:00,evaluation,medium-sparse,Dolt (bulk import),ok,warmup,2,3,20270823,10000,10,10,spread,32,5b37053c578c35f2e5d54ca72adc0c72b6fb2afcf6b80ee78c1e7be454403192,dolt-native,dolt-native,4096,819.4407,914.3457,570.9134,491.741,893283,450000,1.9850733333333332,443283,,not sampled,,152457216,"external parent process-tree RSS sampler (psutil, 10 ms; isolated trial)",,not exposed by Dolt CLI,100,True,,3.14.3,Windows-11-10.0.26200-SP0,dolt version 2.3.1 Warning: you are on an old version of Dolt. The newest version is 2.3.5.
b7a4ec7b610742d9b827f43fd5092fe2,2026-09-23T07:21:41.985297+00:00,evaluation,medium-sparse,Log-only,ok,warmup,2,4,20270823,10000,10,10,spread,32,5b37053c578c35f2e5d54ca72adc0c72b6fb2afcf6b80ee78c1e7be454403192,operation-log,operation-log,4096,17.8453,3.0776000000000003,15.4795,29.1166,523883,450000,1.1641844444444445,73883,,not applicable,,38608896,"external parent process-tree RSS sampler (psutil, 10 ms; isolated trial)",100,operations,100,True,,3.14.3,Windows-11-10.0.26200-SP0,
b7a4ec7b610742d9b827f43fd5092fe2,2026-09-23T07:21:43.306378+00:00,evaluation,medium-sparse,Revon-M (forced Merkle),ok,warmup,2,5,20270823,10000,10,10,spread,32,5b37053c578c35f2e5d54ca72adc0c72b6fb2afcf6b80ee78c1e7be454403192,merkle,merkle,4096,195.8427,22.420499999999997,2.1306,18.0529,3031040,450000,6.7356444444444445,2581040,,not sampled,,47296512,"external parent process-tree RSS sampler (psutil, 10 ms; isolated trial)",1141,tree node pairs,100,True,,3.14.3,Windows-11-10.0.26200-SP0,
b7a4ec7b610742d9b827f43fd5092fe2,2026-09-23T07:21:44.470155+00:00,evaluation,medium-sparse,Snapshot,ok,warmup,2,6,20270823,10000,10,10,spread,32,5b37053c578c35f2e5d54ca72adc0c72b6fb2afcf6b80ee78c1e7be454403192,full-scan,full-scan,4096,17.4474,12.522300000000001,81.2876,13.3979,5610011,450000,12.46669111111111,5160011,,not applicable,,38293504,"external parent process-tree RSS sampler (psutil, 10 ms; isolated trial)",10010,keys,100,True,,3.14.3,Windows-11-10.0.26200-SP0,
b7a4ec7b610742d9b827f43fd5092fe2,2026-09-23T07:21:45.560878+00:00,evaluation,medium-sparse,Revon-M (forced Merkle),ok,measured,1,1,20270823,10000,10,10,spread,32,5b37053c578c35f2e5d54ca72adc0c72b6fb2afcf6b80ee78c1e7be454403192,merkle,merkle,4096,199.4044,18.016750000000002,1.6832,15.3164,3059712,450000,6.79936,2609712,2793472,SQLite VACUUM,94.2872,46731264,"external parent process-tree RSS sampler (psutil, 10 ms; isolated trial)",1141,tree node pairs,100,True,,3.14.3,Windows-11-10.0.26200-SP0,
b7a4ec7b610742d9b827f43fd5092fe2,2026-09-23T07:22:05.765476+00:00,evaluation,medium-sparse,Dolt,ok,measured,1,2,20270823,10000,10,10,spread,32,5b37053c578c35f2e5d54ca72adc0c72b6fb2afcf6b80ee78c1e7be454403192,dolt-native,dolt-native,4096,1505.2952,1401.95365,503.315,427.1042,941436,450000,2.09208,491436,812217,dolt gc (offline),709.7,161271808,"external parent process-tree RSS sampler (psutil, 10 ms; isolated trial)",,not exposed by Dolt CLI,100,True,,3.14.3,Windows-11-10.0.26200-SP0,dolt version 2.3.1 Warning: you are on an old version of Dolt. The newest version is 2.3.5.
b7a4ec7b610742d9b827f43fd5092fe2,2026-09-23T07:22:07.630232+00:00,evaluation,medium-sparse,Log-only,ok,measured,1,3,20270823,10000,10,10,spread,32,5b37053c578c35f2e5d54ca72adc0c72b6fb2afcf6b80ee78c1e7be454403192,operation-log,operation-log,4096,17.3962,3.3965,13.5461,27.6808,523883,450000,1.1641844444444445,73883,,not applicable,,38932480,"external parent process-tree RSS sampler (psutil, 10 ms; isolated trial)",100,operations,100,True,,3.14.3,Windows-11-10.0.26200-SP0,
b7a4ec7b610742d9b827f43fd5092fe2,2026-09-23T07:22:08.502547+00:00,evaluation,medium-sparse,Snapshot,ok,measured,1,4,20270823,10000,10,10,spread,32,5b37053c578c35f2e5d54ca72adc0c72b6fb2afcf6b80ee78c1e7be454403192,full-scan,full-scan,4096,20.7424,11.492650000000001,84.9996,12.8288,5610011,450000,12.46669111111111,5160011,,not applicable,,38293504,"external parent process-tree RSS sampler (psutil, 10 ms; isolated trial)",10010,keys,100,True,,3.14.3,Windows-11-10.0.26200-SP0,
b7a4ec7b610742d9b827f43fd5092fe2,2026-09-23T07:22:26.472118+00:00,evaluation,medium-sparse,Dolt (bulk import),ok,measured,1,5,20270823,10000,10,10,spread,32,5b37053c578c35f2e5d54ca72adc0c72b6fb2afcf6b80ee78c1e7be454403192,dolt-native,dolt-native,4096,1478.6166,1090.0605500000001,463.4412,719.953,893312,450000,1.9851377777777777,443312,812208,dolt gc (offline),520.9291,160141312,"external parent process-tree RSS sampler (psutil, 10 ms; isolated trial)",,not exposed by Dolt CLI,100,True,,3.14.3,Windows-11-10.0.26200-SP0,dolt version 2.3.1 Warning: you are on an old version of Dolt. The newest version is 2.3.5.
b7a4ec7b610742d9b827f43fd5092fe2,2026-09-23T07:22:28.918131+00:00,evaluation,medium-sparse,Revon-H,ok,measured,1,6,20270823,10000,10,10,spread,32,5b37053c578c35f2e5d54ca72adc0c72b6fb2afcf6b80ee78c1e7be454403192,hybrid,log,4096,308.5584,30.6854,1.0431,25.4695,3055616,450000,6.790257777777778,2605616,2793472,SQLite VACUUM,103.3787,46592000,"external parent process-tree RSS sampler (psutil, 10 ms; isolated trial)",100,log operations,100,True,,3.14.3,Windows-11-10.0.26200-SP0,
b7a4ec7b610742d9b827f43fd5092fe2,2026-09-23T07:22:42.757522+00:00,evaluation,medium-sparse,Dolt,ok,measured,2,1,20270823,10000,10,10,spread,32,5b37053c578c35f2e5d54ca72adc0c72b6fb2afcf6b80ee78c1e7be454403192,dolt-native,dolt-native,4096,1377.4679,935.8081999999999,320.7587,303.0171,939859,450000,2.0885755555555554,489859,,not sampled,,148049920,"external parent process-tree RSS sampler (psutil, 10 ms; isolated trial)",,not exposed by Dolt CLI,100,True,,3.14.3,Windows-11-10.0.26200-SP0,dolt version 2.3.1 Warning: you are on an old version of Dolt. The newest version is 2.3.5.
b7a4ec7b610742d9b827f43fd5092fe2,2026-09-23T07:22:43.529210+00:00,evaluation,medium-sparse,Log-only,ok,measured,2,2,20270823,10000,10,10,spread,32,5b37053c578c35f2e5d54ca72adc0c72b6fb2afcf6b80ee78c1e7be454403192,operation-log,operation-log,4096,15.9443,2.8095499999999998,18.3853,33.8607,523883,450000,1.1641844444444445,73883,,not applicable,,38699008,"external parent process-tree RSS sampler (psutil, 10 ms; isolated trial)",100,operations,100,True,,3.14.3,Windows-11-10.0.26200-SP0,
b7a4ec7b610742d9b827f43fd5092fe2,2026-09-23T07:22:44.280854+00:00,evaluation,medium-sparse,Snapshot,ok,measured,2,3,20270823,10000,10,10,spread,32,5b37053c578c35f2e5d54ca72adc0c72b6fb2afcf6b80ee78c1e7be454403192,full-scan,full-scan,4096,19.5959,9.65755,62.7593,9.61,5610011,450000,12.46669111111111,5160011,,not applicable,,38535168,"external parent process-tree RSS sampler (psutil, 10 ms; isolated trial)",10010,keys,100,True,,3.14.3,Windows-11-10.0.26200-SP0,
b7a4ec7b610742d9b827f43fd5092fe2,2026-09-23T07:22:59.290012+00:00,evaluation,medium-sparse,Dolt (bulk import),ok,measured,2,4,20270823,10000,10,10,spread,32,5b37053c578c35f2e5d54ca72adc0c72b6fb2afcf6b80ee78c1e7be454403192,dolt-native,dolt-native,4096,848.0358,1219.118,482.4437,393.8769,893117,450000,1.9847044444444444,443117,,not sampled,,155639808,"external parent process-tree RSS sampler (psutil, 10 ms; isolated trial)",,not exposed by Dolt CLI,100,True,,3.14.3,Windows-11-10.0.26200-SP0,dolt version 2.3.1 Warning: you are on an old version of Dolt. The newest version is 2.3.5.
b7a4ec7b610742d9b827f43fd5092fe2,2026-09-23T07:23:00.935443+00:00,evaluation,medium-sparse,Revon-H,ok,measured,2,5,20270823,10000,10,10,spread,32,5b37053c578c35f2e5d54ca72adc0c72b6fb2afcf6b80ee78c1e7be454403192,hybrid,log,4096,405.5866,22.400750000000002,0.7531,21.4573,3076096,450000,6.835768888888889,2626096,,not sampled,,46485504,"external parent process-tree RSS sampler (psutil, 10 ms; isolated trial)",100,log operations,100,True,,3.14.3,Windows-11-10.0.26200-SP0,
b7a4ec7b610742d9b827f43fd5092fe2,2026-09-23T07:23:02.732985+00:00,evaluation,medium-sparse,Revon-M (forced Merkle),ok,measured,2,6,20270823,10000,10,10,spread,32,5b37053c578c35f2e5d54ca72adc0c72b6fb2afcf6b80ee78c1e7be454403192,merkle,merkle,4096,835.4276,18.770000000000003,1.4823,12.778,3047424,450000,6.772053333333333,2597424,,not sampled,,47271936,"external parent process-tree RSS sampler (psutil, 10 ms; isolated trial)",1141,tree node pairs,100,True,,3.14.3,Windows-11-10.0.26200-SP0,
b7a4ec7b610742d9b827f43fd5092fe2,2026-09-23T07:23:03.485029+00:00,evaluation,medium-sparse,Log-only,ok,measured,3,1,20270823,10000,10,10,spread,32,5b37053c578c35f2e5d54ca72adc0c72b6fb2afcf6b80ee78c1e7be454403192,operation-log,operation-log,4096,13.7511,3.39155,19.9897,28.5896,523883,450000,1.1641844444444445,73883,,not applicable,,38768640,"external parent process-tree RSS sampler (psutil, 10 ms; isolated trial)",100,operations,100,True,,3.14.3,Windows-11-10.0.26200-SP0,
b7a4ec7b610742d9b827f43fd5092fe2,2026-09-23T07:23:04.535754+00:00,evaluation,medium-sparse,Snapshot,ok,measured,3,2,20270823,10000,10,10,spread,32,5b37053c578c35f2e5d54ca72adc0c72b6fb2afcf6b80ee78c1e7be454403192,full-scan,full-scan,4096,27.5289,18.54175,85.3835,14.4755,5610011,450000,12.46669111111111,5160011,,not applicable,,38662144,"external parent process-tree RSS sampler (psutil, 10 ms; isolated trial)",10010,keys,100,True,,3.14.3,Windows-11-10.0.26200-SP0,
b7a4ec7b610742d9b827f43fd5092fe2,2026-09-23T07:23:19.325780+00:00,evaluation,medium-sparse,Dolt (bulk import),ok,measured,3,3,20270823,10000,10,10,spread,32,5b37053c578c35f2e5d54ca72adc0c72b6fb2afcf6b80ee78c1e7be454403192,dolt-native,dolt-native,4096,1164.4951,1070.72755,329.542,513.0281,893544,450000,1.9856533333333333,443544,,not sampled,,149311488,"external parent process-tree RSS sampler (psutil, 10 ms; isolated trial)",,not exposed by Dolt CLI,100,True,,3.14.3,Windows-11-10.0.26200-SP0,dolt version 2.3.1 Warning: you are on an old version of Dolt. The newest version is 2.3.5.
b7a4ec7b610742d9b827f43fd5092fe2,2026-09-23T07:23:20.946453+00:00,evaluation,medium-sparse,Revon-H,ok,measured,3,4,20270823,10000,10,10,spread,32,5b37053c578c35f2e5d54ca72adc0c72b6fb2afcf6b80ee78c1e7be454403192,hybrid,log,4096,365.3457,33.72325,0.7075,17.3202,3039232,450000,6.753848888888889,2589232,,not sampled,,46022656,"external parent process-tree RSS sampler (psutil, 10 ms; isolated trial)",100,log operations,100,True,,3.14.3,Windows-11-10.0.26200-SP0,
b7a4ec7b610742d9b827f43fd5092fe2,2026-09-23T07:23:22.726192+00:00,evaluation,medium-sparse,Revon-M (forced Merkle),ok,measured,3,5,20270823,10000,10,10,spread,32,5b37053c578c35f2e5d54ca72adc0c72b6fb2afcf6b80ee78c1e7be454403192,merkle,merkle,4096,398.6632,27.29205,2.4844,20.7759,3055616,450000,6.790257777777778,2605616,,not sampled,,46579712,"external parent process-tree RSS sampler (psutil, 10 ms; isolated trial)",1141,tree node pairs,100,True,,3.14.3,Windows-11-10.0.26200-SP0,
b7a4ec7b610742d9b827f43fd5092fe2,2026-09-23T07:23:37.729399+00:00,evaluation,medium-sparse,Dolt,ok,measured,3,6,20270823,10000,10,10,spread,32,5b37053c578c35f2e5d54ca72adc0c72b6fb2afcf6b80ee78c1e7be454403192,dolt-native,dolt-native,4096,1028.0842,1003.40545,422.8855,488.6741,939372,450000,2.087493333333333,489372,,not sampled,,158130176,"external parent process-tree RSS sampler (psutil, 10 ms; isolated trial)",,not exposed by Dolt CLI,100,True,,3.14.3,Windows-11-10.0.26200-SP0,dolt version 2.3.1 Warning: you are on an old version of Dolt. The newest version is 2.3.5.
b7a4ec7b610742d9b827f43fd5092fe2,2026-09-23T07:23:38.560655+00:00,evaluation,medium-sparse,Snapshot,ok,measured,4,1,20270823,10000,10,10,spread,32,5b37053c578c35f2e5d54ca72adc0c72b6fb2afcf6b80ee78c1e7be454403192,full-scan,full-scan,4096,22.2704,13.4639,83.1387,18.4205,5610011,450000,12.46669111111111,5160011,,not applicable,,37957632,"external parent process-tree RSS sampler (psutil, 10 ms; isolated trial)",10010,keys,100,True,,3.14.3,Windows-11-10.0.26200-SP0,
b7a4ec7b610742d9b827f43fd5092fe2,2026-09-23T07:23:54.037885+00:00,evaluation,medium-sparse,Dolt (bulk import),ok,measured,4,2,20270823,10000,10,10,spread,32,5b37053c578c35f2e5d54ca72adc0c72b6fb2afcf6b80ee78c1e7be454403192,dolt-native,dolt-native,4096,957.8288,1130.88965,488.8771,589.1106,893085,450000,1.9846333333333332,443085,,not sampled,,154656768,"external parent process-tree RSS sampler (psutil, 10 ms; isolated trial)",,not exposed by Dolt CLI,100,True,,3.14.3,Windows-11-10.0.26200-SP0,dolt version 2.3.1 Warning: you are on an old version of Dolt. The newest version is 2.3.5.
b7a4ec7b610742d9b827f43fd5092fe2,2026-09-23T07:23:55.656644+00:00,evaluation,medium-sparse,Revon-H,ok,measured,4,3,20270823,10000,10,10,spread,32,5b37053c578c35f2e5d54ca72adc0c72b6fb2afcf6b80ee78c1e7be454403192,hybrid,log,4096,290.2877,28.42285,1.4664,16.4219,3067904,450000,6.817564444444445,2617904,,not sampled,,46288896,"external parent process-tree RSS sampler (psutil, 10 ms; isolated trial)",100,log operations,100,True,,3.14.3,Windows-11-10.0.26200-SP0,
b7a4ec7b610742d9b827f43fd5092fe2,2026-09-23T07:23:56.797274+00:00,evaluation,medium-sparse,Revon-M (forced Merkle),ok,measured,4,4,20270823,10000,10,10,spread,32,5b37053c578c35f2e5d54ca72adc0c72b6fb2afcf6b80ee78c1e7be454403192,merkle,merkle,4096,201.4032,17.0328,2.2151,14.0351,3067904,450000,6.817564444444445,2617904,,not sampled,,46899200,"external parent process-tree RSS sampler (psutil, 10 ms; isolated trial)",1141,tree node pairs,100,True,,3.14.3,Windows-11-10.0.26200-SP0,
b7a4ec7b610742d9b827f43fd5092fe2,2026-09-23T07:24:18.330168+00:00,evaluation,medium-sparse,Dolt,ok,measured,4,5,20270823,10000,10,10,spread,32,5b37053c578c35f2e5d54ca72adc0c72b6fb2afcf6b80ee78c1e7be454403192,dolt-native,dolt-native,4096,1456.1124,1609.1448,536.5229,674.1447,940557,450000,2.0901266666666665,490557,,not sampled,,149344256,"external parent process-tree RSS sampler (psutil, 10 ms; isolated trial)",,not exposed by Dolt CLI,100,True,,3.14.3,Windows-11-10.0.26200-SP0,dolt version 2.3.1 Warning: you are on an old version of Dolt. The newest version is 2.3.5.
b7a4ec7b610742d9b827f43fd5092fe2,2026-09-23T07:24:19.413536+00:00,evaluation,medium-sparse,Log-only,ok,measured,4,6,20270823,10000,10,10,spread,32,5b37053c578c35f2e5d54ca72adc0c72b6fb2afcf6b80ee78c1e7be454403192,operation-log,operation-log,4096,17.1916,3.11855,11.8813,27.4154,523883,450000,1.1641844444444445,73883,,not applicable,,38666240,"external parent process-tree RSS sampler (psutil, 10 ms; isolated trial)",100,operations,100,True,,3.14.3,Windows-11-10.0.26200-SP0,
b7a4ec7b610742d9b827f43fd5092fe2,2026-09-23T07:24:35.714924+00:00,evaluation,medium-sparse,Dolt (bulk import),ok,measured,5,1,20270823,10000,10,10,spread,32,5b37053c578c35f2e5d54ca72adc0c72b6fb2afcf6b80ee78c1e7be454403192,dolt-native,dolt-native,4096,1688.6446,1033.5698,330.4129,537.3875,893757,450000,1.9861266666666666,443757,,not sampled,,151126016,"external parent process-tree RSS sampler (psutil, 10 ms; isolated trial)",,not exposed by Dolt CLI,100,True,,3.14.3,Windows-11-10.0.26200-SP0,dolt version 2.3.1 Warning: you are on an old version of Dolt. The newest version is 2.3.5.
b7a4ec7b610742d9b827f43fd5092fe2,2026-09-23T07:24:38.168680+00:00,evaluation,medium-sparse,Revon-H,ok,measured,5,2,20270823,10000,10,10,spread,32,5b37053c578c35f2e5d54ca72adc0c72b6fb2afcf6b80ee78c1e7be454403192,hybrid,log,4096,764.3928,35.9803,0.814,29.2713,3063808,450000,6.808462222222222,2613808,,not sampled,,46899200,"external parent process-tree RSS sampler (psutil, 10 ms; isolated trial)",100,log operations,100,True,,3.14.3,Windows-11-10.0.26200-SP0,
b7a4ec7b610742d9b827f43fd5092fe2,2026-09-23T07:24:40.481924+00:00,evaluation,medium-sparse,Revon-M (forced Merkle),ok,measured,5,3,20270823,10000,10,10,spread,32,5b37053c578c35f2e5d54ca72adc0c72b6fb2afcf6b80ee78c1e7be454403192,merkle,merkle,4096,591.2835,36.229150000000004,3.7331,24.5645,3059712,450000,6.79936,2609712,,not sampled,,46256128,"external parent process-tree RSS sampler (psutil, 10 ms; isolated trial)",1141,tree node pairs,100,True,,3.14.3,Windows-11-10.0.26200-SP0,
b7a4ec7b610742d9b827f43fd5092fe2,2026-09-23T07:25:00.912412+00:00,evaluation,medium-sparse,Dolt,ok,measured,5,4,20270823,10000,10,10,spread,32,5b37053c578c35f2e5d54ca72adc0c72b6fb2afcf6b80ee78c1e7be454403192,dolt-native,dolt-native,4096,1614.594,1475.6835999999998,530.7302,444.6699,940111,450000,2.0891355555555555,490111,,not sampled,,149348352,"external parent process-tree RSS sampler (psutil, 10 ms; isolated trial)",,not exposed by Dolt CLI,100,True,,3.14.3,Windows-11-10.0.26200-SP0,dolt version 2.3.1 Warning: you are on an old version of Dolt. The newest version is 2.3.5.
b7a4ec7b610742d9b827f43fd5092fe2,2026-09-23T07:25:02.121541+00:00,evaluation,medium-sparse,Log-only,ok,measured,5,5,20270823,10000,10,10,spread,32,5b37053c578c35f2e5d54ca72adc0c72b6fb2afcf6b80ee78c1e7be454403192,operation-log,operation-log,4096,14.82,3.4913499999999997,17.2891,30.5659,523883,450000,1.1641844444444445,73883,,not applicable,,38752256,"external parent process-tree RSS sampler (psutil, 10 ms; isolated trial)",100,operations,100,True,,3.14.3,Windows-11-10.0.26200-SP0,
b7a4ec7b610742d9b827f43fd5092fe2,2026-09-23T07:25:03.090007+00:00,evaluation,medium-sparse,Snapshot,ok,measured,5,6,20270823,10000,10,10,spread,32,5b37053c578c35f2e5d54ca72adc0c72b6fb2afcf6b80ee78c1e7be454403192,full-scan,full-scan,4096,12.7644,15.28655,69.0788,12.3947,5610011,450000,12.46669111111111,5160011,,not applicable,,38825984,"external parent process-tree RSS sampler (psutil, 10 ms; isolated trial)",10010,keys,100,True,,3.14.3,Windows-11-10.0.26200-SP0,
b7a4ec7b610742d9b827f43fd5092fe2,2026-09-23T07:25:04.948187+00:00,evaluation,medium-sparse,Revon-H,ok,measured,6,1,20270823,10000,10,10,spread,32,5b37053c578c35f2e5d54ca72adc0c72b6fb2afcf6b80ee78c1e7be454403192,hybrid,log,4096,358.2817,31.52285,1.3714,39.5849,3055616,450000,6.790257777777778,2605616,,not sampled,,46469120,"external parent process-tree RSS sampler (psutil, 10 ms; isolated trial)",100,log operations,100,True,,3.14.3,Windows-11-10.0.26200-SP0,
b7a4ec7b610742d9b827f43fd5092fe2,2026-09-23T07:25:06.721686+00:00,evaluation,medium-sparse,Revon-M (forced Merkle),ok,measured,6,2,20270823,10000,10,10,spread,32,5b37053c578c35f2e5d54ca72adc0c72b6fb2afcf6b80ee78c1e7be454403192,merkle,merkle,4096,391.6704,26.651249999999997,1.7769,16.4515,3051520,450000,6.781155555555555,2601520,,not sampled,,46735360,"external parent process-tree RSS sampler (psutil, 10 ms; isolated trial)",1141,tree node pairs,100,True,,3.14.3,Windows-11-10.0.26200-SP0,
b7a4ec7b610742d9b827f43fd5092fe2,2026-09-23T07:25:24.553815+00:00,evaluation,medium-sparse,Dolt,ok,measured,6,3,20270823,10000,10,10,spread,32,5b37053c578c35f2e5d54ca72adc0c72b6fb2afcf6b80ee78c1e7be454403192,dolt-native,dolt-native,4096,1496.6543,999.24485,539.5722,369.4907,940813,450000,2.0906955555555555,490813,,not sampled,,151412736,"external parent process-tree RSS sampler (psutil, 10 ms; isolated trial)",,not exposed by Dolt CLI,100,True,,3.14.3,Windows-11-10.0.26200-SP0,dolt version 2.3.1 Warning: you are on an old version of Dolt. The newest version is 2.3.5.
b7a4ec7b610742d9b827f43fd5092fe2,2026-09-23T07:25:25.579737+00:00,evaluation,medium-sparse,Log-only,ok,measured,6,4,20270823,10000,10,10,spread,32,5b37053c578c35f2e5d54ca72adc0c72b6fb2afcf6b80ee78c1e7be454403192,operation-log,operation-log,4096,142.8852,3.548,13.7315,26.7981,523883,450000,1.1641844444444445,73883,,not applicable,,38109184,"external parent process-tree RSS sampler (psutil, 10 ms; isolated trial)",100,operations,100,True,,3.14.3,Windows-11-10.0.26200-SP0,
b7a4ec7b610742d9b827f43fd5092fe2,2026-09-23T07:25:26.230879+00:00,evaluation,medium-sparse,Snapshot,ok,measured,6,5,20270823,10000,10,10,spread,32,5b37053c578c35f2e5d54ca72adc0c72b6fb2afcf6b80ee78c1e7be454403192,full-scan,full-scan,4096,11.7431,9.5273,55.3295,10.2662,5610011,450000,12.46669111111111,5160011,,not applicable,,38809600,"external parent process-tree RSS sampler (psutil, 10 ms; isolated trial)",10010,keys,100,True,,3.14.3,Windows-11-10.0.26200-SP0,
b7a4ec7b610742d9b827f43fd5092fe2,2026-09-23T07:25:39.178371+00:00,evaluation,medium-sparse,Dolt (bulk import),ok,measured,6,6,20270823,10000,10,10,spread,32,5b37053c578c35f2e5d54ca72adc0c72b6fb2afcf6b80ee78c1e7be454403192,dolt-native,dolt-native,4096,919.6545,980.0759,315.8773,370.8469,893305,450000,1.9851222222222222,443305,,not sampled,,154378240,"external parent process-tree RSS sampler (psutil, 10 ms; isolated trial)",,not exposed by Dolt CLI,100,True,,3.14.3,Windows-11-10.0.26200-SP0,dolt version 2.3.1 Warning: you are on an old version of Dolt. The newest version is 2.3.5.
b7a4ec7b610742d9b827f43fd5092fe2,2026-09-23T07:25:40.220509+00:00,evaluation,medium-sparse,Revon-M (forced Merkle),ok,measured,7,1,20270823,10000,10,10,spread,32,5b37053c578c35f2e5d54ca72adc0c72b6fb2afcf6b80ee78c1e7be454403192,merkle,merkle,4096,215.9562,15.643550000000001,1.8283,12.4969,3051520,450000,6.781155555555555,2601520,,not sampled,,46129152,"external parent process-tree RSS sampler (psutil, 10 ms; isolated trial)",1141,tree node pairs,100,True,,3.14.3,Windows-11-10.0.26200-SP0,
b7a4ec7b610742d9b827f43fd5092fe2,2026-09-23T07:25:52.781450+00:00,evaluation,medium-sparse,Dolt,ok,measured,7,2,20270823,10000,10,10,spread,32,5b37053c578c35f2e5d54ca72adc0c72b6fb2afcf6b80ee78c1e7be454403192,dolt-native,dolt-native,4096,1026.2916,887.53505,378.3465,398.9373,940288,450000,2.0895288888888888,490288,,not sampled,,151322624,"external parent process-tree RSS sampler (psutil, 10 ms; isolated trial)",,not exposed by Dolt CLI,100,True,,3.14.3,Windows-11-10.0.26200-SP0,dolt version 2.3.1 Warning: you are on an old version of Dolt. The newest version is 2.3.5.
b7a4ec7b610742d9b827f43fd5092fe2,2026-09-23T07:25:53.502452+00:00,evaluation,medium-sparse,Log-only,ok,measured,7,3,20270823,10000,10,10,spread,32,5b37053c578c35f2e5d54ca72adc0c72b6fb2afcf6b80ee78c1e7be454403192,operation-log,operation-log,4096,12.1383,2.8004,15.9052,23.1689,523883,450000,1.1641844444444445,73883,,not applicable,,38871040,"external parent process-tree RSS sampler (psutil, 10 ms; isolated trial)",100,operations,100,True,,3.14.3,Windows-11-10.0.26200-SP0,
b7a4ec7b610742d9b827f43fd5092fe2,2026-09-23T07:25:54.237596+00:00,evaluation,medium-sparse,Snapshot,ok,measured,7,4,20270823,10000,10,10,spread,32,5b37053c578c35f2e5d54ca72adc0c72b6fb2afcf6b80ee78c1e7be454403192,full-scan,full-scan,4096,20.8687,9.9192,65.6493,9.1634,5610011,450000,12.46669111111111,5160011,,not applicable,,38928384,"external parent process-tree RSS sampler (psutil, 10 ms; isolated trial)",10010,keys,100,True,,3.14.3,Windows-11-10.0.26200-SP0,
b7a4ec7b610742d9b827f43fd5092fe2,2026-09-23T07:26:07.134266+00:00,evaluation,medium-sparse,Dolt (bulk import),ok,measured,7,5,20270823,10000,10,10,spread,32,5b37053c578c35f2e5d54ca72adc0c72b6fb2afcf6b80ee78c1e7be454403192,dolt-native,dolt-native,4096,1044.8947,898.04295,362.1538,394.7751,892657,450000,1.9836822222222221,442657,,not sampled,,158433280,"external parent process-tree RSS sampler (psutil, 10 ms; isolated trial)",,not exposed by Dolt CLI,100,True,,3.14.3,Windows-11-10.0.26200-SP0,dolt version 2.3.1 Warning: you are on an old version of Dolt. The newest version is 2.3.5.
b7a4ec7b610742d9b827f43fd5092fe2,2026-09-23T07:26:08.151116+00:00,evaluation,medium-sparse,Revon-H,ok,measured,7,6,20270823,10000,10,10,spread,32,5b37053c578c35f2e5d54ca72adc0c72b6fb2afcf6b80ee78c1e7be454403192,hybrid,log,4096,203.9892,16.02685,0.5756,11.3006,3055616,450000,6.790257777777778,2605616,,not sampled,,47243264,"external parent process-tree RSS sampler (psutil, 10 ms; isolated trial)",100,log operations,100,True,,3.14.3,Windows-11-10.0.26200-SP0,
b7a4ec7b610742d9b827f43fd5092fe2,2026-09-23T07:26:20.619527+00:00,evaluation,medium-dense,Dolt (bulk import),ok,warmup,1,1,20270824,10000,10,1000,spread,32,53c484416da0adeed737d289063de17c35f8f0b1d6554eff2b120d8091ddb8f4,dolt-native,dolt-native,4096,914.6685,843.9205,535.3873,333.9796,5035048,450000,11.188995555555556,4585048,,not sampled,,164872192,"external parent process-tree RSS sampler (psutil, 10 ms; isolated trial)",,not exposed by Dolt CLI,6502,True,,3.14.3,Windows-11-10.0.26200-SP0,dolt version 2.3.1 Warning: you are on an old version of Dolt. The newest version is 2.3.5.
b7a4ec7b610742d9b827f43fd5092fe2,2026-09-23T07:26:21.666552+00:00,evaluation,medium-dense,Snapshot,ok,warmup,1,2,20270824,10000,10,1000,spread,32,53c484416da0adeed737d289063de17c35f8f0b1d6554eff2b120d8091ddb8f4,full-scan,full-scan,4096,21.3507,10.61295,89.6099,11.0135,5610011,450000,12.46669111111111,5160011,,not applicable,,45752320,"external parent process-tree RSS sampler (psutil, 10 ms; isolated trial)",10010,keys,6502,True,,3.14.3,Windows-11-10.0.26200-SP0,
b7a4ec7b610742d9b827f43fd5092fe2,2026-09-23T07:26:34.058955+00:00,evaluation,medium-dense,Dolt,ok,warmup,1,3,20270824,10000,10,1000,spread,32,53c484416da0adeed737d289063de17c35f8f0b1d6554eff2b120d8091ddb8f4,dolt-native,dolt-native,4096,917.8617,880.2449,641.1624,277.9358,5081446,450000,11.292102222222223,4631446,,not sampled,,165392384,"external parent process-tree RSS sampler (psutil, 10 ms; isolated trial)",,not exposed by Dolt CLI,6502,True,,3.14.3,Windows-11-10.0.26200-SP0,dolt version 2.3.1 Warning: you are on an old version of Dolt. The newest version is 2.3.5.
b7a4ec7b610742d9b827f43fd5092fe2,2026-09-23T07:26:36.439117+00:00,evaluation,medium-dense,Revon-H,ok,warmup,1,4,20270824,10000,10,1000,spread,32,53c484416da0adeed737d289063de17c35f8f0b1d6554eff2b120d8091ddb8f4,hybrid,merkle,4096,187.3271,126.3645,50.0874,20.5988,11157504,450000,24.794453333333333,10707504,,not sampled,,64524288,"external parent process-tree RSS sampler (psutil, 10 ms; isolated trial)",4311,tree node pairs,6502,True,,3.14.3,Windows-11-10.0.26200-SP0,
b7a4ec7b610742d9b827f43fd5092fe2,2026-09-23T07:26:38.893043+00:00,evaluation,medium-dense,Revon-M (forced Merkle),ok,warmup,1,5,20270824,10000,10,1000,spread,32,53c484416da0adeed737d289063de17c35f8f0b1d6554eff2b120d8091ddb8f4,merkle,merkle,4096,178.7473,122.30965,64.8912,22.5369,11141120,450000,24.758044444444444,10691120,,not sampled,,64356352,"external parent process-tree RSS sampler (psutil, 10 ms; isolated trial)",4311,tree node pairs,6502,True,,3.14.3,Windows-11-10.0.26200-SP0,
b7a4ec7b610742d9b827f43fd5092fe2,2026-09-23T07:26:39.665376+00:00,evaluation,medium-dense,Log-only,ok,warmup,1,6,20270824,10000,10,1000,spread,32,53c484416da0adeed737d289063de17c35f8f0b1d6554eff2b120d8091ddb8f4,operation-log,operation-log,4096,20.553,4.7859,55.2066,36.4833,1929683,450000,4.288184444444444,1479683,,not applicable,,45506560,"external parent process-tree RSS sampler (psutil, 10 ms; isolated trial)",10000,operations,6502,True,,3.14.3,Windows-11-10.0.26200-SP0,
b7a4ec7b610742d9b827f43fd5092fe2,2026-09-23T07:26:40.538214+00:00,evaluation,medium-dense,Snapshot,ok,warmup,2,1,20270824,10000,10,1000,spread,32,53c484416da0adeed737d289063de17c35f8f0b1d6554eff2b120d8091ddb8f4,full-scan,full-scan,4096,21.0319,10.77205,92.5615,10.3654,5610011,450000,12.46669111111111,5160011,,not applicable,,45731840,"external parent process-tree RSS sampler (psutil, 10 ms; isolated trial)",10010,keys,6502,True,,3.14.3,Windows-11-10.0.26200-SP0,
b7a4ec7b610742d9b827f43fd5092fe2,2026-09-23T07:26:53.137658+00:00,evaluation,medium-dense,Dolt,ok,warmup,2,2,20270824,10000,10,1000,spread,32,53c484416da0adeed737d289063de17c35f8f0b1d6554eff2b120d8091ddb8f4,dolt-native,dolt-native,4096,817.5468,865.9915,612.6214,339.7056,5081694,450000,11.292653333333334,4631694,,not sampled,,156884992,"external parent process-tree RSS sampler (psutil, 10 ms; isolated trial)",,not exposed by Dolt CLI,6502,True,,3.14.3,Windows-11-10.0.26200-SP0,dolt version 2.3.1 Warning: you are on an old version of Dolt. The newest version is 2.3.5.
b7a4ec7b610742d9b827f43fd5092fe2,2026-09-23T07:26:55.655339+00:00,evaluation,medium-dense,Revon-H,ok,warmup,2,3,20270824,10000,10,1000,spread,32,53c484416da0adeed737d289063de17c35f8f0b1d6554eff2b120d8091ddb8f4,hybrid,merkle,4096,269.8097,119.3745,52.6365,21.5611,11198464,450000,24.885475555555555,10748464,,not sampled,,64139264,"external parent process-tree RSS sampler (psutil, 10 ms; isolated trial)",4311,tree node pairs,6502,True,,3.14.3,Windows-11-10.0.26200-SP0,
b7a4ec7b610742d9b827f43fd5092fe2,2026-09-23T07:26:57.890395+00:00,evaluation,medium-dense,Revon-M (forced Merkle),ok,warmup,2,4,20270824,10000,10,1000,spread,32,53c484416da0adeed737d289063de17c35f8f0b1d6554eff2b120d8091ddb8f4,merkle,merkle,4096,168.2725,114.96915000000001,57.1826,23.4327,11206656,450000,24.90368,10756656,,not sampled,,64593920,"external parent process-tree RSS sampler (psutil, 10 ms; isolated trial)",4311,tree node pairs,6502,True,,3.14.3,Windows-11-10.0.26200-SP0,
b7a4ec7b610742d9b827f43fd5092fe2,2026-09-23T07:26:58.652237+00:00,evaluation,medium-dense,Log-only,ok,warmup,2,5,20270824,10000,10,1000,spread,32,53c484416da0adeed737d289063de17c35f8f0b1d6554eff2b120d8091ddb8f4,operation-log,operation-log,4096,20.4687,4.42635,60.8714,37.1598,1929683,450000,4.288184444444444,1479683,,not applicable,,45875200,"external parent process-tree RSS sampler (psutil, 10 ms; isolated trial)",10000,operations,6502,True,,3.14.3,Windows-11-10.0.26200-SP0,
b7a4ec7b610742d9b827f43fd5092fe2,2026-09-23T07:27:10.638239+00:00,evaluation,medium-dense,Dolt (bulk import),ok,warmup,2,6,20270824,10000,10,1000,spread,32,53c484416da0adeed737d289063de17c35f8f0b1d6554eff2b120d8091ddb8f4,dolt-native,dolt-native,4096,760.439,868.7487000000001,535.7211,355.0859,5034665,450000,11.188144444444445,4584665,,not sampled,,167997440,"external parent process-tree RSS sampler (psutil, 10 ms; isolated trial)",,not exposed by Dolt CLI,6502,True,,3.14.3,Windows-11-10.0.26200-SP0,dolt version 2.3.1 Warning: you are on an old version of Dolt. The newest version is 2.3.5.
b7a4ec7b610742d9b827f43fd5092fe2,2026-09-23T07:27:21.988841+00:00,evaluation,medium-dense,Dolt,ok,measured,1,1,20270824,10000,10,1000,spread,32,53c484416da0adeed737d289063de17c35f8f0b1d6554eff2b120d8091ddb8f4,dolt-native,dolt-native,4096,879.3964,763.67725,484.1702,284.7046,5081416,450000,11.292035555555556,4631416,2349436,dolt gc (offline),768.6129,159903744,"external parent process-tree RSS sampler (psutil, 10 ms; isolated trial)",,not exposed by Dolt CLI,6502,True,,3.14.3,Windows-11-10.0.26200-SP0,dolt version 2.3.1 Warning: you are on an old version of Dolt. The newest version is 2.3.5.
b7a4ec7b610742d9b827f43fd5092fe2,2026-09-23T07:27:24.081929+00:00,evaluation,medium-dense,Snapshot,ok,measured,1,2,20270824,10000,10,1000,spread,32,53c484416da0adeed737d289063de17c35f8f0b1d6554eff2b120d8091ddb8f4,full-scan,full-scan,4096,15.9725,14.0399,120.2569,11.7182,5610011,450000,12.46669111111111,5160011,,not applicable,,45813760,"external parent process-tree RSS sampler (psutil, 10 ms; isolated trial)",10010,keys,6502,True,,3.14.3,Windows-11-10.0.26200-SP0,
b7a4ec7b610742d9b827f43fd5092fe2,2026-09-23T07:27:35.549139+00:00,evaluation,medium-dense,Dolt (bulk import),ok,measured,1,3,20270824,10000,10,1000,spread,32,53c484416da0adeed737d289063de17c35f8f0b1d6554eff2b120d8091ddb8f4,dolt-native,dolt-native,4096,710.3472,836.38485,496.2224,293.498,5034885,450000,11.188633333333334,4584885,2346753,dolt gc (offline),738.3583,157437952,"external parent process-tree RSS sampler (psutil, 10 ms; isolated trial)",,not exposed by Dolt CLI,6502,True,,3.14.3,Windows-11-10.0.26200-SP0,dolt version 2.3.1 Warning: you are on an old version of Dolt. The newest version is 2.3.5.
b7a4ec7b610742d9b827f43fd5092fe2,2026-09-23T07:27:37.159621+00:00,evaluation,medium-dense,Log-only,ok,measured,1,4,20270824,10000,10,1000,spread,32,53c484416da0adeed737d289063de17c35f8f0b1d6554eff2b120d8091ddb8f4,operation-log,operation-log,4096,12.202,4.71965,42.8319,32.3356,1929683,450000,4.288184444444444,1479683,,not applicable,,45506560,"external parent process-tree RSS sampler (psutil, 10 ms; isolated trial)",10000,operations,6502,True,,3.14.3,Windows-11-10.0.26200-SP0,
b7a4ec7b610742d9b827f43fd5092fe2,2026-09-23T07:27:40.291565+00:00,evaluation,medium-dense,Revon-M (forced Merkle),ok,measured,1,5,20270824,10000,10,1000,spread,32,53c484416da0adeed737d289063de17c35f8f0b1d6554eff2b120d8091ddb8f4,merkle,merkle,4096,163.5217,155.3973,41.6103,17.6682,11169792,450000,24.82176,10719792,10092544,SQLite VACUUM,292.1882,64172032,"external parent process-tree RSS sampler (psutil, 10 ms; isolated trial)",4311,tree node pairs,6502,True,,3.14.3,Windows-11-10.0.26200-SP0,
b7a4ec7b610742d9b827f43fd5092fe2,2026-09-23T07:27:43.185828+00:00,evaluation,medium-dense,Revon-H,ok,measured,1,6,20270824,10000,10,1000,spread,32,53c484416da0adeed737d289063de17c35f8f0b1d6554eff2b120d8091ddb8f4,hybrid,merkle,4096,175.576,131.4479,44.8763,20.9686,11223040,450000,24.940088888888887,10773040,10096640,SQLite VACUUM,409.2674,64495616,"external parent process-tree RSS sampler (psutil, 10 ms; isolated trial)",4311,tree node pairs,6502,True,,3.14.3,Windows-11-10.0.26200-SP0,
b7a4ec7b610742d9b827f43fd5092fe2,2026-09-23T07:27:44.435459+00:00,evaluation,medium-dense,Snapshot,ok,measured,2,1,20270824,10000,10,1000,spread,32,53c484416da0adeed737d289063de17c35f8f0b1d6554eff2b120d8091ddb8f4,full-scan,full-scan,4096,15.1235,10.23535,80.8391,11.1063,5610011,450000,12.46669111111111,5160011,,not applicable,,45694976,"external parent process-tree RSS sampler (psutil, 10 ms; isolated trial)",10010,keys,6502,True,,3.14.3,Windows-11-10.0.26200-SP0,
b7a4ec7b610742d9b827f43fd5092fe2,2026-09-23T07:27:57.540925+00:00,evaluation,medium-dense,Dolt (bulk import),ok,measured,2,2,20270824,10000,10,1000,spread,32,53c484416da0adeed737d289063de17c35f8f0b1d6554eff2b120d8091ddb8f4,dolt-native,dolt-native,4096,971.1081,899.3819000000001,516.7791,271.6625,5034906,450000,11.18868,4584906,,not sampled,,156061696,"external parent process-tree RSS sampler (psutil, 10 ms; isolated trial)",,not exposed by Dolt CLI,6502,True,,3.14.3,Windows-11-10.0.26200-SP0,dolt version 2.3.1 Warning: you are on an old version of Dolt. The newest version is 2.3.5.
b7a4ec7b610742d9b827f43fd5092fe2,2026-09-23T07:27:58.390011+00:00,evaluation,medium-dense,Log-only,ok,measured,2,3,20270824,10000,10,1000,spread,32,53c484416da0adeed737d289063de17c35f8f0b1d6554eff2b120d8091ddb8f4,operation-log,operation-log,4096,20.4385,4.60865,50.5492,36.8905,1929683,450000,4.288184444444444,1479683,,not applicable,,45764608,"external parent process-tree RSS sampler (psutil, 10 ms; isolated trial)",10000,operations,6502,True,,3.14.3,Windows-11-10.0.26200-SP0,
b7a4ec7b610742d9b827f43fd5092fe2,2026-09-23T07:28:01.311256+00:00,evaluation,medium-dense,Revon-M (forced Merkle),ok,measured,2,4,20270824,10000,10,1000,spread,32,53c484416da0adeed737d289063de17c35f8f0b1d6554eff2b120d8091ddb8f4,merkle,merkle,4096,271.8685,159.1847,56.5011,18.4817,11190272,450000,24.867271111111112,10740272,,not sampled,,64282624,"external parent process-tree RSS sampler (psutil, 10 ms; isolated trial)",4311,tree node pairs,6502,True,,3.14.3,Windows-11-10.0.26200-SP0,
b7a4ec7b610742d9b827f43fd5092fe2,2026-09-23T07:28:04.395467+00:00,evaluation,medium-dense,Revon-H,ok,measured,2,5,20270824,10000,10,1000,spread,32,53c484416da0adeed737d289063de17c35f8f0b1d6554eff2b120d8091ddb8f4,hybrid,merkle,4096,183.0324,161.1144,50.3909,15.7069,11202560,450000,24.894577777777776,10752560,,not sampled,,63627264,"external parent process-tree RSS sampler (psutil, 10 ms; isolated trial)",4311,tree node pairs,6502,True,,3.14.3,Windows-11-10.0.26200-SP0,
b7a4ec7b610742d9b827f43fd5092fe2,2026-09-23T07:28:19.590514+00:00,evaluation,medium-dense,Dolt,ok,measured,2,6,20270824,10000,10,1000,spread,32,53c484416da0adeed737d289063de17c35f8f0b1d6554eff2b120d8091ddb8f4,dolt-native,dolt-native,4096,875.9592,1103.6657,719.4487,401.5849,5081673,450000,11.292606666666666,4631673,,not sampled,,156815360,"external parent process-tree RSS sampler (psutil, 10 ms; isolated trial)",,not exposed by Dolt CLI,6502,True,,3.14.3,Windows-11-10.0.26200-SP0,dolt version 2.3.1 Warning: you are on an old version of Dolt. The newest version is 2.3.5.
b7a4ec7b610742d9b827f43fd5092fe2,2026-09-23T07:28:31.842716+00:00,evaluation,medium-dense,Dolt (bulk import),ok,measured,3,1,20270824,10000,10,1000,spread,32,53c484416da0adeed737d289063de17c35f8f0b1d6554eff2b120d8091ddb8f4,dolt-native,dolt-native,4096,1120.9504,836.8878,458.9783,291.75,5034906,450000,11.18868,4584906,,not sampled,,159506432,"external parent process-tree RSS sampler (psutil, 10 ms; isolated trial)",,not exposed by Dolt CLI,6502,True,,3.14.3,Windows-11-10.0.26200-SP0,dolt version 2.3.1 Warning: you are on an old version of Dolt. The newest version is 2.3.5.
b7a4ec7b610742d9b827f43fd5092fe2,2026-09-23T07:28:32.716180+00:00,evaluation,medium-dense,Log-only,ok,measured,3,2,20270824,10000,10,1000,spread,32,53c484416da0adeed737d289063de17c35f8f0b1d6554eff2b120d8091ddb8f4,operation-log,operation-log,4096,24.4214,5.414350000000001,48.957,34.9555,1929683,450000,4.288184444444444,1479683,,not applicable,,45912064,"external parent process-tree RSS sampler (psutil, 10 ms; isolated trial)",10000,operations,6502,True,,3.14.3,Windows-11-10.0.26200-SP0,
b7a4ec7b610742d9b827f43fd5092fe2,2026-09-23T07:28:34.695346+00:00,evaluation,medium-dense,Revon-M (forced Merkle),ok,measured,3,3,20270824,10000,10,1000,spread,32,53c484416da0adeed737d289063de17c35f8f0b1d6554eff2b120d8091ddb8f4,merkle,merkle,4096,163.7426,97.6121,43.174,16.8108,11182080,450000,24.849066666666666,10732080,,not sampled,,64159744,"external parent process-tree RSS sampler (psutil, 10 ms; isolated trial)",4311,tree node pairs,6502,True,,3.14.3,Windows-11-10.0.26200-SP0,
b7a4ec7b610742d9b827f43fd5092fe2,2026-09-23T07:28:36.934508+00:00,evaluation,medium-dense,Revon-H,ok,measured,3,4,20270824,10000,10,1000,spread,32,53c484416da0adeed737d289063de17c35f8f0b1d6554eff2b120d8091ddb8f4,hybrid,merkle,4096,171.5639,127.90209999999999,53.9875,19.054,11223040,450000,24.940088888888887,10773040,,not sampled,,64000000,"external parent process-tree RSS sampler (psutil, 10 ms; isolated trial)",4311,tree node pairs,6502,True,,3.14.3,Windows-11-10.0.26200-SP0,
b7a4ec7b610742d9b827f43fd5092fe2,2026-09-23T07:28:49.136488+00:00,evaluation,medium-dense,Dolt,ok,measured,3,5,20270824,10000,10,1000,spread,32,53c484416da0adeed737d289063de17c35f8f0b1d6554eff2b120d8091ddb8f4,dolt-native,dolt-native,4096,934.1991,847.4753000000001,483.7489,350.2725,5081457,450000,11.292126666666666,4631457,,not sampled,,154353664,"external parent process-tree RSS sampler (psutil, 10 ms; isolated trial)",,not exposed by Dolt CLI,6502,True,,3.14.3,Windows-11-10.0.26200-SP0,dolt version 2.3.1 Warning: you are on an old version of Dolt. The newest version is 2.3.5.
b7a4ec7b610742d9b827f43fd5092fe2,2026-09-23T07:28:50.041923+00:00,evaluation,medium-dense,Snapshot,ok,measured,3,6,20270824,10000,10,1000,spread,32,53c484416da0adeed737d289063de17c35f8f0b1d6554eff2b120d8091ddb8f4,full-scan,full-scan,4096,19.8768,9.98845,83.1356,9.239,5610011,450000,12.46669111111111,5160011,,not applicable,,45756416,"external parent process-tree RSS sampler (psutil, 10 ms; isolated trial)",10010,keys,6502,True,,3.14.3,Windows-11-10.0.26200-SP0,
b7a4ec7b610742d9b827f43fd5092fe2,2026-09-23T07:28:50.770403+00:00,evaluation,medium-dense,Log-only,ok,measured,4,1,20270824,10000,10,1000,spread,32,53c484416da0adeed737d289063de17c35f8f0b1d6554eff2b120d8091ddb8f4,operation-log,operation-log,4096,21.918,4.569850000000001,51.7801,34.5001,1929683,450000,4.288184444444444,1479683,,not applicable,,45068288,"external parent process-tree RSS sampler (psutil, 10 ms; isolated trial)",10000,operations,6502,True,,3.14.3,Windows-11-10.0.26200-SP0,
b7a4ec7b610742d9b827f43fd5092fe2,2026-09-23T07:28:52.925664+00:00,evaluation,medium-dense,Revon-M (forced Merkle),ok,measured,4,2,20270824,10000,10,1000,spread,32,53c484416da0adeed737d289063de17c35f8f0b1d6554eff2b120d8091ddb8f4,merkle,merkle,4096,155.1741,108.12219999999999,44.9764,17.8096,11157504,450000,24.794453333333333,10707504,,not sampled,,64040960,"external parent process-tree RSS sampler (psutil, 10 ms; isolated trial)",4311,tree node pairs,6502,True,,3.14.3,Windows-11-10.0.26200-SP0,
b7a4ec7b610742d9b827f43fd5092fe2,2026-09-23T07:28:55.040614+00:00,evaluation,medium-dense,Revon-H,ok,measured,4,3,20270824,10000,10,1000,spread,32,53c484416da0adeed737d289063de17c35f8f0b1d6554eff2b120d8091ddb8f4,hybrid,merkle,4096,171.8181,114.17185,47.0156,17.7526,11161600,450000,24.803555555555555,10711600,,not sampled,,64798720,"external parent process-tree RSS sampler (psutil, 10 ms; isolated trial)",4311,tree node pairs,6502,True,,3.14.3,Windows-11-10.0.26200-SP0,
b7a4ec7b610742d9b827f43fd5092fe2,2026-09-23T07:29:07.038886+00:00,evaluation,medium-dense,Dolt,ok,measured,4,4,20270824,10000,10,1000,spread,32,53c484416da0adeed737d289063de17c35f8f0b1d6554eff2b120d8091ddb8f4,dolt-native,dolt-native,4096,942.6288,867.66065,488.4225,317.7046,5081935,450000,11.293188888888888,4631935,,not sampled,,166940672,"external parent process-tree RSS sampler (psutil, 10 ms; isolated trial)",,not exposed by Dolt CLI,6502,True,,3.14.3,Windows-11-10.0.26200-SP0,dolt version 2.3.1 Warning: you are on an old version of Dolt. The newest version is 2.3.5.
b7a4ec7b610742d9b827f43fd5092fe2,2026-09-23T07:29:07.981094+00:00,evaluation,medium-dense,Snapshot,ok,measured,4,5,20270824,10000,10,1000,spread,32,53c484416da0adeed737d289063de17c35f8f0b1d6554eff2b120d8091ddb8f4,full-scan,full-scan,4096,13.0624,9.84925,99.1542,11.4984,5610011,450000,12.46669111111111,5160011,,not applicable,,45727744,"external parent process-tree RSS sampler (psutil, 10 ms; isolated trial)",10010,keys,6502,True,,3.14.3,Windows-11-10.0.26200-SP0,
b7a4ec7b610742d9b827f43fd5092fe2,2026-09-23T07:29:21.410642+00:00,evaluation,medium-dense,Dolt (bulk import),ok,measured,4,6,20270824,10000,10,1000,spread,32,53c484416da0adeed737d289063de17c35f8f0b1d6554eff2b120d8091ddb8f4,dolt-native,dolt-native,4096,816.8366,956.3396,473.4538,261.5575,5034697,450000,11.188215555555555,4584697,,not sampled,,156577792,"external parent process-tree RSS sampler (psutil, 10 ms; isolated trial)",,not exposed by Dolt CLI,6502,True,,3.14.3,Windows-11-10.0.26200-SP0,dolt version 2.3.1 Warning: you are on an old version of Dolt. The newest version is 2.3.5.
b7a4ec7b610742d9b827f43fd5092fe2,2026-09-23T07:29:24.772599+00:00,evaluation,medium-dense,Revon-M (forced Merkle),ok,measured,5,1,20270824,10000,10,1000,spread,32,53c484416da0adeed737d289063de17c35f8f0b1d6554eff2b120d8091ddb8f4,merkle,merkle,4096,266.1585,136.15445,51.3603,19.0718,11161600,450000,24.803555555555555,10711600,,not sampled,,64327680,"external parent process-tree RSS sampler (psutil, 10 ms; isolated trial)",4311,tree node pairs,6502,True,,3.14.3,Windows-11-10.0.26200-SP0,
b7a4ec7b610742d9b827f43fd5092fe2,2026-09-23T07:29:27.171937+00:00,evaluation,medium-dense,Revon-H,ok,measured,5,2,20270824,10000,10,1000,spread,32,53c484416da0adeed737d289063de17c35f8f0b1d6554eff2b120d8091ddb8f4,hybrid,merkle,4096,170.5926,126.81975,51.4283,17.2745,11186176,450000,24.85816888888889,10736176,,not sampled,,64446464,"external parent process-tree RSS sampler (psutil, 10 ms; isolated trial)",4311,tree node pairs,6502,True,,3.14.3,Windows-11-10.0.26200-SP0,
b7a4ec7b610742d9b827f43fd5092fe2,2026-09-23T07:29:39.676237+00:00,evaluation,medium-dense,Dolt,ok,measured,5,3,20270824,10000,10,1000,spread,32,53c484416da0adeed737d289063de17c35f8f0b1d6554eff2b120d8091ddb8f4,dolt-native,dolt-native,4096,918.5577,895.09285,427.8091,270.8818,5081473,450000,11.292162222222222,4631473,,not sampled,,164413440,"external parent process-tree RSS sampler (psutil, 10 ms; isolated trial)",,not exposed by Dolt CLI,6502,True,,3.14.3,Windows-11-10.0.26200-SP0,dolt version 2.3.1 Warning: you are on an old version of Dolt. The newest version is 2.3.5.
b7a4ec7b610742d9b827f43fd5092fe2,2026-09-23T07:29:40.606271+00:00,evaluation,medium-dense,Snapshot,ok,measured,5,4,20270824,10000,10,1000,spread,32,53c484416da0adeed737d289063de17c35f8f0b1d6554eff2b120d8091ddb8f4,full-scan,full-scan,4096,13.1691,10.6281,89.2288,12.5805,5610011,450000,12.46669111111111,5160011,,not applicable,,45137920,"external parent process-tree RSS sampler (psutil, 10 ms; isolated trial)",10010,keys,6502,True,,3.14.3,Windows-11-10.0.26200-SP0,
b7a4ec7b610742d9b827f43fd5092fe2,2026-09-23T07:29:52.960217+00:00,evaluation,medium-dense,Dolt (bulk import),ok,measured,5,5,20270824,10000,10,1000,spread,32,53c484416da0adeed737d289063de17c35f8f0b1d6554eff2b120d8091ddb8f4,dolt-native,dolt-native,4096,755.5197,899.5238999999999,465.9063,284.6986,5035361,450000,11.189691111111111,4585361,,not sampled,,168783872,"external parent process-tree RSS sampler (psutil, 10 ms; isolated trial)",,not exposed by Dolt CLI,6502,True,,3.14.3,Windows-11-10.0.26200-SP0,dolt version 2.3.1 Warning: you are on an old version of Dolt. The newest version is 2.3.5.
b7a4ec7b610742d9b827f43fd5092fe2,2026-09-23T07:29:53.982627+00:00,evaluation,medium-dense,Log-only,ok,measured,5,6,20270824,10000,10,1000,spread,32,53c484416da0adeed737d289063de17c35f8f0b1d6554eff2b120d8091ddb8f4,operation-log,operation-log,4096,11.1359,4.8996,52.9214,27.7603,1929683,450000,4.288184444444444,1479683,,not applicable,,45682688,"external parent process-tree RSS sampler (psutil, 10 ms; isolated trial)",10000,operations,6502,True,,3.14.3,Windows-11-10.0.26200-SP0,
b7a4ec7b610742d9b827f43fd5092fe2,2026-09-23T07:29:56.318054+00:00,evaluation,medium-dense,Revon-H,ok,measured,6,1,20270824,10000,10,1000,spread,32,53c484416da0adeed737d289063de17c35f8f0b1d6554eff2b120d8091ddb8f4,hybrid,merkle,4096,166.2672,130.6395,48.8902,22.409,11145216,450000,24.767146666666665,10695216,,not sampled,,64180224,"external parent process-tree RSS sampler (psutil, 10 ms; isolated trial)",4311,tree node pairs,6502,True,,3.14.3,Windows-11-10.0.26200-SP0,
b7a4ec7b610742d9b827f43fd5092fe2,2026-09-23T07:30:08.741627+00:00,evaluation,medium-dense,Dolt,ok,measured,6,2,20270824,10000,10,1000,spread,32,53c484416da0adeed737d289063de17c35f8f0b1d6554eff2b120d8091ddb8f4,dolt-native,dolt-native,4096,814.6179,908.30945,502.9143,254.5303,5081690,450000,11.292644444444445,4631690,,not sampled,,162865152,"external parent process-tree RSS sampler (psutil, 10 ms; isolated trial)",,not exposed by Dolt CLI,6502,True,,3.14.3,Windows-11-10.0.26200-SP0,dolt version 2.3.1 Warning: you are on an old version of Dolt. The newest version is 2.3.5.
b7a4ec7b610742d9b827f43fd5092fe2,2026-09-23T07:30:09.628330+00:00,evaluation,medium-dense,Snapshot,ok,measured,6,3,20270824,10000,10,1000,spread,32,53c484416da0adeed737d289063de17c35f8f0b1d6554eff2b120d8091ddb8f4,full-scan,full-scan,4096,20.6321,11.19625,91.0044,10.2049,5610011,450000,12.46669111111111,5160011,,not applicable,,45694976,"external parent process-tree RSS sampler (psutil, 10 ms; isolated trial)",10010,keys,6502,True,,3.14.3,Windows-11-10.0.26200-SP0,
b7a4ec7b610742d9b827f43fd5092fe2,2026-09-23T07:30:23.537673+00:00,evaluation,medium-dense,Dolt (bulk import),ok,measured,6,4,20270824,10000,10,1000,spread,32,53c484416da0adeed737d289063de17c35f8f0b1d6554eff2b120d8091ddb8f4,dolt-native,dolt-native,4096,857.0955,1012.6945000000001,508.5872,269.0868,5035128,450000,11.189173333333333,4585128,,not sampled,,164941824,"external parent process-tree RSS sampler (psutil, 10 ms; isolated trial)",,not exposed by Dolt CLI,6502,True,,3.14.3,Windows-11-10.0.26200-SP0,dolt version 2.3.1 Warning: you are on an old version of Dolt. The newest version is 2.3.5.
b7a4ec7b610742d9b827f43fd5092fe2,2026-09-23T07:30:24.624600+00:00,evaluation,medium-dense,Log-only,ok,measured,6,5,20270824,10000,10,1000,spread,32,53c484416da0adeed737d289063de17c35f8f0b1d6554eff2b120d8091ddb8f4,operation-log,operation-log,4096,16.1174,5.215299999999999,62.653,40.8638,1929683,450000,4.288184444444444,1479683,,not applicable,,45735936,"external parent process-tree RSS sampler (psutil, 10 ms; isolated trial)",10000,operations,6502,True,,3.14.3,Windows-11-10.0.26200-SP0,
b7a4ec7b610742d9b827f43fd5092fe2,2026-09-23T07:30:27.763184+00:00,evaluation,medium-dense,Revon-M (forced Merkle),ok,measured,6,6,20270824,10000,10,1000,spread,32,53c484416da0adeed737d289063de17c35f8f0b1d6554eff2b120d8091ddb8f4,merkle,merkle,4096,193.983,169.24105,73.7375,35.9116,11190272,450000,24.867271111111112,10740272,,not sampled,,64417792,"external parent process-tree RSS sampler (psutil, 10 ms; isolated trial)",4311,tree node pairs,6502,True,,3.14.3,Windows-11-10.0.26200-SP0,
b7a4ec7b610742d9b827f43fd5092fe2,2026-09-23T07:30:46.569736+00:00,evaluation,medium-dense,Dolt,ok,measured,7,1,20270824,10000,10,1000,spread,32,53c484416da0adeed737d289063de17c35f8f0b1d6554eff2b120d8091ddb8f4,dolt-native,dolt-native,4096,1011.5971,1407.7717,528.4837,319.649,5081905,450000,11.293122222222221,4631905,,not sampled,,156770304,"external parent process-tree RSS sampler (psutil, 10 ms; isolated trial)",,not exposed by Dolt CLI,6502,True,,3.14.3,Windows-11-10.0.26200-SP0,dolt version 2.3.1 Warning: you are on an old version of Dolt. The newest version is 2.3.5.
b7a4ec7b610742d9b827f43fd5092fe2,2026-09-23T07:30:47.727380+00:00,evaluation,medium-dense,Snapshot,ok,measured,7,2,20270824,10000,10,1000,spread,32,53c484416da0adeed737d289063de17c35f8f0b1d6554eff2b120d8091ddb8f4,full-scan,full-scan,4096,19.3789,14.57075,88.0458,10.623,5610011,450000,12.46669111111111,5160011,,not applicable,,45436928,"external parent process-tree RSS sampler (psutil, 10 ms; isolated trial)",10010,keys,6502,True,,3.14.3,Windows-11-10.0.26200-SP0,
b7a4ec7b610742d9b827f43fd5092fe2,2026-09-23T07:31:02.551887+00:00,evaluation,medium-dense,Dolt (bulk import),ok,measured,7,3,20270824,10000,10,1000,spread,32,53c484416da0adeed737d289063de17c35f8f0b1d6554eff2b120d8091ddb8f4,dolt-native,dolt-native,4096,823.514,1097.5483,618.2673,449.4158,5034428,450000,11.187617777777778,4584428,,not sampled,,155746304,"external parent process-tree RSS sampler (psutil, 10 ms; isolated trial)",,not exposed by Dolt CLI,6502,True,,3.14.3,Windows-11-10.0.26200-SP0,dolt version 2.3.1 Warning: you are on an old version of Dolt. The newest version is 2.3.5.
b7a4ec7b610742d9b827f43fd5092fe2,2026-09-23T07:31:03.499379+00:00,evaluation,medium-dense,Log-only,ok,measured,7,4,20270824,10000,10,1000,spread,32,53c484416da0adeed737d289063de17c35f8f0b1d6554eff2b120d8091ddb8f4,operation-log,operation-log,4096,12.6689,4.67185,52.3501,38.4043,1929683,450000,4.288184444444444,1479683,,not applicable,,45756416,"external parent process-tree RSS sampler (psutil, 10 ms; isolated trial)",10000,operations,6502,True,,3.14.3,Windows-11-10.0.26200-SP0,
b7a4ec7b610742d9b827f43fd5092fe2,2026-09-23T07:31:07.266325+00:00,evaluation,medium-dense,Revon-M (forced Merkle),ok,measured,7,5,20270824,10000,10,1000,spread,32,53c484416da0adeed737d289063de17c35f8f0b1d6554eff2b120d8091ddb8f4,merkle,merkle,4096,323.7393,211.2717,100.0512,32.6028,11227136,450000,24.949191111111112,10777136,,not sampled,,64610304,"external parent process-tree RSS sampler (psutil, 10 ms; isolated trial)",4311,tree node pairs,6502,True,,3.14.3,Windows-11-10.0.26200-SP0,
b7a4ec7b610742d9b827f43fd5092fe2,2026-09-23T07:31:09.734556+00:00,evaluation,medium-dense,Revon-H,ok,measured,7,6,20270824,10000,10,1000,spread,32,53c484416da0adeed737d289063de17c35f8f0b1d6554eff2b120d8091ddb8f4,hybrid,merkle,4096,188.9451,130.19754999999998,52.0562,22.2664,11231232,450000,24.958293333333334,10781232,,not sampled,,63655936,"external parent process-tree RSS sampler (psutil, 10 ms; isolated trial)",4311,tree node pairs,6502,True,,3.14.3,Windows-11-10.0.26200-SP0,
b7a4ec7b610742d9b827f43fd5092fe2,2026-09-23T07:31:15.695435+00:00,evaluation,large-sparse,Revon-H,ok,warmup,1,1,20270825,100000,10,100,spread,32,a74710e5f8cf1f176718c5b779baddb57dfd2a56d514d69f91c85cf401b0c83d,hybrid,log,4096,1333.5525,147.83,63.6461,213.127,36089856,4500000,8.019968,31589856,,not sampled,,184795136,"external parent process-tree RSS sampler (psutil, 10 ms; isolated trial)",1000,log operations,995,True,,3.14.3,Windows-11-10.0.26200-SP0,
b7a4ec7b610742d9b827f43fd5092fe2,2026-09-23T07:31:18.301250+00:00,evaluation,large-sparse,Snapshot,ok,warmup,1,2,20270825,100000,10,100,spread,32,a74710e5f8cf1f176718c5b779baddb57dfd2a56d514d69f91c85cf401b0c83d,full-scan,full-scan,4096,52.1321,53.27395,538.804,110.1331,56100011,4500000,12.466669111111111,51600011,,not applicable,,154763264,"external parent process-tree RSS sampler (psutil, 10 ms; isolated trial)",100010,keys,995,True,,3.14.3,Windows-11-10.0.26200-SP0,
b7a4ec7b610742d9b827f43fd5092fe2,2026-09-23T07:31:32.521887+00:00,evaluation,large-sparse,Dolt,ok,warmup,1,3,20270825,100000,10,100,spread,32,a74710e5f8cf1f176718c5b779baddb57dfd2a56d514d69f91c85cf401b0c83d,dolt-native,dolt-native,4096,1947.1431,861.10015,305.1861,738.4489,8794219,4500000,1.954270888888889,4294219,,not sampled,,237649920,"external parent process-tree RSS sampler (psutil, 10 ms; isolated trial)",,not exposed by Dolt CLI,995,True,,3.14.3,Windows-11-10.0.26200-SP0,dolt version 2.3.1 Warning: you are on an old version of Dolt. The newest version is 2.3.5.
b7a4ec7b610742d9b827f43fd5092fe2,2026-09-23T07:31:34.093166+00:00,evaluation,large-sparse,Log-only,ok,warmup,1,4,20270825,100000,10,100,spread,32,a74710e5f8cf1f176718c5b779baddb57dfd2a56d514d69f91c85cf401b0c83d,operation-log,operation-log,4096,75.2369,3.22035,26.7592,126.0412,5241683,4500000,1.1648184444444445,741683,,not applicable,,149843968,"external parent process-tree RSS sampler (psutil, 10 ms; isolated trial)",1000,operations,995,True,,3.14.3,Windows-11-10.0.26200-SP0,
b7a4ec7b610742d9b827f43fd5092fe2,2026-09-23T07:31:48.802934+00:00,evaluation,large-sparse,Dolt (bulk import),ok,warmup,1,5,20270825,100000,10,100,spread,32,a74710e5f8cf1f176718c5b779baddb57dfd2a56d514d69f91c85cf401b0c83d,dolt-native,dolt-native,4096,1816.1358,894.2959000000001,345.6715,816.203,8232295,4500000,1.8293988888888888,3732295,,not sampled,,221143040,"external parent process-tree RSS sampler (psutil, 10 ms; isolated trial)",,not exposed by Dolt CLI,995,True,,3.14.3,Windows-11-10.0.26200-SP0,dolt version 2.3.1 Warning: you are on an old version of Dolt. The newest version is 2.3.5.
b7a4ec7b610742d9b827f43fd5092fe2,2026-09-23T07:31:53.351700+00:00,evaluation,large-sparse,Revon-M (forced Merkle),ok,warmup,1,6,20270825,100000,10,100,spread,32,a74710e5f8cf1f176718c5b779baddb57dfd2a56d514d69f91c85cf401b0c83d,merkle,merkle,4096,1067.519,103.70255,64.7382,192.8523,36118528,4500000,8.026339555555555,31618528,,not sampled,,176803840,"external parent process-tree RSS sampler (psutil, 10 ms; isolated trial)",4169,tree node pairs,995,True,,3.14.3,Windows-11-10.0.26200-SP0,
b7a4ec7b610742d9b827f43fd5092fe2,2026-09-23T07:31:55.740964+00:00,evaluation,large-sparse,Snapshot,ok,warmup,2,1,20270825,100000,10,100,spread,32,a74710e5f8cf1f176718c5b779baddb57dfd2a56d514d69f91c85cf401b0c83d,full-scan,full-scan,4096,53.3313,49.74435,456.3569,121.6916,56100011,4500000,12.466669111111111,51600011,,not applicable,,149708800,"external parent process-tree RSS sampler (psutil, 10 ms; isolated trial)",100010,keys,995,True,,3.14.3,Windows-11-10.0.26200-SP0,
b7a4ec7b610742d9b827f43fd5092fe2,2026-09-23T07:32:10.846591+00:00,evaluation,large-sparse,Dolt,ok,warmup,2,2,20270825,100000,10,100,spread,32,a74710e5f8cf1f176718c5b779baddb57dfd2a56d514d69f91c85cf401b0c83d,dolt-native,dolt-native,4096,2094.83,878.8134,353.8145,808.1136,8793805,4500000,1.954178888888889,4293805,,not sampled,,251772928,"external parent process-tree RSS sampler (psutil, 10 ms; isolated trial)",,not exposed by Dolt CLI,995,True,,3.14.3,Windows-11-10.0.26200-SP0,dolt version 2.3.1 Warning: you are on an old version of Dolt. The newest version is 2.3.5.
b7a4ec7b610742d9b827f43fd5092fe2,2026-09-23T07:32:12.422130+00:00,evaluation,large-sparse,Log-only,ok,warmup,2,3,20270825,100000,10,100,spread,32,a74710e5f8cf1f176718c5b779baddb57dfd2a56d514d69f91c85cf401b0c83d,operation-log,operation-log,4096,57.8596,3.1128,28.4237,122.9875,5241683,4500000,1.1648184444444445,741683,,not applicable,,149897216,"external parent process-tree RSS sampler (psutil, 10 ms; isolated trial)",1000,operations,995,True,,3.14.3,Windows-11-10.0.26200-SP0,
b7a4ec7b610742d9b827f43fd5092fe2,2026-09-23T07:32:27.984410+00:00,evaluation,large-sparse,Dolt (bulk import),ok,warmup,2,4,20270825,100000,10,100,spread,32,a74710e5f8cf1f176718c5b779baddb57dfd2a56d514d69f91c85cf401b0c83d,dolt-native,dolt-native,4096,2037.4037,874.4150500000001,354.91,797.045,8231677,4500000,1.8292615555555556,3731677,,not sampled,,225284096,"external parent process-tree RSS sampler (psutil, 10 ms; isolated trial)",,not exposed by Dolt CLI,995,True,,3.14.3,Windows-11-10.0.26200-SP0,dolt version 2.3.1 Warning: you are on an old version of Dolt. The newest version is 2.3.5.
b7a4ec7b610742d9b827f43fd5092fe2,2026-09-23T07:32:34.785579+00:00,evaluation,large-sparse,Revon-M (forced Merkle),ok,warmup,2,5,20270825,100000,10,100,spread,32,a74710e5f8cf1f176718c5b779baddb57dfd2a56d514d69f91c85cf401b0c83d,merkle,merkle,4096,1489.9554,198.33965,68.6214,333.4555,36122624,4500000,8.027249777777778,31622624,,not sampled,,185458688,"external parent process-tree RSS sampler (psutil, 10 ms; isolated trial)",4169,tree node pairs,995,True,,3.14.3,Windows-11-10.0.26200-SP0,
b7a4ec7b610742d9b827f43fd5092fe2,2026-09-23T07:32:41.535038+00:00,evaluation,large-sparse,Revon-H,ok,warmup,2,6,20270825,100000,10,100,spread,32,a74710e5f8cf1f176718c5b779baddb57dfd2a56d514d69f91c85cf401b0c83d,hybrid,log,4096,1479.7553,197.69995,45.6813,230.1743,36081664,4500000,8.018147555555556,31581664,,not sampled,,185004032,"external parent process-tree RSS sampler (psutil, 10 ms; isolated trial)",1000,log operations,995,True,,3.14.3,Windows-11-10.0.26200-SP0,
b7a4ec7b610742d9b827f43fd5092fe2,2026-09-23T07:32:49.003057+00:00,evaluation,large-sparse,Revon-H,ok,measured,1,1,20270825,100000,10,100,spread,32,a74710e5f8cf1f176718c5b779baddb57dfd2a56d514d69f91c85cf401b0c83d,hybrid,log,4096,1352.9886,223.82085,55.3659,597.8343,36134912,4500000,8.029980444444444,31634912,35336192,SQLite VACUUM,1382.1401,185049088,"external parent process-tree RSS sampler (psutil, 10 ms; isolated trial)",1000,log operations,995,True,,3.14.3,Windows-11-10.0.26200-SP0,
b7a4ec7b610742d9b827f43fd5092fe2,2026-09-23T07:33:00.101425+00:00,evaluation,large-sparse,Revon-M (forced Merkle),ok,measured,1,2,20270825,100000,10,100,spread,32,a74710e5f8cf1f176718c5b779baddb57dfd2a56d514d69f91c85cf401b0c83d,merkle,merkle,4096,2889.9897,267.63644999999997,71.2888,235.1125,36134912,4500000,8.029980444444444,31634912,35344384,SQLite VACUUM,973.6762,176676864,"external parent process-tree RSS sampler (psutil, 10 ms; isolated trial)",4169,tree node pairs,995,True,,3.14.3,Windows-11-10.0.26200-SP0,
b7a4ec7b610742d9b827f43fd5092fe2,2026-09-23T07:33:05.948803+00:00,evaluation,large-sparse,Snapshot,ok,measured,1,3,20270825,100000,10,100,spread,32,a74710e5f8cf1f176718c5b779baddb57dfd2a56d514d69f91c85cf401b0c83d,full-scan,full-scan,4096,104.7198,82.8321,1131.2844,270.5641,56100011,4500000,12.466669111111111,51600011,,not applicable,,157974528,"external parent process-tree RSS sampler (psutil, 10 ms; isolated trial)",100010,keys,995,True,,3.14.3,Windows-11-10.0.26200-SP0,
b7a4ec7b610742d9b827f43fd5092fe2,2026-09-23T07:33:32.760891+00:00,evaluation,large-sparse,Dolt (bulk import),ok,measured,1,4,20270825,100000,10,100,spread,32,a74710e5f8cf1f176718c5b779baddb57dfd2a56d514d69f91c85cf401b0c83d,dolt-native,dolt-native,4096,3335.9123,1656.0166,475.71,1798.0957,8232569,4500000,1.8294597777777777,3732569,4209861,dolt gc (offline),764.4766,248754176,"external parent process-tree RSS sampler (psutil, 10 ms; isolated trial)",,not exposed by Dolt CLI,995,True,,3.14.3,Windows-11-10.0.26200-SP0,dolt version 2.3.1 Warning: you are on an old version of Dolt. The newest version is 2.3.5.
b7a4ec7b610742d9b827f43fd5092fe2,2026-09-23T07:33:55.697328+00:00,evaluation,large-sparse,Dolt,ok,measured,1,5,20270825,100000,10,100,spread,32,a74710e5f8cf1f176718c5b779baddb57dfd2a56d514d69f91c85cf401b0c83d,dolt-native,dolt-native,4096,3091.8313,1200.2961,687.4066,1476.1625,8794298,4500000,1.9542884444444444,4294298,4006670,dolt gc (offline),1539.0517,240078848,"external parent process-tree RSS sampler (psutil, 10 ms; isolated trial)",,not exposed by Dolt CLI,995,True,,3.14.3,Windows-11-10.0.26200-SP0,dolt version 2.3.1 Warning: you are on an old version of Dolt. The newest version is 2.3.5.
b7a4ec7b610742d9b827f43fd5092fe2,2026-09-23T07:33:59.699051+00:00,evaluation,large-sparse,Log-only,ok,measured,1,6,20270825,100000,10,100,spread,32,a74710e5f8cf1f176718c5b779baddb57dfd2a56d514d69f91c85cf401b0c83d,operation-log,operation-log,4096,74.8881,3.35025,50.008,225.6131,5241683,4500000,1.1648184444444445,741683,,not applicable,,149716992,"external parent process-tree RSS sampler (psutil, 10 ms; isolated trial)",1000,operations,995,True,,3.14.3,Windows-11-10.0.26200-SP0,
b7a4ec7b610742d9b827f43fd5092fe2,2026-09-23T07:34:05.654586+00:00,evaluation,large-sparse,Revon-M (forced Merkle),ok,measured,2,1,20270825,100000,10,100,spread,32,a74710e5f8cf1f176718c5b779baddb57dfd2a56d514d69f91c85cf401b0c83d,merkle,merkle,4096,1634.3681,170.34175,40.6092,217.075,36098048,4500000,8.021788444444445,31598048,,not sampled,,185364480,"external parent process-tree RSS sampler (psutil, 10 ms; isolated trial)",4169,tree node pairs,995,True,,3.14.3,Windows-11-10.0.26200-SP0,
b7a4ec7b610742d9b827f43fd5092fe2,2026-09-23T07:34:09.117533+00:00,evaluation,large-sparse,Snapshot,ok,measured,2,2,20270825,100000,10,100,spread,32,a74710e5f8cf1f176718c5b779baddb57dfd2a56d514d69f91c85cf401b0c83d,full-scan,full-scan,4096,73.3696,74.60245,617.0634,224.8214,56100011,4500000,12.466669111111111,51600011,,not applicable,,158044160,"external parent process-tree RSS sampler (psutil, 10 ms; isolated trial)",100010,keys,995,True,,3.14.3,Windows-11-10.0.26200-SP0,
b7a4ec7b610742d9b827f43fd5092fe2,2026-09-23T07:34:30.269282+00:00,evaluation,large-sparse,Dolt (bulk import),ok,measured,2,3,20270825,100000,10,100,spread,32,a74710e5f8cf1f176718c5b779baddb57dfd2a56d514d69f91c85cf401b0c83d,dolt-native,dolt-native,4096,2167.9177,1107.8787499999999,564.9117,1194.6972,8232814,4500000,1.8295142222222223,3732814,,not sampled,,220467200,"external parent process-tree RSS sampler (psutil, 10 ms; isolated trial)",,not exposed by Dolt CLI,995,True,,3.14.3,Windows-11-10.0.26200-SP0,dolt version 2.3.1 Warning: you are on an old version of Dolt. The newest version is 2.3.5.
b7a4ec7b610742d9b827f43fd5092fe2,2026-09-23T07:34:52.513173+00:00,evaluation,large-sparse,Dolt,ok,measured,2,4,20270825,100000,10,100,spread,32,a74710e5f8cf1f176718c5b779baddb57dfd2a56d514d69f91c85cf401b0c83d,dolt-native,dolt-native,4096,2532.8723,1342.2541999999999,538.6982,1137.7886,8793967,4500000,1.9542148888888888,4293967,,not sampled,,270299136,"external parent process-tree RSS sampler (psutil, 10 ms; isolated trial)",,not exposed by Dolt CLI,995,True,,3.14.3,Windows-11-10.0.26200-SP0,dolt version 2.3.1 Warning: you are on an old version of Dolt. The newest version is 2.3.5.
b7a4ec7b610742d9b827f43fd5092fe2,2026-09-23T07:34:55.168290+00:00,evaluation,large-sparse,Log-only,ok,measured,2,5,20270825,100000,10,100,spread,32,a74710e5f8cf1f176718c5b779baddb57dfd2a56d514d69f91c85cf401b0c83d,operation-log,operation-log,4096,64.0352,3.19435,30.1321,193.9209,5241683,4500000,1.1648184444444445,741683,,not applicable,,150056960,"external parent process-tree RSS sampler (psutil, 10 ms; isolated trial)",1000,operations,995,True,,3.14.3,Windows-11-10.0.26200-SP0,
b7a4ec7b610742d9b827f43fd5092fe2,2026-09-23T07:35:01.134360+00:00,evaluation,large-sparse,Revon-H,ok,measured,2,6,20270825,100000,10,100,spread,32,a74710e5f8cf1f176718c5b779baddb57dfd2a56d514d69f91c85cf401b0c83d,hybrid,log,4096,1372.9493,180.96245,42.6162,214.6149,36102144,4500000,8.022698666666667,31602144,,not sampled,,176709632,"external parent process-tree RSS sampler (psutil, 10 ms; isolated trial)",1000,log operations,995,True,,3.14.3,Windows-11-10.0.26200-SP0,
b7a4ec7b610742d9b827f43fd5092fe2,2026-09-23T07:35:03.853986+00:00,evaluation,large-sparse,Snapshot,ok,measured,3,1,20270825,100000,10,100,spread,32,a74710e5f8cf1f176718c5b779baddb57dfd2a56d514d69f91c85cf401b0c83d,full-scan,full-scan,4096,52.64,55.915850000000006,500.8205,127.8565,56100011,4500000,12.466669111111111,51600011,,not applicable,,152223744,"external parent process-tree RSS sampler (psutil, 10 ms; isolated trial)",100010,keys,995,True,,3.14.3,Windows-11-10.0.26200-SP0,
b7a4ec7b610742d9b827f43fd5092fe2,2026-09-23T07:35:20.083555+00:00,evaluation,large-sparse,Dolt (bulk import),ok,measured,3,2,20270825,100000,10,100,spread,32,a74710e5f8cf1f176718c5b779baddb57dfd2a56d514d69f91c85cf401b0c83d,dolt-native,dolt-native,4096,2080.0871,959.0517,418.3886,827.4412,8232842,4500000,1.8295204444444444,3732842,,not sampled,,221663232,"external parent process-tree RSS sampler (psutil, 10 ms; isolated trial)",,not exposed by Dolt CLI,995,True,,3.14.3,Windows-11-10.0.26200-SP0,dolt version 2.3.1 Warning: you are on an old version of Dolt. The newest version is 2.3.5.
b7a4ec7b610742d9b827f43fd5092fe2,2026-09-23T07:35:35.690699+00:00,evaluation,large-sparse,Dolt,ok,measured,3,3,20270825,100000,10,100,spread,32,a74710e5f8cf1f176718c5b779baddb57dfd2a56d514d69f91c85cf401b0c83d,dolt-native,dolt-native,4096,2223.3359,909.3293,487.9488,839.1033,8794263,4500000,1.9542806666666668,4294263,,not sampled,,254095360,"external parent process-tree RSS sampler (psutil, 10 ms; isolated trial)",,not exposed by Dolt CLI,995,True,,3.14.3,Windows-11-10.0.26200-SP0,dolt version 2.3.1 Warning: you are on an old version of Dolt. The newest version is 2.3.5.
b7a4ec7b610742d9b827f43fd5092fe2,2026-09-23T07:35:37.420546+00:00,evaluation,large-sparse,Log-only,ok,measured,3,4,20270825,100000,10,100,spread,32,a74710e5f8cf1f176718c5b779baddb57dfd2a56d514d69f91c85cf401b0c83d,operation-log,operation-log,4096,61.32,2.9322,27.5524,174.5032,5241683,4500000,1.1648184444444445,741683,,not applicable,,150159360,"external parent process-tree RSS sampler (psutil, 10 ms; isolated trial)",1000,operations,995,True,,3.14.3,Windows-11-10.0.26200-SP0,
b7a4ec7b610742d9b827f43fd5092fe2,2026-09-23T07:35:42.331542+00:00,evaluation,large-sparse,Revon-H,ok,measured,3,5,20270825,100000,10,100,spread,32,a74710e5f8cf1f176718c5b779baddb57dfd2a56d514d69f91c85cf401b0c83d,hybrid,log,4096,1114.5362,121.7792,42.7601,217.379,36089856,4500000,8.019968,31589856,,not sampled,,185061376,"external parent process-tree RSS sampler (psutil, 10 ms; isolated trial)",1000,log operations,995,True,,3.14.3,Windows-11-10.0.26200-SP0,
b7a4ec7b610742d9b827f43fd5092fe2,2026-09-23T07:35:47.222577+00:00,evaluation,large-sparse,Revon-M (forced Merkle),ok,measured,3,6,20270825,100000,10,100,spread,32,a74710e5f8cf1f176718c5b779baddb57dfd2a56d514d69f91c85cf401b0c83d,merkle,merkle,4096,1241.6241,130.0359,50.4074,189.9507,36077568,4500000,8.017237333333334,31577568,,not sampled,,180973568,"external parent process-tree RSS sampler (psutil, 10 ms; isolated trial)",4169,tree node pairs,995,True,,3.14.3,Windows-11-10.0.26200-SP0,
b7a4ec7b610742d9b827f43fd5092fe2,2026-09-23T07:36:05.198279+00:00,evaluation,large-sparse,Dolt (bulk import),ok,measured,4,1,20270825,100000,10,100,spread,32,a74710e5f8cf1f176718c5b779baddb57dfd2a56d514d69f91c85cf401b0c83d,dolt-native,dolt-native,4096,1759.5147,1145.6853,467.0548,1010.2152,8232538,4500000,1.8294528888888888,3732538,,not sampled,,220938240,"external parent process-tree RSS sampler (psutil, 10 ms; isolated trial)",,not exposed by Dolt CLI,995,True,,3.14.3,Windows-11-10.0.26200-SP0,dolt version 2.3.1 Warning: you are on an old version of Dolt. The newest version is 2.3.5.
b7a4ec7b610742d9b827f43fd5092fe2,2026-09-23T07:36:26.325303+00:00,evaluation,large-sparse,Dolt,ok,measured,4,2,20270825,100000,10,100,spread,32,a74710e5f8cf1f176718c5b779baddb57dfd2a56d514d69f91c85cf401b0c83d,dolt-native,dolt-native,4096,2871.9077,1277.7183,483.0822,1128.2487,8793798,4500000,1.9541773333333334,4293798,,not sampled,,252280832,"external parent process-tree RSS sampler (psutil, 10 ms; isolated trial)",,not exposed by Dolt CLI,995,True,,3.14.3,Windows-11-10.0.26200-SP0,dolt version 2.3.1 Warning: you are on an old version of Dolt. The newest version is 2.3.5.
b7a4ec7b610742d9b827f43fd5092fe2,2026-09-23T07:36:29.208448+00:00,evaluation,large-sparse,Log-only,ok,measured,4,3,20270825,100000,10,100,spread,32,a74710e5f8cf1f176718c5b779baddb57dfd2a56d514d69f91c85cf401b0c83d,operation-log,operation-log,4096,124.5293,3.90815,31.4973,240.4522,5241683,4500000,1.1648184444444445,741683,,not applicable,,160862208,"external parent process-tree RSS sampler (psutil, 10 ms; isolated trial)",1000,operations,995,True,,3.14.3,Windows-11-10.0.26200-SP0,
b7a4ec7b610742d9b827f43fd5092fe2,2026-09-23T07:36:36.629354+00:00,evaluation,large-sparse,Revon-H,ok,measured,4,4,20270825,100000,10,100,spread,32,a74710e5f8cf1f176718c5b779baddb57dfd2a56d514d69f91c85cf401b0c83d,hybrid,log,4096,1779.3334,215.60875,58.3391,281.7659,36098048,4500000,8.021788444444445,31598048,,not sampled,,185233408,"external parent process-tree RSS sampler (psutil, 10 ms; isolated trial)",1000,log operations,995,True,,3.14.3,Windows-11-10.0.26200-SP0,
b7a4ec7b610742d9b827f43fd5092fe2,2026-09-23T07:36:44.456431+00:00,evaluation,large-sparse,Revon-M (forced Merkle),ok,measured,4,5,20270825,100000,10,100,spread,32,a74710e5f8cf1f176718c5b779baddb57dfd2a56d514d69f91c85cf401b0c83d,merkle,merkle,4096,1862.8239,206.4927,90.5665,312.0417,36110336,4500000,8.024519111111111,31610336,,not sampled,,185171968,"external parent process-tree RSS sampler (psutil, 10 ms; isolated trial)",4169,tree node pairs,995,True,,3.14.3,Windows-11-10.0.26200-SP0,
b7a4ec7b610742d9b827f43fd5092fe2,2026-09-23T07:36:48.566031+00:00,evaluation,large-sparse,Snapshot,ok,measured,4,6,20270825,100000,10,100,spread,32,a74710e5f8cf1f176718c5b779baddb57dfd2a56d514d69f91c85cf401b0c83d,full-scan,full-scan,4096,90.7919,78.07865,754.3513,191.3672,56100011,4500000,12.466669111111111,51600011,,not applicable,,160755712,"external parent process-tree RSS sampler (psutil, 10 ms; isolated trial)",100010,keys,995,True,,3.14.3,Windows-11-10.0.26200-SP0,
b7a4ec7b610742d9b827f43fd5092fe2,2026-09-23T07:37:10.690261+00:00,evaluation,large-sparse,Dolt,ok,measured,5,1,20270825,100000,10,100,spread,32,a74710e5f8cf1f176718c5b779baddb57dfd2a56d514d69f91c85cf401b0c83d,dolt-native,dolt-native,4096,2619.0833,1323.22975,454.7271,1237.0163,8794757,4500000,1.9543904444444444,4294757,,not sampled,,265859072,"external parent process-tree RSS sampler (psutil, 10 ms; isolated trial)",,not exposed by Dolt CLI,995,True,,3.14.3,Windows-11-10.0.26200-SP0,dolt version 2.3.1 Warning: you are on an old version of Dolt. The newest version is 2.3.5.
b7a4ec7b610742d9b827f43fd5092fe2,2026-09-23T07:37:13.215305+00:00,evaluation,large-sparse,Log-only,ok,measured,5,2,20270825,100000,10,100,spread,32,a74710e5f8cf1f176718c5b779baddb57dfd2a56d514d69f91c85cf401b0c83d,operation-log,operation-log,4096,103.3021,4.03425,38.9965,202.804,5241683,4500000,1.1648184444444445,741683,,not applicable,,149848064,"external parent process-tree RSS sampler (psutil, 10 ms; isolated trial)",1000,operations,995,True,,3.14.3,Windows-11-10.0.26200-SP0,
b7a4ec7b610742d9b827f43fd5092fe2,2026-09-23T07:37:20.959430+00:00,evaluation,large-sparse,Revon-H,ok,measured,5,3,20270825,100000,10,100,spread,32,a74710e5f8cf1f176718c5b779baddb57dfd2a56d514d69f91c85cf401b0c83d,hybrid,log,4096,1711.168,229.4469,64.0623,281.9695,36085760,4500000,8.019057777777778,31585760,,not sampled,,189456384,"external parent process-tree RSS sampler (psutil, 10 ms; isolated trial)",1000,log operations,995,True,,3.14.3,Windows-11-10.0.26200-SP0,
b7a4ec7b610742d9b827f43fd5092fe2,2026-09-23T07:37:29.199525+00:00,evaluation,large-sparse,Revon-M (forced Merkle),ok,measured,5,4,20270825,100000,10,100,spread,32,a74710e5f8cf1f176718c5b779baddb57dfd2a56d514d69f91c85cf401b0c83d,merkle,merkle,4096,2044.0088,233.4409,91.3578,277.5745,36110336,4500000,8.024519111111111,31610336,,not sampled,,181067776,"external parent process-tree RSS sampler (psutil, 10 ms; isolated trial)",4169,tree node pairs,995,True,,3.14.3,Windows-11-10.0.26200-SP0,
b7a4ec7b610742d9b827f43fd5092fe2,2026-09-23T07:37:33.635718+00:00,evaluation,large-sparse,Snapshot,ok,measured,5,5,20270825,100000,10,100,spread,32,a74710e5f8cf1f176718c5b779baddb57dfd2a56d514d69f91c85cf401b0c83d,full-scan,full-scan,4096,109.6373,80.76205,788.9119,242.1479,56100011,4500000,12.466669111111111,51600011,,not applicable,,153825280,"external parent process-tree RSS sampler (psutil, 10 ms; isolated trial)",100010,keys,995,True,,3.14.3,Windows-11-10.0.26200-SP0,
b7a4ec7b610742d9b827f43fd5092fe2,2026-09-23T07:37:53.943263+00:00,evaluation,large-sparse,Dolt (bulk import),ok,measured,5,6,20270825,100000,10,100,spread,32,a74710e5f8cf1f176718c5b779baddb57dfd2a56d514d69f91c85cf401b0c83d,dolt-native,dolt-native,4096,2603.9589,1332.54635,452.695,835.9444,8232598,4500000,1.8294662222222222,3732598,,not sampled,,259534848,"external parent process-tree RSS sampler (psutil, 10 ms; isolated trial)",,not exposed by Dolt CLI,995,True,,3.14.3,Windows-11-10.0.26200-SP0,dolt version 2.3.1 Warning: you are on an old version of Dolt. The newest version is 2.3.5.
b7a4ec7b610742d9b827f43fd5092fe2,2026-09-23T07:37:55.455616+00:00,evaluation,large-sparse,Log-only,ok,measured,6,1,20270825,100000,10,100,spread,32,a74710e5f8cf1f176718c5b779baddb57dfd2a56d514d69f91c85cf401b0c83d,operation-log,operation-log,4096,56.3484,3.14335,28.1862,127.3014,5241683,4500000,1.1648184444444445,741683,,not applicable,,151175168,"external parent process-tree RSS sampler (psutil, 10 ms; isolated trial)",1000,operations,995,True,,3.14.3,Windows-11-10.0.26200-SP0,
b7a4ec7b610742d9b827f43fd5092fe2,2026-09-23T07:37:59.946947+00:00,evaluation,large-sparse,Revon-H,ok,measured,6,2,20270825,100000,10,100,spread,32,a74710e5f8cf1f176718c5b779baddb57dfd2a56d514d69f91c85cf401b0c83d,hybrid,log,4096,1100.2132,96.23625000000001,46.8336,280.6876,36085760,4500000,8.019057777777778,31585760,,not sampled,,185241600,"external parent process-tree RSS sampler (psutil, 10 ms; isolated trial)",1000,log operations,995,True,,3.14.3,Windows-11-10.0.26200-SP0,
b7a4ec7b610742d9b827f43fd5092fe2,2026-09-23T07:38:04.073990+00:00,evaluation,large-sparse,Revon-M (forced Merkle),ok,measured,6,3,20270825,100000,10,100,spread,32,a74710e5f8cf1f176718c5b779baddb57dfd2a56d514d69f91c85cf401b0c83d,merkle,merkle,4096,1099.4506,88.47475,33.6696,222.6261,36147200,4500000,8.03271111111111,31647200,,not sampled,,185085952,"external parent process-tree RSS sampler (psutil, 10 ms; isolated trial)",4169,tree node pairs,995,True,,3.14.3,Windows-11-10.0.26200-SP0,
b7a4ec7b610742d9b827f43fd5092fe2,2026-09-23T07:38:06.586141+00:00,evaluation,large-sparse,Snapshot,ok,measured,6,4,20270825,100000,10,100,spread,32,a74710e5f8cf1f176718c5b779baddb57dfd2a56d514d69f91c85cf401b0c83d,full-scan,full-scan,4096,63.1896,48.401250000000005,539.3211,125.5343,56100011,4500000,12.466669111111111,51600011,,not applicable,,158400512,"external parent process-tree RSS sampler (psutil, 10 ms; isolated trial)",100010,keys,995,True,,3.14.3,Windows-11-10.0.26200-SP0,
b7a4ec7b610742d9b827f43fd5092fe2,2026-09-23T07:38:20.352280+00:00,evaluation,large-sparse,Dolt (bulk import),ok,measured,6,5,20270825,100000,10,100,spread,32,a74710e5f8cf1f176718c5b779baddb57dfd2a56d514d69f91c85cf401b0c83d,dolt-native,dolt-native,4096,1805.27,831.3448000000001,356.0528,817.3123,8232356,4500000,1.8294124444444444,3732356,,not sampled,,218030080,"external parent process-tree RSS sampler (psutil, 10 ms; isolated trial)",,not exposed by Dolt CLI,995,True,,3.14.3,Windows-11-10.0.26200-SP0,dolt version 2.3.1 Warning: you are on an old version of Dolt. The newest version is 2.3.5.
b7a4ec7b610742d9b827f43fd5092fe2,2026-09-23T07:38:36.276505+00:00,evaluation,large-sparse,Dolt,ok,measured,6,6,20270825,100000,10,100,spread,32,a74710e5f8cf1f176718c5b779baddb57dfd2a56d514d69f91c85cf401b0c83d,dolt-native,dolt-native,4096,2750.9834,898.37235,385.4405,774.161,8793814,4500000,1.954180888888889,4293814,,not sampled,,242307072,"external parent process-tree RSS sampler (psutil, 10 ms; isolated trial)",,not exposed by Dolt CLI,995,True,,3.14.3,Windows-11-10.0.26200-SP0,dolt version 2.3.1 Warning: you are on an old version of Dolt. The newest version is 2.3.5.
b7a4ec7b610742d9b827f43fd5092fe2,2026-09-23T07:38:40.988210+00:00,evaluation,large-sparse,Revon-H,ok,measured,7,1,20270825,100000,10,100,spread,32,a74710e5f8cf1f176718c5b779baddb57dfd2a56d514d69f91c85cf401b0c83d,hybrid,log,4096,1257.0975,118.52145,36.3816,183.5233,36073472,4500000,8.016327111111112,31573472,,not sampled,,189329408,"external parent process-tree RSS sampler (psutil, 10 ms; isolated trial)",1000,log operations,995,True,,3.14.3,Windows-11-10.0.26200-SP0,
b7a4ec7b610742d9b827f43fd5092fe2,2026-09-23T07:38:46.106730+00:00,evaluation,large-sparse,Revon-M (forced Merkle),ok,measured,7,2,20270825,100000,10,100,spread,32,a74710e5f8cf1f176718c5b779baddb57dfd2a56d514d69f91c85cf401b0c83d,merkle,merkle,4096,1240.634,108.903,65.7279,254.748,36114432,4500000,8.025429333333333,31614432,,not sampled,,176955392,"external parent process-tree RSS sampler (psutil, 10 ms; isolated trial)",4169,tree node pairs,995,True,,3.14.3,Windows-11-10.0.26200-SP0,
b7a4ec7b610742d9b827f43fd5092fe2,2026-09-23T07:38:48.476922+00:00,evaluation,large-sparse,Snapshot,ok,measured,7,3,20270825,100000,10,100,spread,32,a74710e5f8cf1f176718c5b779baddb57dfd2a56d514d69f91c85cf401b0c83d,full-scan,full-scan,4096,49.5839,51.0544,494.1587,119.6164,56100011,4500000,12.466669111111111,51600011,,not applicable,,149860352,"external parent process-tree RSS sampler (psutil, 10 ms; isolated trial)",100010,keys,995,True,,3.14.3,Windows-11-10.0.26200-SP0,
b7a4ec7b610742d9b827f43fd5092fe2,2026-09-23T07:39:03.264809+00:00,evaluation,large-sparse,Dolt (bulk import),ok,measured,7,4,20270825,100000,10,100,spread,32,a74710e5f8cf1f176718c5b779baddb57dfd2a56d514d69f91c85cf401b0c83d,dolt-native,dolt-native,4096,1881.042,861.141,349.5104,977.3363,8231854,4500000,1.8293008888888889,3731854,,not sampled,,236511232,"external parent process-tree RSS sampler (psutil, 10 ms; isolated trial)",,not exposed by Dolt CLI,995,True,,3.14.3,Windows-11-10.0.26200-SP0,dolt version 2.3.1 Warning: you are on an old version of Dolt. The newest version is 2.3.5.
b7a4ec7b610742d9b827f43fd5092fe2,2026-09-23T07:39:17.807282+00:00,evaluation,large-sparse,Dolt,ok,measured,7,5,20270825,100000,10,100,spread,32,a74710e5f8cf1f176718c5b779baddb57dfd2a56d514d69f91c85cf401b0c83d,dolt-native,dolt-native,4096,1961.4776,862.1387500000001,393.3568,745.5938,8793820,4500000,1.9541822222222223,4293820,,not sampled,,239747072,"external parent process-tree RSS sampler (psutil, 10 ms; isolated trial)",,not exposed by Dolt CLI,995,True,,3.14.3,Windows-11-10.0.26200-SP0,dolt version 2.3.1 Warning: you are on an old version of Dolt. The newest version is 2.3.5.
b7a4ec7b610742d9b827f43fd5092fe2,2026-09-23T07:39:19.383514+00:00,evaluation,large-sparse,Log-only,ok,measured,7,6,20270825,100000,10,100,spread,32,a74710e5f8cf1f176718c5b779baddb57dfd2a56d514d69f91c85cf401b0c83d,operation-log,operation-log,4096,54.0295,3.0739,22.9397,126.1846,5241683,4500000,1.1648184444444445,741683,,not applicable,,158314496,"external parent process-tree RSS sampler (psutil, 10 ms; isolated trial)",1000,operations,995,True,,3.14.3,Windows-11-10.0.26200-SP0,
b7a4ec7b610742d9b827f43fd5092fe2,2026-09-23T07:39:24.642762+00:00,evaluation,large-application-key-local,Revon-M (forced Merkle),ok,warmup,1,1,20270826,100000,10,100,application-key-local,32,839f51b1d7efe0f904a2bc6bc4bbdeec6eba152505bd94a5052e6934c6b3fd73,merkle,merkle,4096,1317.8615,86.56245,46.5593,217.3789,36085760,4500000,8.019057777777778,31585760,,not sampled,,189190144,"external parent process-tree RSS sampler (psutil, 10 ms; isolated trial)",3489,tree node pairs,671,True,,3.14.3,Windows-11-10.0.26200-SP0,
b7a4ec7b610742d9b827f43fd5092fe2,2026-09-23T07:39:26.119881+00:00,evaluation,large-application-key-local,Log-only,ok,warmup,1,2,20270826,100000,10,100,application-key-local,32,839f51b1d7efe0f904a2bc6bc4bbdeec6eba152505bd94a5052e6934c6b3fd73,operation-log,operation-log,4096,63.1712,3.07325,25.3171,121.7081,5241683,4500000,1.1648184444444445,741683,,not applicable,,149585920,"external parent process-tree RSS sampler (psutil, 10 ms; isolated trial)",1000,operations,671,True,,3.14.3,Windows-11-10.0.26200-SP0,
b7a4ec7b610742d9b827f43fd5092fe2,2026-09-23T07:39:31.294756+00:00,evaluation,large-application-key-local,Revon-H,ok,warmup,1,3,20270826,100000,10,100,application-key-local,32,839f51b1d7efe0f904a2bc6bc4bbdeec6eba152505bd94a5052e6934c6b3fd73,hybrid,log,4096,1288.2704,141.63619999999997,44.2303,250.8325,36110336,4500000,8.024519111111111,31610336,,not sampled,,176513024,"external parent process-tree RSS sampler (psutil, 10 ms; isolated trial)",1000,log operations,671,True,,3.14.3,Windows-11-10.0.26200-SP0,
b7a4ec7b610742d9b827f43fd5092fe2,2026-09-23T07:39:45.701438+00:00,evaluation,large-application-key-local,Dolt (bulk import),ok,warmup,1,4,20270826,100000,10,100,application-key-local,32,839f51b1d7efe0f904a2bc6bc4bbdeec6eba152505bd94a5052e6934c6b3fd73,dolt-native,dolt-native,4096,1966.1694,840.8911,348.8323,736.9123,5023944,4500000,1.116432,523944,,not sampled,,213430272,"external parent process-tree RSS sampler (psutil, 10 ms; isolated trial)",,not exposed by Dolt CLI,671,True,,3.14.3,Windows-11-10.0.26200-SP0,dolt version 2.3.1 Warning: you are on an old version of Dolt. The newest version is 2.3.5.
b7a4ec7b610742d9b827f43fd5092fe2,2026-09-23T07:39:59.964984+00:00,evaluation,large-application-key-local,Dolt,ok,warmup,1,5,20270826,100000,10,100,application-key-local,32,839f51b1d7efe0f904a2bc6bc4bbdeec6eba152505bd94a5052e6934c6b3fd73,dolt-native,dolt-native,4096,1992.8458,810.0618,348.7982,904.4423,5585183,4500000,1.2411517777777779,1085183,,not sampled,,246394880,"external parent process-tree RSS sampler (psutil, 10 ms; isolated trial)",,not exposed by Dolt CLI,671,True,,3.14.3,Windows-11-10.0.26200-SP0,dolt version 2.3.1 Warning: you are on an old version of Dolt. The newest version is 2.3.5.
b7a4ec7b610742d9b827f43fd5092fe2,2026-09-23T07:40:02.691388+00:00,evaluation,large-application-key-local,Snapshot,ok,warmup,1,6,20270826,100000,10,100,application-key-local,32,839f51b1d7efe0f904a2bc6bc4bbdeec6eba152505bd94a5052e6934c6b3fd73,full-scan,full-scan,4096,69.7304,62.52755,458.6275,116.4057,56100011,4500000,12.466669111111111,51600011,,not applicable,,155688960,"external parent process-tree RSS sampler (psutil, 10 ms; isolated trial)",100010,keys,671,True,,3.14.3,Windows-11-10.0.26200-SP0,
b7a4ec7b610742d9b827f43fd5092fe2,2026-09-23T07:40:04.348734+00:00,evaluation,large-application-key-local,Log-only,ok,warmup,2,1,20270826,100000,10,100,application-key-local,32,839f51b1d7efe0f904a2bc6bc4bbdeec6eba152505bd94a5052e6934c6b3fd73,operation-log,operation-log,4096,68.2445,3.0224,31.7148,166.1166,5241683,4500000,1.1648184444444445,741683,,not applicable,,149635072,"external parent process-tree RSS sampler (psutil, 10 ms; isolated trial)",1000,operations,671,True,,3.14.3,Windows-11-10.0.26200-SP0,
b7a4ec7b610742d9b827f43fd5092fe2,2026-09-23T07:40:08.407266+00:00,evaluation,large-application-key-local,Revon-H,ok,warmup,2,2,20270826,100000,10,100,application-key-local,32,839f51b1d7efe0f904a2bc6bc4bbdeec6eba152505bd94a5052e6934c6b3fd73,hybrid,log,4096,1026.5482,100.02834999999999,29.5103,161.9777,36147200,4500000,8.03271111111111,31647200,,not sampled,,184709120,"external parent process-tree RSS sampler (psutil, 10 ms; isolated trial)",1000,log operations,671,True,,3.14.3,Windows-11-10.0.26200-SP0,
b7a4ec7b610742d9b827f43fd5092fe2,2026-09-23T07:40:21.267952+00:00,evaluation,large-application-key-local,Dolt (bulk import),ok,warmup,2,3,20270826,100000,10,100,application-key-local,32,839f51b1d7efe0f904a2bc6bc4bbdeec6eba152505bd94a5052e6934c6b3fd73,dolt-native,dolt-native,4096,1755.1359,769.1184499999999,289.3751,679.9561,5024177,4500000,1.1164837777777779,524177,,not sampled,,253054976,"external parent process-tree RSS sampler (psutil, 10 ms; isolated trial)",,not exposed by Dolt CLI,671,True,,3.14.3,Windows-11-10.0.26200-SP0,dolt version 2.3.1 Warning: you are on an old version of Dolt. The newest version is 2.3.5.
b7a4ec7b610742d9b827f43fd5092fe2,2026-09-23T07:40:35.328600+00:00,evaluation,large-application-key-local,Dolt,ok,warmup,2,4,20270826,100000,10,100,application-key-local,32,839f51b1d7efe0f904a2bc6bc4bbdeec6eba152505bd94a5052e6934c6b3fd73,dolt-native,dolt-native,4096,1872.2526,841.1215500000001,282.2664,781.1122,5585755,4500000,1.2412788888888888,1085755,,not sampled,,247173120,"external parent process-tree RSS sampler (psutil, 10 ms; isolated trial)",,not exposed by Dolt CLI,671,True,,3.14.3,Windows-11-10.0.26200-SP0,dolt version 2.3.1 Warning: you are on an old version of Dolt. The newest version is 2.3.5.
b7a4ec7b610742d9b827f43fd5092fe2,2026-09-23T07:40:38.014452+00:00,evaluation,large-application-key-local,Snapshot,ok,warmup,2,5,20270826,100000,10,100,application-key-local,32,839f51b1d7efe0f904a2bc6bc4bbdeec6eba152505bd94a5052e6934c6b3fd73,full-scan,full-scan,4096,69.7219,54.80715,527.5551,111.2987,56100011,4500000,12.466669111111111,51600011,,not applicable,,156569600,"external parent process-tree RSS sampler (psutil, 10 ms; isolated trial)",100010,keys,671,True,,3.14.3,Windows-11-10.0.26200-SP0,
b7a4ec7b610742d9b827f43fd5092fe2,2026-09-23T07:40:42.211730+00:00,evaluation,large-application-key-local,Revon-M (forced Merkle),ok,warmup,2,6,20270826,100000,10,100,application-key-local,32,839f51b1d7efe0f904a2bc6bc4bbdeec6eba152505bd94a5052e6934c6b3fd73,merkle,merkle,4096,1071.7453,93.03765000000001,52.0562,248.648,36159488,4500000,8.035441777777777,31659488,,not sampled,,185192448,"external parent process-tree RSS sampler (psutil, 10 ms; isolated trial)",3489,tree node pairs,671,True,,3.14.3,Windows-11-10.0.26200-SP0,
b7a4ec7b610742d9b827f43fd5092fe2,2026-09-23T07:40:44.825723+00:00,evaluation,large-application-key-local,Snapshot,ok,measured,1,1,20270826,100000,10,100,application-key-local,32,839f51b1d7efe0f904a2bc6bc4bbdeec6eba152505bd94a5052e6934c6b3fd73,full-scan,full-scan,4096,57.9626,52.6102,506.57,146.6643,56100011,4500000,12.466669111111111,51600011,,not applicable,,157880320,"external parent process-tree RSS sampler (psutil, 10 ms; isolated trial)",100010,keys,671,True,,3.14.3,Windows-11-10.0.26200-SP0,
b7a4ec7b610742d9b827f43fd5092fe2,2026-09-23T07:40:58.533164+00:00,evaluation,large-application-key-local,Dolt,ok,measured,1,2,20270826,100000,10,100,application-key-local,32,839f51b1d7efe0f904a2bc6bc4bbdeec6eba152505bd94a5052e6934c6b3fd73,dolt-native,dolt-native,4096,1903.8938,821.18585,300.4898,740.8241,5585074,4500000,1.2411275555555557,1085074,2343592,dolt gc (offline),786.8163,245854208,"external parent process-tree RSS sampler (psutil, 10 ms; isolated trial)",,not exposed by Dolt CLI,671,True,,3.14.3,Windows-11-10.0.26200-SP0,dolt version 2.3.1 Warning: you are on an old version of Dolt. The newest version is 2.3.5.
b7a4ec7b610742d9b827f43fd5092fe2,2026-09-23T07:41:03.705885+00:00,evaluation,large-application-key-local,Revon-M (forced Merkle),ok,measured,1,3,20270826,100000,10,100,application-key-local,32,839f51b1d7efe0f904a2bc6bc4bbdeec6eba152505bd94a5052e6934c6b3fd73,merkle,merkle,4096,1026.7392,84.464,54.7465,195.6689,36118528,4500000,8.026339555555555,31618528,35356672,SQLite VACUUM,831.5938,184582144,"external parent process-tree RSS sampler (psutil, 10 ms; isolated trial)",3489,tree node pairs,671,True,,3.14.3,Windows-11-10.0.26200-SP0,
b7a4ec7b610742d9b827f43fd5092fe2,2026-09-23T07:41:06.148482+00:00,evaluation,large-application-key-local,Log-only,ok,measured,1,4,20270826,100000,10,100,application-key-local,32,839f51b1d7efe0f904a2bc6bc4bbdeec6eba152505bd94a5052e6934c6b3fd73,operation-log,operation-log,4096,66.3797,2.9465500000000002,24.2328,136.0295,5241683,4500000,1.1648184444444445,741683,,not applicable,,162209792,"external parent process-tree RSS sampler (psutil, 10 ms; isolated trial)",1000,operations,671,True,,3.14.3,Windows-11-10.0.26200-SP0,
b7a4ec7b610742d9b827f43fd5092fe2,2026-09-23T07:41:20.136439+00:00,evaluation,large-application-key-local,Dolt (bulk import),ok,measured,1,5,20270826,100000,10,100,application-key-local,32,839f51b1d7efe0f904a2bc6bc4bbdeec6eba152505bd94a5052e6934c6b3fd73,dolt-native,dolt-native,4096,1855.7867,789.4839,329.1042,676.2169,5024011,4500000,1.116446888888889,524011,2397070,dolt gc (offline),626.0137,218624000,"external parent process-tree RSS sampler (psutil, 10 ms; isolated trial)",,not exposed by Dolt CLI,671,True,,3.14.3,Windows-11-10.0.26200-SP0,dolt version 2.3.1 Warning: you are on an old version of Dolt. The newest version is 2.3.5.
b7a4ec7b610742d9b827f43fd5092fe2,2026-09-23T07:41:25.246158+00:00,evaluation,large-application-key-local,Revon-H,ok,measured,1,6,20270826,100000,10,100,application-key-local,32,839f51b1d7efe0f904a2bc6bc4bbdeec6eba152505bd94a5052e6934c6b3fd73,hybrid,log,4096,1167.5275,92.11359999999999,39.3611,224.7461,36122624,4500000,8.027249777777778,31622624,35360768,SQLite VACUUM,931.6171,180764672,"external parent process-tree RSS sampler (psutil, 10 ms; isolated trial)",1000,log operations,671,True,,3.14.3,Windows-11-10.0.26200-SP0,
b7a4ec7b610742d9b827f43fd5092fe2,2026-09-23T07:41:40.258926+00:00,evaluation,large-application-key-local,Dolt,ok,measured,2,1,20270826,100000,10,100,application-key-local,32,839f51b1d7efe0f904a2bc6bc4bbdeec6eba152505bd94a5052e6934c6b3fd73,dolt-native,dolt-native,4096,1994.5197,791.2033,289.8708,785.4385,5585215,4500000,1.241158888888889,1085215,,not sampled,,269672448,"external parent process-tree RSS sampler (psutil, 10 ms; isolated trial)",,not exposed by Dolt CLI,671,True,,3.14.3,Windows-11-10.0.26200-SP0,dolt version 2.3.1 Warning: you are on an old version of Dolt. The newest version is 2.3.5.
b7a4ec7b610742d9b827f43fd5092fe2,2026-09-23T07:41:44.716201+00:00,evaluation,large-application-key-local,Revon-M (forced Merkle),ok,measured,2,2,20270826,100000,10,100,application-key-local,32,839f51b1d7efe0f904a2bc6bc4bbdeec6eba152505bd94a5052e6934c6b3fd73,merkle,merkle,4096,1131.9332,104.38714999999999,43.9632,197.6987,36098048,4500000,8.021788444444445,31598048,,not sampled,,176398336,"external parent process-tree RSS sampler (psutil, 10 ms; isolated trial)",3489,tree node pairs,671,True,,3.14.3,Windows-11-10.0.26200-SP0,
b7a4ec7b610742d9b827f43fd5092fe2,2026-09-23T07:41:46.087659+00:00,evaluation,large-application-key-local,Log-only,ok,measured,2,3,20270826,100000,10,100,application-key-local,32,839f51b1d7efe0f904a2bc6bc4bbdeec6eba152505bd94a5052e6934c6b3fd73,operation-log,operation-log,4096,59.4149,2.9812,17.4169,136.5232,5241683,4500000,1.1648184444444445,741683,,not applicable,,158183424,"external parent process-tree RSS sampler (psutil, 10 ms; isolated trial)",1000,operations,671,True,,3.14.3,Windows-11-10.0.26200-SP0,
b7a4ec7b610742d9b827f43fd5092fe2,2026-09-23T07:41:59.778790+00:00,evaluation,large-application-key-local,Dolt (bulk import),ok,measured,2,4,20270826,100000,10,100,application-key-local,32,839f51b1d7efe0f904a2bc6bc4bbdeec6eba152505bd94a5052e6934c6b3fd73,dolt-native,dolt-native,4096,1845.3749,810.9294,266.0818,654.9088,5023986,4500000,1.1164413333333334,523986,,not sampled,,237187072,"external parent process-tree RSS sampler (psutil, 10 ms; isolated trial)",,not exposed by Dolt CLI,671,True,,3.14.3,Windows-11-10.0.26200-SP0,dolt version 2.3.1 Warning: you are on an old version of Dolt. The newest version is 2.3.5.
b7a4ec7b610742d9b827f43fd5092fe2,2026-09-23T07:42:04.452699+00:00,evaluation,large-application-key-local,Revon-H,ok,measured,2,5,20270826,100000,10,100,application-key-local,32,839f51b1d7efe0f904a2bc6bc4bbdeec6eba152505bd94a5052e6934c6b3fd73,hybrid,log,4096,1246.0757,88.87270000000001,41.3062,225.3073,36098048,4500000,8.021788444444445,31598048,,not sampled,,184680448,"external parent process-tree RSS sampler (psutil, 10 ms; isolated trial)",1000,log operations,671,True,,3.14.3,Windows-11-10.0.26200-SP0,
b7a4ec7b610742d9b827f43fd5092fe2,2026-09-23T07:42:06.812372+00:00,evaluation,large-application-key-local,Snapshot,ok,measured,2,6,20270826,100000,10,100,application-key-local,32,839f51b1d7efe0f904a2bc6bc4bbdeec6eba152505bd94a5052e6934c6b3fd73,full-scan,full-scan,4096,59.0453,51.92895,481.7602,116.0279,56100011,4500000,12.466669111111111,51600011,,not applicable,,149753856,"external parent process-tree RSS sampler (psutil, 10 ms; isolated trial)",100010,keys,671,True,,3.14.3,Windows-11-10.0.26200-SP0,
b7a4ec7b610742d9b827f43fd5092fe2,2026-09-23T07:42:10.966786+00:00,evaluation,large-application-key-local,Revon-M (forced Merkle),ok,measured,3,1,20270826,100000,10,100,application-key-local,32,839f51b1d7efe0f904a2bc6bc4bbdeec6eba152505bd94a5052e6934c6b3fd73,merkle,merkle,4096,1064.4166,86.18985,38.2126,221.7936,36093952,4500000,8.020878222222223,31593952,,not sampled,,176467968,"external parent process-tree RSS sampler (psutil, 10 ms; isolated trial)",3489,tree node pairs,671,True,,3.14.3,Windows-11-10.0.26200-SP0,
b7a4ec7b610742d9b827f43fd5092fe2,2026-09-23T07:42:12.308551+00:00,evaluation,large-application-key-local,Log-only,ok,measured,3,2,20270826,100000,10,100,application-key-local,32,839f51b1d7efe0f904a2bc6bc4bbdeec6eba152505bd94a5052e6934c6b3fd73,operation-log,operation-log,4096,59.3023,3.04405,20.6852,117.023,5241683,4500000,1.1648184444444445,741683,,not applicable,,162107392,"external parent process-tree RSS sampler (psutil, 10 ms; isolated trial)",1000,operations,671,True,,3.14.3,Windows-11-10.0.26200-SP0,
b7a4ec7b610742d9b827f43fd5092fe2,2026-09-23T07:42:25.718977+00:00,evaluation,large-application-key-local,Dolt (bulk import),ok,measured,3,3,20270826,100000,10,100,application-key-local,32,839f51b1d7efe0f904a2bc6bc4bbdeec6eba152505bd94a5052e6934c6b3fd73,dolt-native,dolt-native,4096,1732.761,765.1106,362.0997,708.8731,5023823,4500000,1.116405111111111,523823,,not sampled,,233259008,"external parent process-tree RSS sampler (psutil, 10 ms; isolated trial)",,not exposed by Dolt CLI,671,True,,3.14.3,Windows-11-10.0.26200-SP0,dolt version 2.3.1 Warning: you are on an old version of Dolt. The newest version is 2.3.5.
b7a4ec7b610742d9b827f43fd5092fe2,2026-09-23T07:42:30.875034+00:00,evaluation,large-application-key-local,Revon-H,ok,measured,3,4,20270826,100000,10,100,application-key-local,32,839f51b1d7efe0f904a2bc6bc4bbdeec6eba152505bd94a5052e6934c6b3fd73,hybrid,log,4096,1358.6649,89.6517,48.6211,246.7718,36102144,4500000,8.022698666666667,31602144,,not sampled,,180494336,"external parent process-tree RSS sampler (psutil, 10 ms; isolated trial)",1000,log operations,671,True,,3.14.3,Windows-11-10.0.26200-SP0,
b7a4ec7b610742d9b827f43fd5092fe2,2026-09-23T07:42:33.835864+00:00,evaluation,large-application-key-local,Snapshot,ok,measured,3,5,20270826,100000,10,100,application-key-local,32,839f51b1d7efe0f904a2bc6bc4bbdeec6eba152505bd94a5052e6934c6b3fd73,full-scan,full-scan,4096,56.2827,58.8343,532.0688,142.9782,56100011,4500000,12.466669111111111,51600011,,not applicable,,155242496,"external parent process-tree RSS sampler (psutil, 10 ms; isolated trial)",100010,keys,671,True,,3.14.3,Windows-11-10.0.26200-SP0,
b7a4ec7b610742d9b827f43fd5092fe2,2026-09-23T07:42:47.920008+00:00,evaluation,large-application-key-local,Dolt,ok,measured,3,6,20270826,100000,10,100,application-key-local,32,839f51b1d7efe0f904a2bc6bc4bbdeec6eba152505bd94a5052e6934c6b3fd73,dolt-native,dolt-native,4096,1857.4464,841.47605,347.0628,821.9384,5585229,4500000,1.241162,1085229,,not sampled,,267116544,"external parent process-tree RSS sampler (psutil, 10 ms; isolated trial)",,not exposed by Dolt CLI,671,True,,3.14.3,Windows-11-10.0.26200-SP0,dolt version 2.3.1 Warning: you are on an old version of Dolt. The newest version is 2.3.5.
b7a4ec7b610742d9b827f43fd5092fe2,2026-09-23T07:42:49.509314+00:00,evaluation,large-application-key-local,Log-only,ok,measured,4,1,20270826,100000,10,100,application-key-local,32,839f51b1d7efe0f904a2bc6bc4bbdeec6eba152505bd94a5052e6934c6b3fd73,operation-log,operation-log,4096,59.4908,3.0758,19.8562,120.0615,5241683,4500000,1.1648184444444445,741683,,not applicable,,158146560,"external parent process-tree RSS sampler (psutil, 10 ms; isolated trial)",1000,operations,671,True,,3.14.3,Windows-11-10.0.26200-SP0,
b7a4ec7b610742d9b827f43fd5092fe2,2026-09-23T07:43:03.136666+00:00,evaluation,large-application-key-local,Dolt (bulk import),ok,measured,4,2,20270826,100000,10,100,application-key-local,32,839f51b1d7efe0f904a2bc6bc4bbdeec6eba152505bd94a5052e6934c6b3fd73,dolt-native,dolt-native,4096,1649.6727,826.0354,290.6126,853.3689,5023724,4500000,1.116383111111111,523724,,not sampled,,224882688,"external parent process-tree RSS sampler (psutil, 10 ms; isolated trial)",,not exposed by Dolt CLI,671,True,,3.14.3,Windows-11-10.0.26200-SP0,dolt version 2.3.1 Warning: you are on an old version of Dolt. The newest version is 2.3.5.
b7a4ec7b610742d9b827f43fd5092fe2,2026-09-23T07:43:07.250812+00:00,evaluation,large-application-key-local,Revon-H,ok,measured,4,3,20270826,100000,10,100,application-key-local,32,839f51b1d7efe0f904a2bc6bc4bbdeec6eba152505bd94a5052e6934c6b3fd73,hybrid,log,4096,1261.5835,81.12175,29.1309,170.4387,36085760,4500000,8.019057777777778,31585760,,not sampled,,176410624,"external parent process-tree RSS sampler (psutil, 10 ms; isolated trial)",1000,log operations,671,True,,3.14.3,Windows-11-10.0.26200-SP0,
b7a4ec7b610742d9b827f43fd5092fe2,2026-09-23T07:43:09.703522+00:00,evaluation,large-application-key-local,Snapshot,ok,measured,4,4,20270826,100000,10,100,application-key-local,32,839f51b1d7efe0f904a2bc6bc4bbdeec6eba152505bd94a5052e6934c6b3fd73,full-scan,full-scan,4096,52.7539,51.19395,467.0455,124.3838,56100011,4500000,12.466669111111111,51600011,,not applicable,,158031872,"external parent process-tree RSS sampler (psutil, 10 ms; isolated trial)",100010,keys,671,True,,3.14.3,Windows-11-10.0.26200-SP0,
b7a4ec7b610742d9b827f43fd5092fe2,2026-09-23T07:43:23.845855+00:00,evaluation,large-application-key-local,Dolt,ok,measured,4,5,20270826,100000,10,100,application-key-local,32,839f51b1d7efe0f904a2bc6bc4bbdeec6eba152505bd94a5052e6934c6b3fd73,dolt-native,dolt-native,4096,1865.5476,804.04895,285.2693,921.5839,5584748,4500000,1.2410551111111112,1084748,,not sampled,,248639488,"external parent process-tree RSS sampler (psutil, 10 ms; isolated trial)",,not exposed by Dolt CLI,671,True,,3.14.3,Windows-11-10.0.26200-SP0,dolt version 2.3.1 Warning: you are on an old version of Dolt. The newest version is 2.3.5.
b7a4ec7b610742d9b827f43fd5092fe2,2026-09-23T07:43:28.283520+00:00,evaluation,large-application-key-local,Revon-M (forced Merkle),ok,measured,4,6,20270826,100000,10,100,application-key-local,32,839f51b1d7efe0f904a2bc6bc4bbdeec6eba152505bd94a5052e6934c6b3fd73,merkle,merkle,4096,1201.5808,91.88695,50.6194,190.9265,36114432,4500000,8.025429333333333,31614432,,not sampled,,176492544,"external parent process-tree RSS sampler (psutil, 10 ms; isolated trial)",3489,tree node pairs,671,True,,3.14.3,Windows-11-10.0.26200-SP0,
b7a4ec7b610742d9b827f43fd5092fe2,2026-09-23T07:43:42.179139+00:00,evaluation,large-application-key-local,Dolt (bulk import),ok,measured,5,1,20270826,100000,10,100,application-key-local,32,839f51b1d7efe0f904a2bc6bc4bbdeec6eba152505bd94a5052e6934c6b3fd73,dolt-native,dolt-native,4096,1723.841,841.6838,332.8654,762.164,5023970,4500000,1.1164377777777779,523970,,not sampled,,217174016,"external parent process-tree RSS sampler (psutil, 10 ms; isolated trial)",,not exposed by Dolt CLI,671,True,,3.14.3,Windows-11-10.0.26200-SP0,dolt version 2.3.1 Warning: you are on an old version of Dolt. The newest version is 2.3.5.
b7a4ec7b610742d9b827f43fd5092fe2,2026-09-23T07:43:46.757875+00:00,evaluation,large-application-key-local,Revon-H,ok,measured,5,2,20270826,100000,10,100,application-key-local,32,839f51b1d7efe0f904a2bc6bc4bbdeec6eba152505bd94a5052e6934c6b3fd73,hybrid,log,4096,1142.096,100.3815,32.9473,233.8988,36089856,4500000,8.019968,31589856,,not sampled,,184680448,"external parent process-tree RSS sampler (psutil, 10 ms; isolated trial)",1000,log operations,671,True,,3.14.3,Windows-11-10.0.26200-SP0,
b7a4ec7b610742d9b827f43fd5092fe2,2026-09-23T07:43:49.130957+00:00,evaluation,large-application-key-local,Snapshot,ok,measured,5,3,20270826,100000,10,100,application-key-local,32,839f51b1d7efe0f904a2bc6bc4bbdeec6eba152505bd94a5052e6934c6b3fd73,full-scan,full-scan,4096,58.4997,48.51975,507.2165,110.578,56100011,4500000,12.466669111111111,51600011,,not applicable,,153575424,"external parent process-tree RSS sampler (psutil, 10 ms; isolated trial)",100010,keys,671,True,,3.14.3,Windows-11-10.0.26200-SP0,
b7a4ec7b610742d9b827f43fd5092fe2,2026-09-23T07:44:03.926693+00:00,evaluation,large-application-key-local,Dolt,ok,measured,5,4,20270826,100000,10,100,application-key-local,32,839f51b1d7efe0f904a2bc6bc4bbdeec6eba152505bd94a5052e6934c6b3fd73,dolt-native,dolt-native,4096,2119.4221,810.5008,472.7049,959.0673,5585385,4500000,1.2411966666666667,1085385,,not sampled,,239386624,"external parent process-tree RSS sampler (psutil, 10 ms; isolated trial)",,not exposed by Dolt CLI,671,True,,3.14.3,Windows-11-10.0.26200-SP0,dolt version 2.3.1 Warning: you are on an old version of Dolt. The newest version is 2.3.5.
b7a4ec7b610742d9b827f43fd5092fe2,2026-09-23T07:44:08.317142+00:00,evaluation,large-application-key-local,Revon-M (forced Merkle),ok,measured,5,5,20270826,100000,10,100,application-key-local,32,839f51b1d7efe0f904a2bc6bc4bbdeec6eba152505bd94a5052e6934c6b3fd73,merkle,merkle,4096,1027.7438,100.58315,54.4031,197.3146,36143104,4500000,8.031800888888888,31643104,,not sampled,,180809728,"external parent process-tree RSS sampler (psutil, 10 ms; isolated trial)",3489,tree node pairs,671,True,,3.14.3,Windows-11-10.0.26200-SP0,
b7a4ec7b610742d9b827f43fd5092fe2,2026-09-23T07:44:09.698982+00:00,evaluation,large-application-key-local,Log-only,ok,measured,5,6,20270826,100000,10,100,application-key-local,32,839f51b1d7efe0f904a2bc6bc4bbdeec6eba152505bd94a5052e6934c6b3fd73,operation-log,operation-log,4096,57.2351,2.9401,24.7122,132.3941,5241683,4500000,1.1648184444444445,741683,,not applicable,,153726976,"external parent process-tree RSS sampler (psutil, 10 ms; isolated trial)",1000,operations,671,True,,3.14.3,Windows-11-10.0.26200-SP0,
b7a4ec7b610742d9b827f43fd5092fe2,2026-09-23T07:44:14.054061+00:00,evaluation,large-application-key-local,Revon-H,ok,measured,6,1,20270826,100000,10,100,application-key-local,32,839f51b1d7efe0f904a2bc6bc4bbdeec6eba152505bd94a5052e6934c6b3fd73,hybrid,log,4096,1166.7317,88.9975,36.3645,244.5,36114432,4500000,8.025429333333333,31614432,,not sampled,,176459776,"external parent process-tree RSS sampler (psutil, 10 ms; isolated trial)",1000,log operations,671,True,,3.14.3,Windows-11-10.0.26200-SP0,
b7a4ec7b610742d9b827f43fd5092fe2,2026-09-23T07:44:16.357977+00:00,evaluation,large-application-key-local,Snapshot,ok,measured,6,2,20270826,100000,10,100,application-key-local,32,839f51b1d7efe0f904a2bc6bc4bbdeec6eba152505bd94a5052e6934c6b3fd73,full-scan,full-scan,4096,53.5697,51.8524,422.3147,94.1648,56100011,4500000,12.466669111111111,51600011,,not applicable,,158183424,"external parent process-tree RSS sampler (psutil, 10 ms; isolated trial)",100010,keys,671,True,,3.14.3,Windows-11-10.0.26200-SP0,
b7a4ec7b610742d9b827f43fd5092fe2,2026-09-23T07:44:30.023474+00:00,evaluation,large-application-key-local,Dolt,ok,measured,6,3,20270826,100000,10,100,application-key-local,32,839f51b1d7efe0f904a2bc6bc4bbdeec6eba152505bd94a5052e6934c6b3fd73,dolt-native,dolt-native,4096,1870.5086,821.3480999999999,248.5556,676.3845,5585392,4500000,1.2411982222222222,1085392,,not sampled,,246247424,"external parent process-tree RSS sampler (psutil, 10 ms; isolated trial)",,not exposed by Dolt CLI,671,True,,3.14.3,Windows-11-10.0.26200-SP0,dolt version 2.3.1 Warning: you are on an old version of Dolt. The newest version is 2.3.5.
b7a4ec7b610742d9b827f43fd5092fe2,2026-09-23T07:44:34.702493+00:00,evaluation,large-application-key-local,Revon-M (forced Merkle),ok,measured,6,4,20270826,100000,10,100,application-key-local,32,839f51b1d7efe0f904a2bc6bc4bbdeec6eba152505bd94a5052e6934c6b3fd73,merkle,merkle,4096,1258.7552,90.9024,66.4996,243.4065,36089856,4500000,8.019968,31589856,,not sampled,,176447488,"external parent process-tree RSS sampler (psutil, 10 ms; isolated trial)",3489,tree node pairs,671,True,,3.14.3,Windows-11-10.0.26200-SP0,
b7a4ec7b610742d9b827f43fd5092fe2,2026-09-23T07:44:36.081880+00:00,evaluation,large-application-key-local,Log-only,ok,measured,6,5,20270826,100000,10,100,application-key-local,32,839f51b1d7efe0f904a2bc6bc4bbdeec6eba152505bd94a5052e6934c6b3fd73,operation-log,operation-log,4096,56.8592,2.8935,23.8532,120.6329,5241683,4500000,1.1648184444444445,741683,,not applicable,,149827584,"external parent process-tree RSS sampler (psutil, 10 ms; isolated trial)",1000,operations,671,True,,3.14.3,Windows-11-10.0.26200-SP0,
b7a4ec7b610742d9b827f43fd5092fe2,2026-09-23T07:44:49.714766+00:00,evaluation,large-application-key-local,Dolt (bulk import),ok,measured,6,6,20270826,100000,10,100,application-key-local,32,839f51b1d7efe0f904a2bc6bc4bbdeec6eba152505bd94a5052e6934c6b3fd73,dolt-native,dolt-native,4096,1669.0022,804.9143,296.4096,704.8205,5024356,4500000,1.1165235555555555,524356,,not sampled,,241709056,"external parent process-tree RSS sampler (psutil, 10 ms; isolated trial)",,not exposed by Dolt CLI,671,True,,3.14.3,Windows-11-10.0.26200-SP0,dolt version 2.3.1 Warning: you are on an old version of Dolt. The newest version is 2.3.5.
b7a4ec7b610742d9b827f43fd5092fe2,2026-09-23T07:44:52.318319+00:00,evaluation,large-application-key-local,Snapshot,ok,measured,7,1,20270826,100000,10,100,application-key-local,32,839f51b1d7efe0f904a2bc6bc4bbdeec6eba152505bd94a5052e6934c6b3fd73,full-scan,full-scan,4096,54.2259,58.4849,458.9113,107.2077,56100011,4500000,12.466669111111111,51600011,,not applicable,,151945216,"external parent process-tree RSS sampler (psutil, 10 ms; isolated trial)",100010,keys,671,True,,3.14.3,Windows-11-10.0.26200-SP0,
b7a4ec7b610742d9b827f43fd5092fe2,2026-09-23T07:45:06.435752+00:00,evaluation,large-application-key-local,Dolt,ok,measured,7,2,20270826,100000,10,100,application-key-local,32,839f51b1d7efe0f904a2bc6bc4bbdeec6eba152505bd94a5052e6934c6b3fd73,dolt-native,dolt-native,4096,1794.181,881.04075,275.2443,769.4235,5585437,4500000,1.2412082222222223,1085437,,not sampled,,249671680,"external parent process-tree RSS sampler (psutil, 10 ms; isolated trial)",,not exposed by Dolt CLI,671,True,,3.14.3,Windows-11-10.0.26200-SP0,dolt version 2.3.1 Warning: you are on an old version of Dolt. The newest version is 2.3.5.
b7a4ec7b610742d9b827f43fd5092fe2,2026-09-23T07:45:10.938583+00:00,evaluation,large-application-key-local,Revon-M (forced Merkle),ok,measured,7,3,20270826,100000,10,100,application-key-local,32,839f51b1d7efe0f904a2bc6bc4bbdeec6eba152505bd94a5052e6934c6b3fd73,merkle,merkle,4096,1094.8807,103.291,54.6125,253.7893,36134912,4500000,8.029980444444444,31634912,,not sampled,,184807424,"external parent process-tree RSS sampler (psutil, 10 ms; isolated trial)",3489,tree node pairs,671,True,,3.14.3,Windows-11-10.0.26200-SP0,
b7a4ec7b610742d9b827f43fd5092fe2,2026-09-23T07:45:12.293359+00:00,evaluation,large-application-key-local,Log-only,ok,measured,7,4,20270826,100000,10,100,application-key-local,32,839f51b1d7efe0f904a2bc6bc4bbdeec6eba152505bd94a5052e6934c6b3fd73,operation-log,operation-log,4096,59.6814,3.1125499999999997,24.5638,115.3339,5241683,4500000,1.1648184444444445,741683,,not applicable,,153886720,"external parent process-tree RSS sampler (psutil, 10 ms; isolated trial)",1000,operations,671,True,,3.14.3,Windows-11-10.0.26200-SP0,
b7a4ec7b610742d9b827f43fd5092fe2,2026-09-23T07:45:25.595305+00:00,evaluation,large-application-key-local,Dolt (bulk import),ok,measured,7,5,20270826,100000,10,100,application-key-local,32,839f51b1d7efe0f904a2bc6bc4bbdeec6eba152505bd94a5052e6934c6b3fd73,dolt-native,dolt-native,4096,1756.4787,769.4934499999999,252.8751,740.1322,5023722,4500000,1.1163826666666667,523722,,not sampled,,252084224,"external parent process-tree RSS sampler (psutil, 10 ms; isolated trial)",,not exposed by Dolt CLI,671,True,,3.14.3,Windows-11-10.0.26200-SP0,dolt version 2.3.1 Warning: you are on an old version of Dolt. The newest version is 2.3.5.
b7a4ec7b610742d9b827f43fd5092fe2,2026-09-23T07:45:30.010831+00:00,evaluation,large-application-key-local,Revon-H,ok,measured,7,6,20270826,100000,10,100,application-key-local,32,839f51b1d7efe0f904a2bc6bc4bbdeec6eba152505bd94a5052e6934c6b3fd73,hybrid,log,4096,1194.3437,92.50274999999999,44.7712,207.329,36147200,4500000,8.03271111111111,31647200,,not sampled,,184692736,"external parent process-tree RSS sampler (psutil, 10 ms; isolated trial)",1000,log operations,671,True,,3.14.3,Windows-11-10.0.26200-SP0,
b7a4ec7b610742d9b827f43fd5092fe2,2026-09-23T07:45:43.689173+00:00,evaluation,large-range-local,Dolt (bulk import),ok,warmup,1,1,20270827,100000,10,100,range-local,32,bc0bfb351cb86e491aa4f5f4f5c95317344fcc203ef9733fe0ed6ac6ac6c04e4,dolt-native,dolt-native,4096,1630.1492,755.5774,349.5912,830.276,4668773,4500000,1.037505111111111,168773,,not sampled,,244817920,"external parent process-tree RSS sampler (psutil, 10 ms; isolated trial)",,not exposed by Dolt CLI,1000,True,,3.14.3,Windows-11-10.0.26200-SP0,dolt version 2.3.1 Warning: you are on an old version of Dolt. The newest version is 2.3.5.
b7a4ec7b610742d9b827f43fd5092fe2,2026-09-23T07:45:47.850842+00:00,evaluation,large-range-local,Revon-M (forced Merkle),ok,warmup,1,2,20270827,100000,10,100,range-local,32,bc0bfb351cb86e491aa4f5f4f5c95317344fcc203ef9733fe0ed6ac6ac6c04e4,merkle,merkle,4096,1076.5897,87.021,65.1533,217.896,36102144,4500000,8.022698666666667,31602144,,not sampled,,185131008,"external parent process-tree RSS sampler (psutil, 10 ms; isolated trial)",4153,tree node pairs,1000,True,,3.14.3,Windows-11-10.0.26200-SP0,
b7a4ec7b610742d9b827f43fd5092fe2,2026-09-23T07:46:01.297270+00:00,evaluation,large-range-local,Dolt,ok,warmup,1,3,20270827,100000,10,100,range-local,32,bc0bfb351cb86e491aa4f5f4f5c95317344fcc203ef9733fe0ed6ac6ac6c04e4,dolt-native,dolt-native,4096,1826.1617,775.75735,314.2393,882.2631,5230147,4500000,1.1622548888888888,730147,,not sampled,,239448064,"external parent process-tree RSS sampler (psutil, 10 ms; isolated trial)",,not exposed by Dolt CLI,1000,True,,3.14.3,Windows-11-10.0.26200-SP0,dolt version 2.3.1 Warning: you are on an old version of Dolt. The newest version is 2.3.5.
b7a4ec7b610742d9b827f43fd5092fe2,2026-09-23T07:46:06.357931+00:00,evaluation,large-range-local,Revon-H,ok,warmup,1,4,20270827,100000,10,100,range-local,32,bc0bfb351cb86e491aa4f5f4f5c95317344fcc203ef9733fe0ed6ac6ac6c04e4,hybrid,log,4096,1305.9163,129.19245,43.4556,259.0078,36098048,4500000,8.021788444444445,31598048,,not sampled,,186843136,"external parent process-tree RSS sampler (psutil, 10 ms; isolated trial)",1000,log operations,1000,True,,3.14.3,Windows-11-10.0.26200-SP0,
b7a4ec7b610742d9b827f43fd5092fe2,2026-09-23T07:46:07.998364+00:00,evaluation,large-range-local,Log-only,ok,warmup,1,5,20270827,100000,10,100,range-local,32,bc0bfb351cb86e491aa4f5f4f5c95317344fcc203ef9733fe0ed6ac6ac6c04e4,operation-log,operation-log,4096,63.7124,2.822,30.1276,151.603,5241683,4500000,1.1648184444444445,741683,,not applicable,,162131968,"external parent process-tree RSS sampler (psutil, 10 ms; isolated trial)",1000,operations,1000,True,,3.14.3,Windows-11-10.0.26200-SP0,
b7a4ec7b610742d9b827f43fd5092fe2,2026-09-23T07:46:10.290763+00:00,evaluation,large-range-local,Snapshot,ok,warmup,1,6,20270827,100000,10,100,range-local,32,bc0bfb351cb86e491aa4f5f4f5c95317344fcc203ef9733fe0ed6ac6ac6c04e4,full-scan,full-scan,4096,66.4376,50.71615,412.9405,106.3119,56100011,4500000,12.466669111111111,51600011,,not applicable,,158220288,"external parent process-tree RSS sampler (psutil, 10 ms; isolated trial)",100010,keys,1000,True,,3.14.3,Windows-11-10.0.26200-SP0,
b7a4ec7b610742d9b827f43fd5092fe2,2026-09-23T07:46:14.441645+00:00,evaluation,large-range-local,Revon-M (forced Merkle),ok,warmup,2,1,20270827,100000,10,100,range-local,32,bc0bfb351cb86e491aa4f5f4f5c95317344fcc203ef9733fe0ed6ac6ac6c04e4,merkle,merkle,4096,1024.668,85.6661,60.5365,222.2241,36085760,4500000,8.019057777777778,31585760,,not sampled,,185081856,"external parent process-tree RSS sampler (psutil, 10 ms; isolated trial)",4153,tree node pairs,1000,True,,3.14.3,Windows-11-10.0.26200-SP0,
b7a4ec7b610742d9b827f43fd5092fe2,2026-09-23T07:46:27.725042+00:00,evaluation,large-range-local,Dolt,ok,warmup,2,2,20270827,100000,10,100,range-local,32,bc0bfb351cb86e491aa4f5f4f5c95317344fcc203ef9733fe0ed6ac6ac6c04e4,dolt-native,dolt-native,4096,1675.2579,756.1558,255.632,737.9377,5230518,4500000,1.1623373333333333,730518,,not sampled,,242786304,"external parent process-tree RSS sampler (psutil, 10 ms; isolated trial)",,not exposed by Dolt CLI,1000,True,,3.14.3,Windows-11-10.0.26200-SP0,dolt version 2.3.1 Warning: you are on an old version of Dolt. The newest version is 2.3.5.
b7a4ec7b610742d9b827f43fd5092fe2,2026-09-23T07:46:32.587355+00:00,evaluation,large-range-local,Revon-H,ok,warmup,2,3,20270827,100000,10,100,range-local,32,bc0bfb351cb86e491aa4f5f4f5c95317344fcc203ef9733fe0ed6ac6ac6c04e4,hybrid,log,4096,1111.1852,118.53370000000001,57.6832,251.1703,36139008,4500000,8.030890666666666,31639008,,not sampled,,185073664,"external parent process-tree RSS sampler (psutil, 10 ms; isolated trial)",1000,log operations,1000,True,,3.14.3,Windows-11-10.0.26200-SP0,
b7a4ec7b610742d9b827f43fd5092fe2,2026-09-23T07:46:34.274691+00:00,evaluation,large-range-local,Log-only,ok,warmup,2,4,20270827,100000,10,100,range-local,32,bc0bfb351cb86e491aa4f5f4f5c95317344fcc203ef9733fe0ed6ac6ac6c04e4,operation-log,operation-log,4096,56.4407,2.8139000000000003,19.5437,156.9992,5241683,4500000,1.1648184444444445,741683,,not applicable,,150028288,"external parent process-tree RSS sampler (psutil, 10 ms; isolated trial)",1000,operations,1000,True,,3.14.3,Windows-11-10.0.26200-SP0,
b7a4ec7b610742d9b827f43fd5092fe2,2026-09-23T07:46:36.728133+00:00,evaluation,large-range-local,Snapshot,ok,warmup,2,5,20270827,100000,10,100,range-local,32,bc0bfb351cb86e491aa4f5f4f5c95317344fcc203ef9733fe0ed6ac6ac6c04e4,full-scan,full-scan,4096,52.651,52.4577,458.1982,115.7466,56100011,4500000,12.466669111111111,51600011,,not applicable,,151969792,"external parent process-tree RSS sampler (psutil, 10 ms; isolated trial)",100010,keys,1000,True,,3.14.3,Windows-11-10.0.26200-SP0,
b7a4ec7b610742d9b827f43fd5092fe2,2026-09-23T07:46:49.656080+00:00,evaluation,large-range-local,Dolt (bulk import),ok,warmup,2,6,20270827,100000,10,100,range-local,32,bc0bfb351cb86e491aa4f5f4f5c95317344fcc203ef9733fe0ed6ac6ac6c04e4,dolt-native,dolt-native,4096,1631.3939,749.8195499999999,310.0158,704.544,4668545,4500000,1.0374544444444445,168545,,not sampled,,217321472,"external parent process-tree RSS sampler (psutil, 10 ms; isolated trial)",,not exposed by Dolt CLI,1000,True,,3.14.3,Windows-11-10.0.26200-SP0,dolt version 2.3.1 Warning: you are on an old version of Dolt. The newest version is 2.3.5.
b7a4ec7b610742d9b827f43fd5092fe2,2026-09-23T07:46:51.140042+00:00,evaluation,large-range-local,Log-only,ok,measured,1,1,20270827,100000,10,100,range-local,32,bc0bfb351cb86e491aa4f5f4f5c95317344fcc203ef9733fe0ed6ac6ac6c04e4,operation-log,operation-log,4096,60.0131,3.09545,19.9821,116.2111,5241683,4500000,1.1648184444444445,741683,,not applicable,,158162944,"external parent process-tree RSS sampler (psutil, 10 ms; isolated trial)",1000,operations,1000,True,,3.14.3,Windows-11-10.0.26200-SP0,
b7a4ec7b610742d9b827f43fd5092fe2,2026-09-23T07:46:55.596284+00:00,evaluation,large-range-local,Revon-H,ok,measured,1,2,20270827,100000,10,100,range-local,32,bc0bfb351cb86e491aa4f5f4f5c95317344fcc203ef9733fe0ed6ac6ac6c04e4,hybrid,log,4096,1060.3923,120.0452,42.9545,210.0044,36089856,4500000,8.019968,31589856,35315712,SQLite VACUUM,856.0924,176648192,"external parent process-tree RSS sampler (psutil, 10 ms; isolated trial)",1000,log operations,1000,True,,3.14.3,Windows-11-10.0.26200-SP0,
b7a4ec7b610742d9b827f43fd5092fe2,2026-09-23T07:47:10.009684+00:00,evaluation,large-range-local,Dolt (bulk import),ok,measured,1,3,20270827,100000,10,100,range-local,32,bc0bfb351cb86e491aa4f5f4f5c95317344fcc203ef9733fe0ed6ac6ac6c04e4,dolt-native,dolt-native,4096,1642.4478,803.4083499999999,351.6182,785.7287,4668860,4500000,1.0375244444444445,168860,2166353,dolt gc (offline),702.239,218939392,"external parent process-tree RSS sampler (psutil, 10 ms; isolated trial)",,not exposed by Dolt CLI,1000,True,,3.14.3,Windows-11-10.0.26200-SP0,dolt version 2.3.1 Warning: you are on an old version of Dolt. The newest version is 2.3.5.
b7a4ec7b610742d9b827f43fd5092fe2,2026-09-23T07:47:24.505823+00:00,evaluation,large-range-local,Dolt,ok,measured,1,4,20270827,100000,10,100,range-local,32,bc0bfb351cb86e491aa4f5f4f5c95317344fcc203ef9733fe0ed6ac6ac6c04e4,dolt-native,dolt-native,4096,1681.0556,781.0617,358.2334,728.4807,5230013,4500000,1.162225111111111,730013,2226475,dolt gc (offline),706.4291,246829056,"external parent process-tree RSS sampler (psutil, 10 ms; isolated trial)",,not exposed by Dolt CLI,1000,True,,3.14.3,Windows-11-10.0.26200-SP0,dolt version 2.3.1 Warning: you are on an old version of Dolt. The newest version is 2.3.5.
b7a4ec7b610742d9b827f43fd5092fe2,2026-09-23T07:47:30.299963+00:00,evaluation,large-range-local,Revon-M (forced Merkle),ok,measured,1,5,20270827,100000,10,100,range-local,32,bc0bfb351cb86e491aa4f5f4f5c95317344fcc203ef9733fe0ed6ac6ac6c04e4,merkle,merkle,4096,1174.3015,112.41329999999999,50.494,253.7359,36106240,4500000,8.023608888888889,31606240,35328000,SQLite VACUUM,737.772,176635904,"external parent process-tree RSS sampler (psutil, 10 ms; isolated trial)",4153,tree node pairs,1000,True,,3.14.3,Windows-11-10.0.26200-SP0,
b7a4ec7b610742d9b827f43fd5092fe2,2026-09-23T07:47:33.524561+00:00,evaluation,large-range-local,Snapshot,ok,measured,1,6,20270827,100000,10,100,range-local,32,bc0bfb351cb86e491aa4f5f4f5c95317344fcc203ef9733fe0ed6ac6ac6c04e4,full-scan,full-scan,4096,59.8239,58.3275,489.8248,102.2043,56100011,4500000,12.466669111111111,51600011,,not applicable,,158253056,"external parent process-tree RSS sampler (psutil, 10 ms; isolated trial)",100010,keys,1000,True,,3.14.3,Windows-11-10.0.26200-SP0,
b7a4ec7b610742d9b827f43fd5092fe2,2026-09-23T07:47:38.053762+00:00,evaluation,large-range-local,Revon-H,ok,measured,2,1,20270827,100000,10,100,range-local,32,bc0bfb351cb86e491aa4f5f4f5c95317344fcc203ef9733fe0ed6ac6ac6c04e4,hybrid,log,4096,1155.4819,113.04905,43.5587,225.3625,36110336,4500000,8.024519111111111,31610336,,not sampled,,176332800,"external parent process-tree RSS sampler (psutil, 10 ms; isolated trial)",1000,log operations,1000,True,,3.14.3,Windows-11-10.0.26200-SP0,
b7a4ec7b610742d9b827f43fd5092fe2,2026-09-23T07:47:51.305649+00:00,evaluation,large-range-local,Dolt (bulk import),ok,measured,2,2,20270827,100000,10,100,range-local,32,bc0bfb351cb86e491aa4f5f4f5c95317344fcc203ef9733fe0ed6ac6ac6c04e4,dolt-native,dolt-native,4096,1655.6162,769.1536000000001,416.0742,729.2745,4669043,4500000,1.037565111111111,169043,,not sampled,,247214080,"external parent process-tree RSS sampler (psutil, 10 ms; isolated trial)",,not exposed by Dolt CLI,1000,True,,3.14.3,Windows-11-10.0.26200-SP0,dolt version 2.3.1 Warning: you are on an old version of Dolt. The newest version is 2.3.5.
b7a4ec7b610742d9b827f43fd5092fe2,2026-09-23T07:48:04.648290+00:00,evaluation,large-range-local,Dolt,ok,measured,2,3,20270827,100000,10,100,range-local,32,bc0bfb351cb86e491aa4f5f4f5c95317344fcc203ef9733fe0ed6ac6ac6c04e4,dolt-native,dolt-native,4096,1805.1059,781.53835,262.9978,686.1913,5230457,4500000,1.1623237777777777,730457,,not sampled,,242057216,"external parent process-tree RSS sampler (psutil, 10 ms; isolated trial)",,not exposed by Dolt CLI,1000,True,,3.14.3,Windows-11-10.0.26200-SP0,dolt version 2.3.1 Warning: you are on an old version of Dolt. The newest version is 2.3.5.
b7a4ec7b610742d9b827f43fd5092fe2,2026-09-23T07:48:08.822246+00:00,evaluation,large-range-local,Revon-M (forced Merkle),ok,measured,2,4,20270827,100000,10,100,range-local,32,bc0bfb351cb86e491aa4f5f4f5c95317344fcc203ef9733fe0ed6ac6ac6c04e4,merkle,merkle,4096,1194.7833,89.5886,64.0556,202.8637,36118528,4500000,8.026339555555555,31618528,,not sampled,,189153280,"external parent process-tree RSS sampler (psutil, 10 ms; isolated trial)",4153,tree node pairs,1000,True,,3.14.3,Windows-11-10.0.26200-SP0,
b7a4ec7b610742d9b827f43fd5092fe2,2026-09-23T07:48:11.478918+00:00,evaluation,large-range-local,Snapshot,ok,measured,2,5,20270827,100000,10,100,range-local,32,bc0bfb351cb86e491aa4f5f4f5c95317344fcc203ef9733fe0ed6ac6ac6c04e4,full-scan,full-scan,4096,64.453,61.47165,525.0846,122.3351,56100011,4500000,12.466669111111111,51600011,,not applicable,,153968640,"external parent process-tree RSS sampler (psutil, 10 ms; isolated trial)",100010,keys,1000,True,,3.14.3,Windows-11-10.0.26200-SP0,
b7a4ec7b610742d9b827f43fd5092fe2,2026-09-23T07:48:12.808547+00:00,evaluation,large-range-local,Log-only,ok,measured,2,6,20270827,100000,10,100,range-local,32,bc0bfb351cb86e491aa4f5f4f5c95317344fcc203ef9733fe0ed6ac6ac6c04e4,operation-log,operation-log,4096,59.3581,3.0242,20.3678,111.847,5241683,4500000,1.1648184444444445,741683,,not applicable,,154124288,"external parent process-tree RSS sampler (psutil, 10 ms; isolated trial)",1000,operations,1000,True,,3.14.3,Windows-11-10.0.26200-SP0,
b7a4ec7b610742d9b827f43fd5092fe2,2026-09-23T07:48:26.204619+00:00,evaluation,large-range-local,Dolt (bulk import),ok,measured,3,1,20270827,100000,10,100,range-local,32,bc0bfb351cb86e491aa4f5f4f5c95317344fcc203ef9733fe0ed6ac6ac6c04e4,dolt-native,dolt-native,4096,1813.1966,715.4963499999999,307.581,850.6006,4669089,4500000,1.0375753333333333,169089,,not sampled,,251293696,"external parent process-tree RSS sampler (psutil, 10 ms; isolated trial)",,not exposed by Dolt CLI,1000,True,,3.14.3,Windows-11-10.0.26200-SP0,dolt version 2.3.1 Warning: you are on an old version of Dolt. The newest version is 2.3.5.
b7a4ec7b610742d9b827f43fd5092fe2,2026-09-23T07:48:42.137507+00:00,evaluation,large-range-local,Dolt,ok,measured,3,2,20270827,100000,10,100,range-local,32,bc0bfb351cb86e491aa4f5f4f5c95317344fcc203ef9733fe0ed6ac6ac6c04e4,dolt-native,dolt-native,4096,2543.2567,906.9577,268.191,851.0963,5230940,4500000,1.1624311111111112,730940,,not sampled,,241876992,"external parent process-tree RSS sampler (psutil, 10 ms; isolated trial)",,not exposed by Dolt CLI,1000,True,,3.14.3,Windows-11-10.0.26200-SP0,dolt version 2.3.1 Warning: you are on an old version of Dolt. The newest version is 2.3.5.
b7a4ec7b610742d9b827f43fd5092fe2,2026-09-23T07:48:47.063651+00:00,evaluation,large-range-local,Revon-M (forced Merkle),ok,measured,3,3,20270827,100000,10,100,range-local,32,bc0bfb351cb86e491aa4f5f4f5c95317344fcc203ef9733fe0ed6ac6ac6c04e4,merkle,merkle,4096,1234.4142,116.83019999999999,61.8845,214.9878,36110336,4500000,8.024519111111111,31610336,,not sampled,,184770560,"external parent process-tree RSS sampler (psutil, 10 ms; isolated trial)",4153,tree node pairs,1000,True,,3.14.3,Windows-11-10.0.26200-SP0,
b7a4ec7b610742d9b827f43fd5092fe2,2026-09-23T07:48:49.419797+00:00,evaluation,large-range-local,Snapshot,ok,measured,3,4,20270827,100000,10,100,range-local,32,bc0bfb351cb86e491aa4f5f4f5c95317344fcc203ef9733fe0ed6ac6ac6c04e4,full-scan,full-scan,4096,57.1124,54.50695,415.1454,116.2945,56100011,4500000,12.466669111111111,51600011,,not applicable,,158228480,"external parent process-tree RSS sampler (psutil, 10 ms; isolated trial)",100010,keys,1000,True,,3.14.3,Windows-11-10.0.26200-SP0,
b7a4ec7b610742d9b827f43fd5092fe2,2026-09-23T07:48:50.733121+00:00,evaluation,large-range-local,Log-only,ok,measured,3,5,20270827,100000,10,100,range-local,32,bc0bfb351cb86e491aa4f5f4f5c95317344fcc203ef9733fe0ed6ac6ac6c04e4,operation-log,operation-log,4096,59.5933,2.9593,21.7159,115.0136,5241683,4500000,1.1648184444444445,741683,,not applicable,,150007808,"external parent process-tree RSS sampler (psutil, 10 ms; isolated trial)",1000,operations,1000,True,,3.14.3,Windows-11-10.0.26200-SP0,
b7a4ec7b610742d9b827f43fd5092fe2,2026-09-23T07:48:55.960071+00:00,evaluation,large-range-local,Revon-H,ok,measured,3,6,20270827,100000,10,100,range-local,32,bc0bfb351cb86e491aa4f5f4f5c95317344fcc203ef9733fe0ed6ac6ac6c04e4,hybrid,log,4096,1345.4854,155.05734999999999,34.3706,183.5602,36085760,4500000,8.019057777777778,31585760,,not sampled,,184872960,"external parent process-tree RSS sampler (psutil, 10 ms; isolated trial)",1000,log operations,1000,True,,3.14.3,Windows-11-10.0.26200-SP0,
b7a4ec7b610742d9b827f43fd5092fe2,2026-09-23T07:49:10.206943+00:00,evaluation,large-range-local,Dolt,ok,measured,4,1,20270827,100000,10,100,range-local,32,bc0bfb351cb86e491aa4f5f4f5c95317344fcc203ef9733fe0ed6ac6ac6c04e4,dolt-native,dolt-native,4096,1938.398,818.1847,403.6755,904.2066,5230640,4500000,1.1623644444444445,730640,,not sampled,,243281920,"external parent process-tree RSS sampler (psutil, 10 ms; isolated trial)",,not exposed by Dolt CLI,1000,True,,3.14.3,Windows-11-10.0.26200-SP0,dolt version 2.3.1 Warning: you are on an old version of Dolt. The newest version is 2.3.5.
b7a4ec7b610742d9b827f43fd5092fe2,2026-09-23T07:49:14.400197+00:00,evaluation,large-range-local,Revon-M (forced Merkle),ok,measured,4,2,20270827,100000,10,100,range-local,32,bc0bfb351cb86e491aa4f5f4f5c95317344fcc203ef9733fe0ed6ac6ac6c04e4,merkle,merkle,4096,1146.7868,92.5346,59.1242,206.2008,36077568,4500000,8.017237333333334,31577568,,not sampled,,180817920,"external parent process-tree RSS sampler (psutil, 10 ms; isolated trial)",4153,tree node pairs,1000,True,,3.14.3,Windows-11-10.0.26200-SP0,
b7a4ec7b610742d9b827f43fd5092fe2,2026-09-23T07:49:17.095259+00:00,evaluation,large-range-local,Snapshot,ok,measured,4,3,20270827,100000,10,100,range-local,32,bc0bfb351cb86e491aa4f5f4f5c95317344fcc203ef9733fe0ed6ac6ac6c04e4,full-scan,full-scan,4096,69.3866,57.1045,427.1712,106.6919,56100011,4500000,12.466669111111111,51600011,,not applicable,,158187520,"external parent process-tree RSS sampler (psutil, 10 ms; isolated trial)",100010,keys,1000,True,,3.14.3,Windows-11-10.0.26200-SP0,
b7a4ec7b610742d9b827f43fd5092fe2,2026-09-23T07:49:18.483296+00:00,evaluation,large-range-local,Log-only,ok,measured,4,4,20270827,100000,10,100,range-local,32,bc0bfb351cb86e491aa4f5f4f5c95317344fcc203ef9733fe0ed6ac6ac6c04e4,operation-log,operation-log,4096,62.2126,3.2615,22.3541,132.3737,5241683,4500000,1.1648184444444445,741683,,not applicable,,158060544,"external parent process-tree RSS sampler (psutil, 10 ms; isolated trial)",1000,operations,1000,True,,3.14.3,Windows-11-10.0.26200-SP0,
b7a4ec7b610742d9b827f43fd5092fe2,2026-09-23T07:49:22.866822+00:00,evaluation,large-range-local,Revon-H,ok,measured,4,5,20270827,100000,10,100,range-local,32,bc0bfb351cb86e491aa4f5f4f5c95317344fcc203ef9733fe0ed6ac6ac6c04e4,hybrid,log,4096,1093.5957,117.0968,36.0584,220.5703,36118528,4500000,8.026339555555555,31618528,,not sampled,,185106432,"external parent process-tree RSS sampler (psutil, 10 ms; isolated trial)",1000,log operations,1000,True,,3.14.3,Windows-11-10.0.26200-SP0,
b7a4ec7b610742d9b827f43fd5092fe2,2026-09-23T07:49:36.667448+00:00,evaluation,large-range-local,Dolt (bulk import),ok,measured,4,6,20270827,100000,10,100,range-local,32,bc0bfb351cb86e491aa4f5f4f5c95317344fcc203ef9733fe0ed6ac6ac6c04e4,dolt-native,dolt-native,4096,1669.7369,830.38355,315.5443,797.6973,4668398,4500000,1.0374217777777779,168398,,not sampled,,217604096,"external parent process-tree RSS sampler (psutil, 10 ms; isolated trial)",,not exposed by Dolt CLI,1000,True,,3.14.3,Windows-11-10.0.26200-SP0,dolt version 2.3.1 Warning: you are on an old version of Dolt. The newest version is 2.3.5.
b7a4ec7b610742d9b827f43fd5092fe2,2026-09-23T07:49:41.346989+00:00,evaluation,large-range-local,Revon-M (forced Merkle),ok,measured,5,1,20270827,100000,10,100,range-local,32,bc0bfb351cb86e491aa4f5f4f5c95317344fcc203ef9733fe0ed6ac6ac6c04e4,merkle,merkle,4096,1118.4639,102.5546,66.6285,290.6755,36089856,4500000,8.019968,31589856,,not sampled,,181071872,"external parent process-tree RSS sampler (psutil, 10 ms; isolated trial)",4153,tree node pairs,1000,True,,3.14.3,Windows-11-10.0.26200-SP0,
b7a4ec7b610742d9b827f43fd5092fe2,2026-09-23T07:49:43.727747+00:00,evaluation,large-range-local,Snapshot,ok,measured,5,2,20270827,100000,10,100,range-local,32,bc0bfb351cb86e491aa4f5f4f5c95317344fcc203ef9733fe0ed6ac6ac6c04e4,full-scan,full-scan,4096,57.1591,46.3758,459.2604,131.812,56100011,4500000,12.466669111111111,51600011,,not applicable,,157806592,"external parent process-tree RSS sampler (psutil, 10 ms; isolated trial)",100010,keys,1000,True,,3.14.3,Windows-11-10.0.26200-SP0,
b7a4ec7b610742d9b827f43fd5092fe2,2026-09-23T07:49:45.256017+00:00,evaluation,large-range-local,Log-only,ok,measured,5,3,20270827,100000,10,100,range-local,32,bc0bfb351cb86e491aa4f5f4f5c95317344fcc203ef9733fe0ed6ac6ac6c04e4,operation-log,operation-log,4096,65.9275,2.98215,29.9771,120.3943,5241683,4500000,1.1648184444444445,741683,,not applicable,,150028288,"external parent process-tree RSS sampler (psutil, 10 ms; isolated trial)",1000,operations,1000,True,,3.14.3,Windows-11-10.0.26200-SP0,
b7a4ec7b610742d9b827f43fd5092fe2,2026-09-23T07:49:49.417976+00:00,evaluation,large-range-local,Revon-H,ok,measured,5,4,20270827,100000,10,100,range-local,32,bc0bfb351cb86e491aa4f5f4f5c95317344fcc203ef9733fe0ed6ac6ac6c04e4,hybrid,log,4096,1018.6193,89.2949,47.6982,251.0393,36077568,4500000,8.017237333333334,31577568,,not sampled,,176492544,"external parent process-tree RSS sampler (psutil, 10 ms; isolated trial)",1000,log operations,1000,True,,3.14.3,Windows-11-10.0.26200-SP0,
b7a4ec7b610742d9b827f43fd5092fe2,2026-09-23T07:50:03.725875+00:00,evaluation,large-range-local,Dolt (bulk import),ok,measured,5,5,20270827,100000,10,100,range-local,32,bc0bfb351cb86e491aa4f5f4f5c95317344fcc203ef9733fe0ed6ac6ac6c04e4,dolt-native,dolt-native,4096,1857.2515,858.5125,409.0341,731.1403,4668644,4500000,1.0374764444444444,168644,,not sampled,,242794496,"external parent process-tree RSS sampler (psutil, 10 ms; isolated trial)",,not exposed by Dolt CLI,1000,True,,3.14.3,Windows-11-10.0.26200-SP0,dolt version 2.3.1 Warning: you are on an old version of Dolt. The newest version is 2.3.5.
b7a4ec7b610742d9b827f43fd5092fe2,2026-09-23T07:50:17.468756+00:00,evaluation,large-range-local,Dolt,ok,measured,5,6,20270827,100000,10,100,range-local,32,bc0bfb351cb86e491aa4f5f4f5c95317344fcc203ef9733fe0ed6ac6ac6c04e4,dolt-native,dolt-native,4096,1853.9964,804.90305,329.5729,745.1131,5230056,4500000,1.1622346666666667,730056,,not sampled,,252952576,"external parent process-tree RSS sampler (psutil, 10 ms; isolated trial)",,not exposed by Dolt CLI,1000,True,,3.14.3,Windows-11-10.0.26200-SP0,dolt version 2.3.1 Warning: you are on an old version of Dolt. The newest version is 2.3.5.
b7a4ec7b610742d9b827f43fd5092fe2,2026-09-23T07:50:20.103588+00:00,evaluation,large-range-local,Snapshot,ok,measured,6,1,20270827,100000,10,100,range-local,32,bc0bfb351cb86e491aa4f5f4f5c95317344fcc203ef9733fe0ed6ac6ac6c04e4,full-scan,full-scan,4096,67.4504,59.1161,480.976,105.7351,56100011,4500000,12.466669111111111,51600011,,not applicable,,161677312,"external parent process-tree RSS sampler (psutil, 10 ms; isolated trial)",100010,keys,1000,True,,3.14.3,Windows-11-10.0.26200-SP0,
b7a4ec7b610742d9b827f43fd5092fe2,2026-09-23T07:50:21.457382+00:00,evaluation,large-range-local,Log-only,ok,measured,6,2,20270827,100000,10,100,range-local,32,bc0bfb351cb86e491aa4f5f4f5c95317344fcc203ef9733fe0ed6ac6ac6c04e4,operation-log,operation-log,4096,58.2187,3.16085,26.6759,108.3396,5241683,4500000,1.1648184444444445,741683,,not applicable,,154148864,"external parent process-tree RSS sampler (psutil, 10 ms; isolated trial)",1000,operations,1000,True,,3.14.3,Windows-11-10.0.26200-SP0,
b7a4ec7b610742d9b827f43fd5092fe2,2026-09-23T07:50:25.361152+00:00,evaluation,large-range-local,Revon-H,ok,measured,6,3,20270827,100000,10,100,range-local,32,bc0bfb351cb86e491aa4f5f4f5c95317344fcc203ef9733fe0ed6ac6ac6c04e4,hybrid,log,4096,997.7284,86.31415,20.9198,186.1586,36081664,4500000,8.018147555555556,31581664,,not sampled,,180822016,"external parent process-tree RSS sampler (psutil, 10 ms; isolated trial)",1000,log operations,1000,True,,3.14.3,Windows-11-10.0.26200-SP0,
b7a4ec7b610742d9b827f43fd5092fe2,2026-09-23T07:50:39.088551+00:00,evaluation,large-range-local,Dolt (bulk import),ok,measured,6,4,20270827,100000,10,100,range-local,32,bc0bfb351cb86e491aa4f5f4f5c95317344fcc203ef9733fe0ed6ac6ac6c04e4,dolt-native,dolt-native,4096,1731.3685,774.0206000000001,431.8222,801.6234,4668837,4500000,1.0375193333333332,168837,,not sampled,,250679296,"external parent process-tree RSS sampler (psutil, 10 ms; isolated trial)",,not exposed by Dolt CLI,1000,True,,3.14.3,Windows-11-10.0.26200-SP0,dolt version 2.3.1 Warning: you are on an old version of Dolt. The newest version is 2.3.5.
b7a4ec7b610742d9b827f43fd5092fe2,2026-09-23T07:50:52.110720+00:00,evaluation,large-range-local,Dolt,ok,measured,6,5,20270827,100000,10,100,range-local,32,bc0bfb351cb86e491aa4f5f4f5c95317344fcc203ef9733fe0ed6ac6ac6c04e4,dolt-native,dolt-native,4096,1821.3593,757.4584500000001,325.0363,689.3562,5230082,4500000,1.1622404444444445,730082,,not sampled,,241528832,"external parent process-tree RSS sampler (psutil, 10 ms; isolated trial)",,not exposed by Dolt CLI,1000,True,,3.14.3,Windows-11-10.0.26200-SP0,dolt version 2.3.1 Warning: you are on an old version of Dolt. The newest version is 2.3.5.
b7a4ec7b610742d9b827f43fd5092fe2,2026-09-23T07:50:56.667495+00:00,evaluation,large-range-local,Revon-M (forced Merkle),ok,measured,6,6,20270827,100000,10,100,range-local,32,bc0bfb351cb86e491aa4f5f4f5c95317344fcc203ef9733fe0ed6ac6ac6c04e4,merkle,merkle,4096,1178.7747,102.78954999999999,60.4136,208.6897,36077568,4500000,8.017237333333334,31577568,,not sampled,,176582656,"external parent process-tree RSS sampler (psutil, 10 ms; isolated trial)",4153,tree node pairs,1000,True,,3.14.3,Windows-11-10.0.26200-SP0,
b7a4ec7b610742d9b827f43fd5092fe2,2026-09-23T07:50:58.253788+00:00,evaluation,large-range-local,Log-only,ok,measured,7,1,20270827,100000,10,100,range-local,32,bc0bfb351cb86e491aa4f5f4f5c95317344fcc203ef9733fe0ed6ac6ac6c04e4,operation-log,operation-log,4096,63.4735,3.1014,37.7163,151.5128,5241683,4500000,1.1648184444444445,741683,,not applicable,,161320960,"external parent process-tree RSS sampler (psutil, 10 ms; isolated trial)",1000,operations,1000,True,,3.14.3,Windows-11-10.0.26200-SP0,
b7a4ec7b610742d9b827f43fd5092fe2,2026-09-23T07:51:02.609890+00:00,evaluation,large-range-local,Revon-H,ok,measured,7,2,20270827,100000,10,100,range-local,32,bc0bfb351cb86e491aa4f5f4f5c95317344fcc203ef9733fe0ed6ac6ac6c04e4,hybrid,log,4096,1127.873,101.63165000000001,41.3589,201.8521,36102144,4500000,8.022698666666667,31602144,,not sampled,,189108224,"external parent process-tree RSS sampler (psutil, 10 ms; isolated trial)",1000,log operations,1000,True,,3.14.3,Windows-11-10.0.26200-SP0,
b7a4ec7b610742d9b827f43fd5092fe2,2026-09-23T07:51:16.098487+00:00,evaluation,large-range-local,Dolt (bulk import),ok,measured,7,3,20270827,100000,10,100,range-local,32,bc0bfb351cb86e491aa4f5f4f5c95317344fcc203ef9733fe0ed6ac6ac6c04e4,dolt-native,dolt-native,4096,1648.3782,791.3064999999999,268.9705,853.182,4669023,4500000,1.0375606666666666,169023,,not sampled,,224063488,"external parent process-tree RSS sampler (psutil, 10 ms; isolated trial)",,not exposed by Dolt CLI,1000,True,,3.14.3,Windows-11-10.0.26200-SP0,dolt version 2.3.1 Warning: you are on an old version of Dolt. The newest version is 2.3.5.
b7a4ec7b610742d9b827f43fd5092fe2,2026-09-23T07:51:29.155225+00:00,evaluation,large-range-local,Dolt,ok,measured,7,4,20270827,100000,10,100,range-local,32,bc0bfb351cb86e491aa4f5f4f5c95317344fcc203ef9733fe0ed6ac6ac6c04e4,dolt-native,dolt-native,4096,1858.7923,750.3678,279.5415,717.6478,5229942,4500000,1.1622093333333334,729942,,not sampled,,237486080,"external parent process-tree RSS sampler (psutil, 10 ms; isolated trial)",,not exposed by Dolt CLI,1000,True,,3.14.3,Windows-11-10.0.26200-SP0,dolt version 2.3.1 Warning: you are on an old version of Dolt. The newest version is 2.3.5.
b7a4ec7b610742d9b827f43fd5092fe2,2026-09-23T07:51:33.973817+00:00,evaluation,large-range-local,Revon-M (forced Merkle),ok,measured,7,5,20270827,100000,10,100,range-local,32,bc0bfb351cb86e491aa4f5f4f5c95317344fcc203ef9733fe0ed6ac6ac6c04e4,merkle,merkle,4096,1145.6138,131.5553,52.7622,197.6373,36110336,4500000,8.024519111111111,31610336,,not sampled,,189177856,"external parent process-tree RSS sampler (psutil, 10 ms; isolated trial)",4153,tree node pairs,1000,True,,3.14.3,Windows-11-10.0.26200-SP0,
b7a4ec7b610742d9b827f43fd5092fe2,2026-09-23T07:51:36.620438+00:00,evaluation,large-range-local,Snapshot,ok,measured,7,6,20270827,100000,10,100,range-local,32,bc0bfb351cb86e491aa4f5f4f5c95317344fcc203ef9733fe0ed6ac6ac6c04e4,full-scan,full-scan,4096,65.1248,64.25735,506.3659,111.7112,56100011,4500000,12.466669111111111,51600011,,not applicable,,151527424,"external parent process-tree RSS sampler (psutil, 10 ms; isolated trial)",100010,keys,1000,True,,3.14.3,Windows-11-10.0.26200-SP0,
b7a4ec7b610742d9b827f43fd5092fe2,2026-09-23T07:51:41.285345+00:00,evaluation,large-repeated-key,Revon-H,ok,warmup,1,1,20270828,100000,10,100,repeated-key,32,931a79fbb854f198f331ef1e8c9c504d1228db04001ba6733ad71210bf2831fe,hybrid,log,4096,1086.9091,94.82079999999999,2.58,206.211,36143104,4500000,8.031800888888888,31643104,,not sampled,,184328192,"external parent process-tree RSS sampler (psutil, 10 ms; isolated trial)",1000,log operations,218,True,,3.14.3,Windows-11-10.0.26200-SP0,
b7a4ec7b610742d9b827f43fd5092fe2,2026-09-23T07:51:43.591166+00:00,evaluation,large-repeated-key,Snapshot,ok,warmup,1,2,20270828,100000,10,100,repeated-key,32,931a79fbb854f198f331ef1e8c9c504d1228db04001ba6733ad71210bf2831fe,full-scan,full-scan,4096,49.8237,47.54815,481.7595,116.3601,56100011,4500000,12.466669111111111,51600011,,not applicable,,161718272,"external parent process-tree RSS sampler (psutil, 10 ms; isolated trial)",100010,keys,218,True,,3.14.3,Windows-11-10.0.26200-SP0,
b7a4ec7b610742d9b827f43fd5092fe2,2026-09-23T07:51:57.132869+00:00,evaluation,large-repeated-key,Dolt,ok,warmup,1,3,20270828,100000,10,100,repeated-key,32,931a79fbb854f198f331ef1e8c9c504d1228db04001ba6733ad71210bf2831fe,dolt-native,dolt-native,4096,1728.4431,808.4325,262.3794,698.0361,5245364,4500000,1.1656364444444445,745364,,not sampled,,269742080,"external parent process-tree RSS sampler (psutil, 10 ms; isolated trial)",,not exposed by Dolt CLI,218,True,,3.14.3,Windows-11-10.0.26200-SP0,dolt version 2.3.1 Warning: you are on an old version of Dolt. The newest version is 2.3.5.
b7a4ec7b610742d9b827f43fd5092fe2,2026-09-23T07:52:11.012364+00:00,evaluation,large-repeated-key,Dolt (bulk import),ok,warmup,1,4,20270828,100000,10,100,repeated-key,32,931a79fbb854f198f331ef1e8c9c504d1228db04001ba6733ad71210bf2831fe,dolt-native,dolt-native,4096,1686.763,786.4185,308.6021,758.0916,4683751,4500000,1.0408335555555555,183751,,not sampled,,217513984,"external parent process-tree RSS sampler (psutil, 10 ms; isolated trial)",,not exposed by Dolt CLI,218,True,,3.14.3,Windows-11-10.0.26200-SP0,dolt version 2.3.1 Warning: you are on an old version of Dolt. The newest version is 2.3.5.
b7a4ec7b610742d9b827f43fd5092fe2,2026-09-23T07:52:15.274281+00:00,evaluation,large-repeated-key,Revon-M (forced Merkle),ok,warmup,1,5,20270828,100000,10,100,repeated-key,32,931a79fbb854f198f331ef1e8c9c504d1228db04001ba6733ad71210bf2831fe,merkle,merkle,4096,1173.6218,87.5463,6.7445,210.0539,36139008,4500000,8.030890666666666,31639008,,not sampled,,179965952,"external parent process-tree RSS sampler (psutil, 10 ms; isolated trial)",2001,tree node pairs,218,True,,3.14.3,Windows-11-10.0.26200-SP0,
b7a4ec7b610742d9b827f43fd5092fe2,2026-09-23T07:52:16.620698+00:00,evaluation,large-repeated-key,Log-only,ok,warmup,1,6,20270828,100000,10,100,repeated-key,32,931a79fbb854f198f331ef1e8c9c504d1228db04001ba6733ad71210bf2831fe,operation-log,operation-log,4096,59.0809,3.1375,12.3357,112.3867,5241683,4500000,1.1648184444444445,741683,,not applicable,,153649152,"external parent process-tree RSS sampler (psutil, 10 ms; isolated trial)",1000,operations,218,True,,3.14.3,Windows-11-10.0.26200-SP0,
b7a4ec7b610742d9b827f43fd5092fe2,2026-09-23T07:52:19.024248+00:00,evaluation,large-repeated-key,Snapshot,ok,warmup,2,1,20270828,100000,10,100,repeated-key,32,931a79fbb854f198f331ef1e8c9c504d1228db04001ba6733ad71210bf2831fe,full-scan,full-scan,4096,66.1359,58.4833,467.4209,96.2583,56100011,4500000,12.466669111111111,51600011,,not applicable,,152363008,"external parent process-tree RSS sampler (psutil, 10 ms; isolated trial)",100010,keys,218,True,,3.14.3,Windows-11-10.0.26200-SP0,
b7a4ec7b610742d9b827f43fd5092fe2,2026-09-23T07:52:32.260247+00:00,evaluation,large-repeated-key,Dolt,ok,warmup,2,2,20270828,100000,10,100,repeated-key,32,931a79fbb854f198f331ef1e8c9c504d1228db04001ba6733ad71210bf2831fe,dolt-native,dolt-native,4096,1838.5604,773.71595,338.4135,771.6889,5245313,4500000,1.1656251111111111,745313,,not sampled,,238895104,"external parent process-tree RSS sampler (psutil, 10 ms; isolated trial)",,not exposed by Dolt CLI,218,True,,3.14.3,Windows-11-10.0.26200-SP0,dolt version 2.3.1 Warning: you are on an old version of Dolt. The newest version is 2.3.5.
b7a4ec7b610742d9b827f43fd5092fe2,2026-09-23T07:52:46.975230+00:00,evaluation,large-repeated-key,Dolt (bulk import),ok,warmup,2,3,20270828,100000,10,100,repeated-key,32,931a79fbb854f198f331ef1e8c9c504d1228db04001ba6733ad71210bf2831fe,dolt-native,dolt-native,4096,2033.441,826.7343000000001,406.7806,757.9516,4683938,4500000,1.0408751111111112,183938,,not sampled,,222781440,"external parent process-tree RSS sampler (psutil, 10 ms; isolated trial)",,not exposed by Dolt CLI,218,True,,3.14.3,Windows-11-10.0.26200-SP0,dolt version 2.3.1 Warning: you are on an old version of Dolt. The newest version is 2.3.5.
b7a4ec7b610742d9b827f43fd5092fe2,2026-09-23T07:52:51.371922+00:00,evaluation,large-repeated-key,Revon-M (forced Merkle),ok,warmup,2,4,20270828,100000,10,100,repeated-key,32,931a79fbb854f198f331ef1e8c9c504d1228db04001ba6733ad71210bf2831fe,merkle,merkle,4096,1233.0101,92.4752,8.2995,188.2322,36159488,4500000,8.035441777777777,31659488,,not sampled,,184299520,"external parent process-tree RSS sampler (psutil, 10 ms; isolated trial)",2001,tree node pairs,218,True,,3.14.3,Windows-11-10.0.26200-SP0,
b7a4ec7b610742d9b827f43fd5092fe2,2026-09-23T07:52:53.020020+00:00,evaluation,large-repeated-key,Log-only,ok,warmup,2,5,20270828,100000,10,100,repeated-key,32,931a79fbb854f198f331ef1e8c9c504d1228db04001ba6733ad71210bf2831fe,operation-log,operation-log,4096,71.0098,2.8893000000000004,14.8891,144.2328,5241683,4500000,1.1648184444444445,741683,,not applicable,,153509888,"external parent process-tree RSS sampler (psutil, 10 ms; isolated trial)",1000,operations,218,True,,3.14.3,Windows-11-10.0.26200-SP0,
b7a4ec7b610742d9b827f43fd5092fe2,2026-09-23T07:52:56.747158+00:00,evaluation,large-repeated-key,Revon-H,ok,warmup,2,6,20270828,100000,10,100,repeated-key,32,931a79fbb854f198f331ef1e8c9c504d1228db04001ba6733ad71210bf2831fe,hybrid,log,4096,1000.4632,82.56445,0.9608,126.7564,36155392,4500000,8.034531555555555,31655392,,not sampled,,184369152,"external parent process-tree RSS sampler (psutil, 10 ms; isolated trial)",1000,log operations,218,True,,3.14.3,Windows-11-10.0.26200-SP0,
b7a4ec7b610742d9b827f43fd5092fe2,2026-09-23T07:52:59.342927+00:00,evaluation,large-repeated-key,Snapshot,ok,measured,1,1,20270828,100000,10,100,repeated-key,32,931a79fbb854f198f331ef1e8c9c504d1228db04001ba6733ad71210bf2831fe,full-scan,full-scan,4096,58.1652,64.08545,488.9689,98.7454,56100011,4500000,12.466669111111111,51600011,,not applicable,,157466624,"external parent process-tree RSS sampler (psutil, 10 ms; isolated trial)",100010,keys,218,True,,3.14.3,Windows-11-10.0.26200-SP0,
b7a4ec7b610742d9b827f43fd5092fe2,2026-09-23T07:53:13.510345+00:00,evaluation,large-repeated-key,Dolt,ok,measured,1,2,20270828,100000,10,100,repeated-key,32,931a79fbb854f198f331ef1e8c9c504d1228db04001ba6733ad71210bf2831fe,dolt-native,dolt-native,4096,1926.8765,834.5179499999999,293.7158,754.3127,5245515,4500000,1.16567,745515,2175413,dolt gc (offline),641.8776,240291840,"external parent process-tree RSS sampler (psutil, 10 ms; isolated trial)",,not exposed by Dolt CLI,218,True,,3.14.3,Windows-11-10.0.26200-SP0,dolt version 2.3.1 Warning: you are on an old version of Dolt. The newest version is 2.3.5.
b7a4ec7b610742d9b827f43fd5092fe2,2026-09-23T07:53:15.836562+00:00,evaluation,large-repeated-key,Log-only,ok,measured,1,3,20270828,100000,10,100,repeated-key,32,931a79fbb854f198f331ef1e8c9c504d1228db04001ba6733ad71210bf2831fe,operation-log,operation-log,4096,58.9913,2.89025,20.4003,161.0915,5241683,4500000,1.1648184444444445,741683,,not applicable,,161873920,"external parent process-tree RSS sampler (psutil, 10 ms; isolated trial)",1000,operations,218,True,,3.14.3,Windows-11-10.0.26200-SP0,
b7a4ec7b610742d9b827f43fd5092fe2,2026-09-23T07:53:29.692008+00:00,evaluation,large-repeated-key,Dolt (bulk import),ok,measured,1,4,20270828,100000,10,100,repeated-key,32,931a79fbb854f198f331ef1e8c9c504d1228db04001ba6733ad71210bf2831fe,dolt-native,dolt-native,4096,1794.1364,792.9005999999999,299.9146,743.5069,4684003,4500000,1.0408895555555555,184003,2164295,dolt gc (offline),587.0076,248635392,"external parent process-tree RSS sampler (psutil, 10 ms; isolated trial)",,not exposed by Dolt CLI,218,True,,3.14.3,Windows-11-10.0.26200-SP0,dolt version 2.3.1 Warning: you are on an old version of Dolt. The newest version is 2.3.5.
b7a4ec7b610742d9b827f43fd5092fe2,2026-09-23T07:53:34.754836+00:00,evaluation,large-repeated-key,Revon-H,ok,measured,1,5,20270828,100000,10,100,repeated-key,32,931a79fbb854f198f331ef1e8c9c504d1228db04001ba6733ad71210bf2831fe,hybrid,log,4096,1293.7566,96.0284,2.7277,206.4403,36143104,4500000,8.031800888888888,31643104,35336192,SQLite VACUUM,975.4561,184893440,"external parent process-tree RSS sampler (psutil, 10 ms; isolated trial)",1000,log operations,218,True,,3.14.3,Windows-11-10.0.26200-SP0,
b7a4ec7b610742d9b827f43fd5092fe2,2026-09-23T07:53:40.667517+00:00,evaluation,large-repeated-key,Revon-M (forced Merkle),ok,measured,1,6,20270828,100000,10,100,repeated-key,32,931a79fbb854f198f331ef1e8c9c504d1228db04001ba6733ad71210bf2831fe,merkle,merkle,4096,1190.0469,106.28045,10.0463,267.204,36139008,4500000,8.030890666666666,31639008,35340288,SQLite VACUUM,875.8151,175865856,"external parent process-tree RSS sampler (psutil, 10 ms; isolated trial)",2001,tree node pairs,218,True,,3.14.3,Windows-11-10.0.26200-SP0,
b7a4ec7b610742d9b827f43fd5092fe2,2026-09-23T07:53:56.251643+00:00,evaluation,large-repeated-key,Dolt,ok,measured,2,1,20270828,100000,10,100,repeated-key,32,931a79fbb854f198f331ef1e8c9c504d1228db04001ba6733ad71210bf2831fe,dolt-native,dolt-native,4096,2053.2433,867.86645,269.4515,701.2355,5245918,4500000,1.1657595555555555,745918,,not sampled,,239353856,"external parent process-tree RSS sampler (psutil, 10 ms; isolated trial)",,not exposed by Dolt CLI,218,True,,3.14.3,Windows-11-10.0.26200-SP0,dolt version 2.3.1 Warning: you are on an old version of Dolt. The newest version is 2.3.5.
b7a4ec7b610742d9b827f43fd5092fe2,2026-09-23T07:53:57.862491+00:00,evaluation,large-repeated-key,Log-only,ok,measured,2,2,20270828,100000,10,100,repeated-key,32,931a79fbb854f198f331ef1e8c9c504d1228db04001ba6733ad71210bf2831fe,operation-log,operation-log,4096,64.4787,2.8513,13.1314,134.5577,5241683,4500000,1.1648184444444445,741683,,not applicable,,149340160,"external parent process-tree RSS sampler (psutil, 10 ms; isolated trial)",1000,operations,218,True,,3.14.3,Windows-11-10.0.26200-SP0,
b7a4ec7b610742d9b827f43fd5092fe2,2026-09-23T07:54:10.782716+00:00,evaluation,large-repeated-key,Dolt (bulk import),ok,measured,2,3,20270828,100000,10,100,repeated-key,32,931a79fbb854f198f331ef1e8c9c504d1228db04001ba6733ad71210bf2831fe,dolt-native,dolt-native,4096,1857.3232,757.68035,266.1525,741.9903,4683724,4500000,1.0408275555555555,183724,,not sampled,,241598464,"external parent process-tree RSS sampler (psutil, 10 ms; isolated trial)",,not exposed by Dolt CLI,218,True,,3.14.3,Windows-11-10.0.26200-SP0,dolt version 2.3.1 Warning: you are on an old version of Dolt. The newest version is 2.3.5.
b7a4ec7b610742d9b827f43fd5092fe2,2026-09-23T07:54:15.119283+00:00,evaluation,large-repeated-key,Revon-H,ok,measured,2,4,20270828,100000,10,100,repeated-key,32,931a79fbb854f198f331ef1e8c9c504d1228db04001ba6733ad71210bf2831fe,hybrid,log,4096,1112.0302,86.04785000000001,2.0305,246.7188,36155392,4500000,8.034531555555555,31655392,,not sampled,,184897536,"external parent process-tree RSS sampler (psutil, 10 ms; isolated trial)",1000,log operations,218,True,,3.14.3,Windows-11-10.0.26200-SP0,
b7a4ec7b610742d9b827f43fd5092fe2,2026-09-23T07:54:19.307841+00:00,evaluation,large-repeated-key,Revon-M (forced Merkle),ok,measured,2,5,20270828,100000,10,100,repeated-key,32,931a79fbb854f198f331ef1e8c9c504d1228db04001ba6733ad71210bf2831fe,merkle,merkle,4096,1047.8153,100.039,7.151,195.8467,36122624,4500000,8.027249777777778,31622624,,not sampled,,176406528,"external parent process-tree RSS sampler (psutil, 10 ms; isolated trial)",2001,tree node pairs,218,True,,3.14.3,Windows-11-10.0.26200-SP0,
b7a4ec7b610742d9b827f43fd5092fe2,2026-09-23T07:54:21.704608+00:00,evaluation,large-repeated-key,Snapshot,ok,measured,2,6,20270828,100000,10,100,repeated-key,32,931a79fbb854f198f331ef1e8c9c504d1228db04001ba6733ad71210bf2831fe,full-scan,full-scan,4096,53.3465,49.22475,461.664,113.9051,56100011,4500000,12.466669111111111,51600011,,not applicable,,148975616,"external parent process-tree RSS sampler (psutil, 10 ms; isolated trial)",100010,keys,218,True,,3.14.3,Windows-11-10.0.26200-SP0,
b7a4ec7b610742d9b827f43fd5092fe2,2026-09-23T07:54:23.105425+00:00,evaluation,large-repeated-key,Log-only,ok,measured,3,1,20270828,100000,10,100,repeated-key,32,931a79fbb854f198f331ef1e8c9c504d1228db04001ba6733ad71210bf2831fe,operation-log,operation-log,4096,58.6839,2.8602499999999997,19.6306,112.628,5241683,4500000,1.1648184444444445,741683,,not applicable,,149364736,"external parent process-tree RSS sampler (psutil, 10 ms; isolated trial)",1000,operations,218,True,,3.14.3,Windows-11-10.0.26200-SP0,
b7a4ec7b610742d9b827f43fd5092fe2,2026-09-23T07:54:37.309560+00:00,evaluation,large-repeated-key,Dolt (bulk import),ok,measured,3,2,20270828,100000,10,100,repeated-key,32,931a79fbb854f198f331ef1e8c9c504d1228db04001ba6733ad71210bf2831fe,dolt-native,dolt-native,4096,1629.5096,798.9683500000001,387.2494,943.3034,4683522,4500000,1.0407826666666666,183522,,not sampled,,213594112,"external parent process-tree RSS sampler (psutil, 10 ms; isolated trial)",,not exposed by Dolt CLI,218,True,,3.14.3,Windows-11-10.0.26200-SP0,dolt version 2.3.1 Warning: you are on an old version of Dolt. The newest version is 2.3.5.
b7a4ec7b610742d9b827f43fd5092fe2,2026-09-23T07:54:42.144459+00:00,evaluation,large-repeated-key,Revon-H,ok,measured,3,3,20270828,100000,10,100,repeated-key,32,931a79fbb854f198f331ef1e8c9c504d1228db04001ba6733ad71210bf2831fe,hybrid,log,4096,1229.6524,92.92214999999999,1.992,243.0387,36163584,4500000,8.036352,31663584,,not sampled,,181428224,"external parent process-tree RSS sampler (psutil, 10 ms; isolated trial)",1000,log operations,218,True,,3.14.3,Windows-11-10.0.26200-SP0,
b7a4ec7b610742d9b827f43fd5092fe2,2026-09-23T07:54:46.554555+00:00,evaluation,large-repeated-key,Revon-M (forced Merkle),ok,measured,3,4,20270828,100000,10,100,repeated-key,32,931a79fbb854f198f331ef1e8c9c504d1228db04001ba6733ad71210bf2831fe,merkle,merkle,4096,1147.8967,99.2405,8.2605,266.2119,36159488,4500000,8.035441777777777,31659488,,not sampled,,180097024,"external parent process-tree RSS sampler (psutil, 10 ms; isolated trial)",2001,tree node pairs,218,True,,3.14.3,Windows-11-10.0.26200-SP0,
b7a4ec7b610742d9b827f43fd5092fe2,2026-09-23T07:54:49.002788+00:00,evaluation,large-repeated-key,Snapshot,ok,measured,3,5,20270828,100000,10,100,repeated-key,32,931a79fbb854f198f331ef1e8c9c504d1228db04001ba6733ad71210bf2831fe,full-scan,full-scan,4096,65.081,48.396100000000004,522.0831,134.7995,56100011,4500000,12.466669111111111,51600011,,not applicable,,153272320,"external parent process-tree RSS sampler (psutil, 10 ms; isolated trial)",100010,keys,218,True,,3.14.3,Windows-11-10.0.26200-SP0,
b7a4ec7b610742d9b827f43fd5092fe2,2026-09-23T07:55:03.313710+00:00,evaluation,large-repeated-key,Dolt,ok,measured,3,6,20270828,100000,10,100,repeated-key,32,931a79fbb854f198f331ef1e8c9c504d1228db04001ba6733ad71210bf2831fe,dolt-native,dolt-native,4096,2074.5345,824.22495,282.0145,783.8856,5245434,4500000,1.165652,745434,,not sampled,,239058944,"external parent process-tree RSS sampler (psutil, 10 ms; isolated trial)",,not exposed by Dolt CLI,218,True,,3.14.3,Windows-11-10.0.26200-SP0,dolt version 2.3.1 Warning: you are on an old version of Dolt. The newest version is 2.3.5.
b7a4ec7b610742d9b827f43fd5092fe2,2026-09-23T07:55:16.278496+00:00,evaluation,large-repeated-key,Dolt (bulk import),ok,measured,4,1,20270828,100000,10,100,repeated-key,32,931a79fbb854f198f331ef1e8c9c504d1228db04001ba6733ad71210bf2831fe,dolt-native,dolt-native,4096,1742.2672,762.0544,241.2322,710.1073,4683993,4500000,1.0408873333333333,183993,,not sampled,,220897280,"external parent process-tree RSS sampler (psutil, 10 ms; isolated trial)",,not exposed by Dolt CLI,218,True,,3.14.3,Windows-11-10.0.26200-SP0,dolt version 2.3.1 Warning: you are on an old version of Dolt. The newest version is 2.3.5.
b7a4ec7b610742d9b827f43fd5092fe2,2026-09-23T07:55:20.707267+00:00,evaluation,large-repeated-key,Revon-H,ok,measured,4,2,20270828,100000,10,100,repeated-key,32,931a79fbb854f198f331ef1e8c9c504d1228db04001ba6733ad71210bf2831fe,hybrid,log,4096,1168.8909,104.526,1.7212,176.1907,36184064,4500000,8.040903111111112,31684064,,not sampled,,180178944,"external parent process-tree RSS sampler (psutil, 10 ms; isolated trial)",1000,log operations,218,True,,3.14.3,Windows-11-10.0.26200-SP0,
b7a4ec7b610742d9b827f43fd5092fe2,2026-09-23T07:55:24.577788+00:00,evaluation,large-repeated-key,Revon-M (forced Merkle),ok,measured,4,3,20270828,100000,10,100,repeated-key,32,931a79fbb854f198f331ef1e8c9c504d1228db04001ba6733ad71210bf2831fe,merkle,merkle,4096,1026.3936,83.69215,4.5734,174.8663,36163584,4500000,8.036352,31663584,,not sampled,,184381440,"external parent process-tree RSS sampler (psutil, 10 ms; isolated trial)",2001,tree node pairs,218,True,,3.14.3,Windows-11-10.0.26200-SP0,
b7a4ec7b610742d9b827f43fd5092fe2,2026-09-23T07:55:27.161968+00:00,evaluation,large-repeated-key,Snapshot,ok,measured,4,4,20270828,100000,10,100,repeated-key,32,931a79fbb854f198f331ef1e8c9c504d1228db04001ba6733ad71210bf2831fe,full-scan,full-scan,4096,64.4334,60.5524,481.2092,105.0244,56100011,4500000,12.466669111111111,51600011,,not applicable,,157523968,"external parent process-tree RSS sampler (psutil, 10 ms; isolated trial)",100010,keys,218,True,,3.14.3,Windows-11-10.0.26200-SP0,
b7a4ec7b610742d9b827f43fd5092fe2,2026-09-23T07:55:40.573025+00:00,evaluation,large-repeated-key,Dolt,ok,measured,4,5,20270828,100000,10,100,repeated-key,32,931a79fbb854f198f331ef1e8c9c504d1228db04001ba6733ad71210bf2831fe,dolt-native,dolt-native,4096,1809.8279,821.5276,295.4483,710.6313,5245703,4500000,1.1657117777777777,745703,,not sampled,,239583232,"external parent process-tree RSS sampler (psutil, 10 ms; isolated trial)",,not exposed by Dolt CLI,218,True,,3.14.3,Windows-11-10.0.26200-SP0,dolt version 2.3.1 Warning: you are on an old version of Dolt. The newest version is 2.3.5.
b7a4ec7b610742d9b827f43fd5092fe2,2026-09-23T07:55:42.138253+00:00,evaluation,large-repeated-key,Log-only,ok,measured,4,6,20270828,100000,10,100,repeated-key,32,931a79fbb854f198f331ef1e8c9c504d1228db04001ba6733ad71210bf2831fe,operation-log,operation-log,4096,67.7851,3.18195,16.1526,142.7805,5241683,4500000,1.1648184444444445,741683,,not applicable,,157708288,"external parent process-tree RSS sampler (psutil, 10 ms; isolated trial)",1000,operations,218,True,,3.14.3,Windows-11-10.0.26200-SP0,
b7a4ec7b610742d9b827f43fd5092fe2,2026-09-23T07:55:46.259572+00:00,evaluation,large-repeated-key,Revon-H,ok,measured,5,1,20270828,100000,10,100,repeated-key,32,931a79fbb854f198f331ef1e8c9c504d1228db04001ba6733ad71210bf2831fe,hybrid,log,4096,990.8325,87.4048,1.2285,208.6873,36130816,4500000,8.029070222222222,31630816,,not sampled,,176099328,"external parent process-tree RSS sampler (psutil, 10 ms; isolated trial)",1000,log operations,218,True,,3.14.3,Windows-11-10.0.26200-SP0,
b7a4ec7b610742d9b827f43fd5092fe2,2026-09-23T07:55:50.368181+00:00,evaluation,large-repeated-key,Revon-M (forced Merkle),ok,measured,5,2,20270828,100000,10,100,repeated-key,32,931a79fbb854f198f331ef1e8c9c504d1228db04001ba6733ad71210bf2831fe,merkle,merkle,4096,1025.2083,97.27154999999999,4.1302,221.043,36130816,4500000,8.029070222222222,31630816,,not sampled,,184713216,"external parent process-tree RSS sampler (psutil, 10 ms; isolated trial)",2001,tree node pairs,218,True,,3.14.3,Windows-11-10.0.26200-SP0,
b7a4ec7b610742d9b827f43fd5092fe2,2026-09-23T07:55:52.682954+00:00,evaluation,large-repeated-key,Snapshot,ok,measured,5,3,20270828,100000,10,100,repeated-key,32,931a79fbb854f198f331ef1e8c9c504d1228db04001ba6733ad71210bf2831fe,full-scan,full-scan,4096,60.8151,48.57715,464.0405,109.0759,56100011,4500000,12.466669111111111,51600011,,not applicable,,149606400,"external parent process-tree RSS sampler (psutil, 10 ms; isolated trial)",100010,keys,218,True,,3.14.3,Windows-11-10.0.26200-SP0,
b7a4ec7b610742d9b827f43fd5092fe2,2026-09-23T07:56:06.638445+00:00,evaluation,large-repeated-key,Dolt,ok,measured,5,4,20270828,100000,10,100,repeated-key,32,931a79fbb854f198f331ef1e8c9c504d1228db04001ba6733ad71210bf2831fe,dolt-native,dolt-native,4096,1815.6918,816.96015,272.9726,804.9452,5245175,4500000,1.1655944444444444,745175,,not sampled,,237244416,"external parent process-tree RSS sampler (psutil, 10 ms; isolated trial)",,not exposed by Dolt CLI,218,True,,3.14.3,Windows-11-10.0.26200-SP0,dolt version 2.3.1 Warning: you are on an old version of Dolt. The newest version is 2.3.5.
b7a4ec7b610742d9b827f43fd5092fe2,2026-09-23T07:56:08.277116+00:00,evaluation,large-repeated-key,Log-only,ok,measured,5,5,20270828,100000,10,100,repeated-key,32,931a79fbb854f198f331ef1e8c9c504d1228db04001ba6733ad71210bf2831fe,operation-log,operation-log,4096,68.0469,2.94215,19.7727,136.2247,5241683,4500000,1.1648184444444445,741683,,not applicable,,157630464,"external parent process-tree RSS sampler (psutil, 10 ms; isolated trial)",1000,operations,218,True,,3.14.3,Windows-11-10.0.26200-SP0,
b7a4ec7b610742d9b827f43fd5092fe2,2026-09-23T07:56:21.773479+00:00,evaluation,large-repeated-key,Dolt (bulk import),ok,measured,5,6,20270828,100000,10,100,repeated-key,32,931a79fbb854f198f331ef1e8c9c504d1228db04001ba6733ad71210bf2831fe,dolt-native,dolt-native,4096,1790.5019,817.99515,236.2681,730.3185,4683741,4500000,1.0408313333333334,183741,,not sampled,,217219072,"external parent process-tree RSS sampler (psutil, 10 ms; isolated trial)",,not exposed by Dolt CLI,218,True,,3.14.3,Windows-11-10.0.26200-SP0,dolt version 2.3.1 Warning: you are on an old version of Dolt. The newest version is 2.3.5.
b7a4ec7b610742d9b827f43fd5092fe2,2026-09-23T07:56:27.325735+00:00,evaluation,large-repeated-key,Revon-M (forced Merkle),ok,measured,6,1,20270828,100000,10,100,repeated-key,32,931a79fbb854f198f331ef1e8c9c504d1228db04001ba6733ad71210bf2831fe,merkle,merkle,4096,1325.0492,174.3006,6.8642,179.9407,36151296,4500000,8.033621333333333,31651296,,not sampled,,180379648,"external parent process-tree RSS sampler (psutil, 10 ms; isolated trial)",2001,tree node pairs,218,True,,3.14.3,Windows-11-10.0.26200-SP0,
b7a4ec7b610742d9b827f43fd5092fe2,2026-09-23T07:56:29.798426+00:00,evaluation,large-repeated-key,Snapshot,ok,measured,6,2,20270828,100000,10,100,repeated-key,32,931a79fbb854f198f331ef1e8c9c504d1228db04001ba6733ad71210bf2831fe,full-scan,full-scan,4096,59.6383,52.32965,524.1492,118.653,56100011,4500000,12.466669111111111,51600011,,not applicable,,149069824,"external parent process-tree RSS sampler (psutil, 10 ms; isolated trial)",100010,keys,218,True,,3.14.3,Windows-11-10.0.26200-SP0,
b7a4ec7b610742d9b827f43fd5092fe2,2026-09-23T07:56:44.323660+00:00,evaluation,large-repeated-key,Dolt,ok,measured,6,3,20270828,100000,10,100,repeated-key,32,931a79fbb854f198f331ef1e8c9c504d1228db04001ba6733ad71210bf2831fe,dolt-native,dolt-native,4096,1896.0774,906.66255,342.6946,702.5821,5244989,4500000,1.165553111111111,744989,,not sampled,,239632384,"external parent process-tree RSS sampler (psutil, 10 ms; isolated trial)",,not exposed by Dolt CLI,218,True,,3.14.3,Windows-11-10.0.26200-SP0,dolt version 2.3.1 Warning: you are on an old version of Dolt. The newest version is 2.3.5.
b7a4ec7b610742d9b827f43fd5092fe2,2026-09-23T07:56:45.888886+00:00,evaluation,large-repeated-key,Log-only,ok,measured,6,4,20270828,100000,10,100,repeated-key,32,931a79fbb854f198f331ef1e8c9c504d1228db04001ba6733ad71210bf2831fe,operation-log,operation-log,4096,53.7485,3.0053,17.678,163.9264,5241683,4500000,1.1648184444444445,741683,,not applicable,,149368832,"external parent process-tree RSS sampler (psutil, 10 ms; isolated trial)",1000,operations,218,True,,3.14.3,Windows-11-10.0.26200-SP0,
b7a4ec7b610742d9b827f43fd5092fe2,2026-09-23T07:56:59.113107+00:00,evaluation,large-repeated-key,Dolt (bulk import),ok,measured,6,5,20270828,100000,10,100,repeated-key,32,931a79fbb854f198f331ef1e8c9c504d1228db04001ba6733ad71210bf2831fe,dolt-native,dolt-native,4096,1536.0686,781.5751,366.9066,758.0505,4683722,4500000,1.0408271111111111,183722,,not sampled,,222212096,"external parent process-tree RSS sampler (psutil, 10 ms; isolated trial)",,not exposed by Dolt CLI,218,True,,3.14.3,Windows-11-10.0.26200-SP0,dolt version 2.3.1 Warning: you are on an old version of Dolt. The newest version is 2.3.5.
b7a4ec7b610742d9b827f43fd5092fe2,2026-09-23T07:57:03.648286+00:00,evaluation,large-repeated-key,Revon-H,ok,measured,6,6,20270828,100000,10,100,repeated-key,32,931a79fbb854f198f331ef1e8c9c504d1228db04001ba6733ad71210bf2831fe,hybrid,log,4096,1230.9916,89.80535,3.1292,248.7021,36151296,4500000,8.033621333333333,31651296,,not sampled,,180236288,"external parent process-tree RSS sampler (psutil, 10 ms; isolated trial)",1000,log operations,218,True,,3.14.3,Windows-11-10.0.26200-SP0,
b7a4ec7b610742d9b827f43fd5092fe2,2026-09-23T07:57:06.141380+00:00,evaluation,large-repeated-key,Snapshot,ok,measured,7,1,20270828,100000,10,100,repeated-key,32,931a79fbb854f198f331ef1e8c9c504d1228db04001ba6733ad71210bf2831fe,full-scan,full-scan,4096,68.8737,52.84695,525.2207,113.4392,56100011,4500000,12.466669111111111,51600011,,not applicable,,160104448,"external parent process-tree RSS sampler (psutil, 10 ms; isolated trial)",100010,keys,218,True,,3.14.3,Windows-11-10.0.26200-SP0,
b7a4ec7b610742d9b827f43fd5092fe2,2026-09-23T07:57:20.249757+00:00,evaluation,large-repeated-key,Dolt,ok,measured,7,2,20270828,100000,10,100,repeated-key,32,931a79fbb854f198f331ef1e8c9c504d1228db04001ba6733ad71210bf2831fe,dolt-native,dolt-native,4096,1860.7692,856.0021999999999,305.7311,716.5206,5245513,4500000,1.1656695555555556,745513,,not sampled,,245297152,"external parent process-tree RSS sampler (psutil, 10 ms; isolated trial)",,not exposed by Dolt CLI,218,True,,3.14.3,Windows-11-10.0.26200-SP0,dolt version 2.3.1 Warning: you are on an old version of Dolt. The newest version is 2.3.5.
b7a4ec7b610742d9b827f43fd5092fe2,2026-09-23T07:57:21.721872+00:00,evaluation,large-repeated-key,Log-only,ok,measured,7,3,20270828,100000,10,100,repeated-key,32,931a79fbb854f198f331ef1e8c9c504d1228db04001ba6733ad71210bf2831fe,operation-log,operation-log,4096,54.0569,3.01695,13.4176,113.0141,5241683,4500000,1.1648184444444445,741683,,not applicable,,157655040,"external parent process-tree RSS sampler (psutil, 10 ms; isolated trial)",1000,operations,218,True,,3.14.3,Windows-11-10.0.26200-SP0,
b7a4ec7b610742d9b827f43fd5092fe2,2026-09-23T07:57:35.348826+00:00,evaluation,large-repeated-key,Dolt (bulk import),ok,measured,7,4,20270828,100000,10,100,repeated-key,32,931a79fbb854f198f331ef1e8c9c504d1228db04001ba6733ad71210bf2831fe,dolt-native,dolt-native,4096,1798.7461,806.88545,270.9699,716.0434,4684239,4500000,1.040942,184239,,not sampled,,226926592,"external parent process-tree RSS sampler (psutil, 10 ms; isolated trial)",,not exposed by Dolt CLI,218,True,,3.14.3,Windows-11-10.0.26200-SP0,dolt version 2.3.1 Warning: you are on an old version of Dolt. The newest version is 2.3.5.
b7a4ec7b610742d9b827f43fd5092fe2,2026-09-23T07:57:39.677569+00:00,evaluation,large-repeated-key,Revon-H,ok,measured,7,5,20270828,100000,10,100,repeated-key,32,931a79fbb854f198f331ef1e8c9c504d1228db04001ba6733ad71210bf2831fe,hybrid,log,4096,1134.3842,102.8694,1.7654,256.2491,36151296,4500000,8.033621333333333,31651296,,not sampled,,182267904,"external parent process-tree RSS sampler (psutil, 10 ms; isolated trial)",1000,log operations,218,True,,3.14.3,Windows-11-10.0.26200-SP0,
b7a4ec7b610742d9b827f43fd5092fe2,2026-09-23T07:57:44.033204+00:00,evaluation,large-repeated-key,Revon-M (forced Merkle),ok,measured,7,6,20270828,100000,10,100,repeated-key,32,931a79fbb854f198f331ef1e8c9c504d1228db04001ba6733ad71210bf2831fe,merkle,merkle,4096,1174.4608,91.85425000000001,8.2877,223.3539,36171776,4500000,8.038172444444445,31671776,,not sampled,,184483840,"external parent process-tree RSS sampler (psutil, 10 ms; isolated trial)",2001,tree node pairs,218,True,,3.14.3,Windows-11-10.0.26200-SP0,
b7a4ec7b610742d9b827f43fd5092fe2,2026-09-23T07:57:50.441439+00:00,evaluation,large-hash-route-local,Revon-H,ok,warmup,1,1,20270829,100000,10,100,hash-route-local,32,580d0c69ba12e3a80a2209c93a1bc944ef80efab034e11e3d81f120de38da2b8,hybrid,log,4096,1055.6679,14.655899999999999,1.0668,207.0721,30720000,4500000,6.826666666666667,26220000,,not sampled,,177004544,"external parent process-tree RSS sampler (psutil, 10 ms; isolated trial)",1000,log operations,238,True,,3.14.3,Windows-11-10.0.26200-SP0,
b7a4ec7b610742d9b827f43fd5092fe2,2026-09-23T07:57:54.637293+00:00,evaluation,large-hash-route-local,Snapshot,ok,warmup,1,2,20270829,100000,10,100,hash-route-local,32,580d0c69ba12e3a80a2209c93a1bc944ef80efab034e11e3d81f120de38da2b8,full-scan,full-scan,4096,68.3084,55.41175,565.3294,167.8244,56100011,4500000,12.466669111111111,51600011,,not applicable,,156377088,"external parent process-tree RSS sampler (psutil, 10 ms; isolated trial)",100010,keys,238,True,,3.14.3,Windows-11-10.0.26200-SP0,
b7a4ec7b610742d9b827f43fd5092fe2,2026-09-23T07:57:57.088444+00:00,evaluation,large-hash-route-local,Log-only,ok,warmup,1,3,20270829,100000,10,100,hash-route-local,32,580d0c69ba12e3a80a2209c93a1bc944ef80efab034e11e3d81f120de38da2b8,operation-log,operation-log,4096,59.0851,3.0738,11.6372,118.2966,5241683,4500000,1.1648184444444445,741683,,not applicable,,149540864,"external parent process-tree RSS sampler (psutil, 10 ms; isolated trial)",1000,operations,238,True,,3.14.3,Windows-11-10.0.26200-SP0,
b7a4ec7b610742d9b827f43fd5092fe2,2026-09-23T07:58:12.204539+00:00,evaluation,large-hash-route-local,Dolt (bulk import),ok,warmup,1,4,20270829,100000,10,100,hash-route-local,32,580d0c69ba12e3a80a2209c93a1bc944ef80efab034e11e3d81f120de38da2b8,dolt-native,dolt-native,4096,1606.6767,893.5926999999999,309.67,764.2583,8112515,4500000,1.8027811111111112,3612515,,not sampled,,225898496,"external parent process-tree RSS sampler (psutil, 10 ms; isolated trial)",,not exposed by Dolt CLI,238,True,,3.14.3,Windows-11-10.0.26200-SP0,dolt version 2.3.1 Warning: you are on an old version of Dolt. The newest version is 2.3.5.
b7a4ec7b610742d9b827f43fd5092fe2,2026-09-23T07:58:17.177414+00:00,evaluation,large-hash-route-local,Revon-M (forced Merkle),ok,warmup,1,5,20270829,100000,10,100,hash-route-local,32,580d0c69ba12e3a80a2209c93a1bc944ef80efab034e11e3d81f120de38da2b8,merkle,merkle,4096,1171.8297,26.92965,2.559,262.7425,30703616,4500000,6.823025777777778,26203616,,not sampled,,172978176,"external parent process-tree RSS sampler (psutil, 10 ms; isolated trial)",233,tree node pairs,238,True,,3.14.3,Windows-11-10.0.26200-SP0,
b7a4ec7b610742d9b827f43fd5092fe2,2026-09-23T07:58:31.849654+00:00,evaluation,large-hash-route-local,Dolt,ok,warmup,1,6,20270829,100000,10,100,hash-route-local,32,580d0c69ba12e3a80a2209c93a1bc944ef80efab034e11e3d81f120de38da2b8,dolt-native,dolt-native,4096,1880.2829,827.28295,277.5175,762.6928,8673747,4500000,1.9274993333333332,4173747,,not sampled,,245485568,"external parent process-tree RSS sampler (psutil, 10 ms; isolated trial)",,not exposed by Dolt CLI,238,True,,3.14.3,Windows-11-10.0.26200-SP0,dolt version 2.3.1 Warning: you are on an old version of Dolt. The newest version is 2.3.5.
b7a4ec7b610742d9b827f43fd5092fe2,2026-09-23T07:58:35.355896+00:00,evaluation,large-hash-route-local,Snapshot,ok,warmup,2,1,20270829,100000,10,100,hash-route-local,32,580d0c69ba12e3a80a2209c93a1bc944ef80efab034e11e3d81f120de38da2b8,full-scan,full-scan,4096,55.6144,53.43875,527.6072,148.0974,56100011,4500000,12.466669111111111,51600011,,not applicable,,157958144,"external parent process-tree RSS sampler (psutil, 10 ms; isolated trial)",100010,keys,238,True,,3.14.3,Windows-11-10.0.26200-SP0,
b7a4ec7b610742d9b827f43fd5092fe2,2026-09-23T07:58:37.889397+00:00,evaluation,large-hash-route-local,Log-only,ok,warmup,2,2,20270829,100000,10,100,hash-route-local,32,580d0c69ba12e3a80a2209c93a1bc944ef80efab034e11e3d81f120de38da2b8,operation-log,operation-log,4096,77.4803,3.17705,15.6367,142.6369,5241683,4500000,1.1648184444444445,741683,,not applicable,,161968128,"external parent process-tree RSS sampler (psutil, 10 ms; isolated trial)",1000,operations,238,True,,3.14.3,Windows-11-10.0.26200-SP0,
b7a4ec7b610742d9b827f43fd5092fe2,2026-09-23T07:58:52.252453+00:00,evaluation,large-hash-route-local,Dolt (bulk import),ok,warmup,2,3,20270829,100000,10,100,hash-route-local,32,580d0c69ba12e3a80a2209c93a1bc944ef80efab034e11e3d81f120de38da2b8,dolt-native,dolt-native,4096,1712.8766,783.73645,297.6882,679.0483,8112342,4500000,1.8027426666666666,3612342,,not sampled,,247926784,"external parent process-tree RSS sampler (psutil, 10 ms; isolated trial)",,not exposed by Dolt CLI,238,True,,3.14.3,Windows-11-10.0.26200-SP0,dolt version 2.3.1 Warning: you are on an old version of Dolt. The newest version is 2.3.5.
b7a4ec7b610742d9b827f43fd5092fe2,2026-09-23T07:58:56.796736+00:00,evaluation,large-hash-route-local,Revon-M (forced Merkle),ok,warmup,2,4,20270829,100000,10,100,hash-route-local,32,580d0c69ba12e3a80a2209c93a1bc944ef80efab034e11e3d81f120de38da2b8,merkle,merkle,4096,1221.4051,22.30695,2.6789,202.7682,30699520,4500000,6.8221155555555555,26199520,,not sampled,,176807936,"external parent process-tree RSS sampler (psutil, 10 ms; isolated trial)",233,tree node pairs,238,True,,3.14.3,Windows-11-10.0.26200-SP0,
b7a4ec7b610742d9b827f43fd5092fe2,2026-09-23T07:59:10.354853+00:00,evaluation,large-hash-route-local,Dolt,ok,warmup,2,5,20270829,100000,10,100,hash-route-local,32,580d0c69ba12e3a80a2209c93a1bc944ef80efab034e11e3d81f120de38da2b8,dolt-native,dolt-native,4096,1518.1312,779.46065,281.1967,686.0155,8673413,4500000,1.9274251111111111,4173413,,not sampled,,237391872,"external parent process-tree RSS sampler (psutil, 10 ms; isolated trial)",,not exposed by Dolt CLI,238,True,,3.14.3,Windows-11-10.0.26200-SP0,dolt version 2.3.1 Warning: you are on an old version of Dolt. The newest version is 2.3.5.
b7a4ec7b610742d9b827f43fd5092fe2,2026-09-23T07:59:15.255197+00:00,evaluation,large-hash-route-local,Revon-H,ok,warmup,2,6,20270829,100000,10,100,hash-route-local,32,580d0c69ba12e3a80a2209c93a1bc944ef80efab034e11e3d81f120de38da2b8,hybrid,log,4096,1269.2666,23.93675,1.9995,223.1137,30703616,4500000,6.823025777777778,26203616,,not sampled,,182702080,"external parent process-tree RSS sampler (psutil, 10 ms; isolated trial)",1000,log operations,238,True,,3.14.3,Windows-11-10.0.26200-SP0,
b7a4ec7b610742d9b827f43fd5092fe2,2026-09-23T07:59:17.529971+00:00,evaluation,large-hash-route-local,Log-only,ok,measured,1,1,20270829,100000,10,100,hash-route-local,32,580d0c69ba12e3a80a2209c93a1bc944ef80efab034e11e3d81f120de38da2b8,operation-log,operation-log,4096,113.2096,3.1802,19.0745,122.8291,5241683,4500000,1.1648184444444445,741683,,not applicable,,149729280,"external parent process-tree RSS sampler (psutil, 10 ms; isolated trial)",1000,operations,238,True,,3.14.3,Windows-11-10.0.26200-SP0,
b7a4ec7b610742d9b827f43fd5092fe2,2026-09-23T07:59:31.348875+00:00,evaluation,large-hash-route-local,Dolt,ok,measured,1,2,20270829,100000,10,100,hash-route-local,32,580d0c69ba12e3a80a2209c93a1bc944ef80efab034e11e3d81f120de38da2b8,dolt-native,dolt-native,4096,1678.3688,785.5614499999999,328.2942,716.5308,8673819,4500000,1.9275153333333332,4173819,3958040,dolt gc (offline),768.555,240521216,"external parent process-tree RSS sampler (psutil, 10 ms; isolated trial)",,not exposed by Dolt CLI,238,True,,3.14.3,Windows-11-10.0.26200-SP0,dolt version 2.3.1 Warning: you are on an old version of Dolt. The newest version is 2.3.5.
b7a4ec7b610742d9b827f43fd5092fe2,2026-09-23T07:59:35.693776+00:00,evaluation,large-hash-route-local,Snapshot,ok,measured,1,3,20270829,100000,10,100,hash-route-local,32,580d0c69ba12e3a80a2209c93a1bc944ef80efab034e11e3d81f120de38da2b8,full-scan,full-scan,4096,82.0288,54.706649999999996,464.2295,111.7104,56100011,4500000,12.466669111111111,51600011,,not applicable,,157888512,"external parent process-tree RSS sampler (psutil, 10 ms; isolated trial)",100010,keys,238,True,,3.14.3,Windows-11-10.0.26200-SP0,
b7a4ec7b610742d9b827f43fd5092fe2,2026-09-23T07:59:49.095867+00:00,evaluation,large-hash-route-local,Dolt (bulk import),ok,measured,1,4,20270829,100000,10,100,hash-route-local,32,580d0c69ba12e3a80a2209c93a1bc944ef80efab034e11e3d81f120de38da2b8,dolt-native,dolt-native,4096,1624.33,740.4067,315.6411,649.8714,8111608,4500000,1.8025795555555555,3611608,4004257,dolt gc (offline),651.8454,218931200,"external parent process-tree RSS sampler (psutil, 10 ms; isolated trial)",,not exposed by Dolt CLI,238,True,,3.14.3,Windows-11-10.0.26200-SP0,dolt version 2.3.1 Warning: you are on an old version of Dolt. The newest version is 2.3.5.
b7a4ec7b610742d9b827f43fd5092fe2,2026-09-23T07:59:55.023731+00:00,evaluation,large-hash-route-local,Revon-H,ok,measured,1,5,20270829,100000,10,100,hash-route-local,32,580d0c69ba12e3a80a2209c93a1bc944ef80efab034e11e3d81f120de38da2b8,hybrid,log,4096,1453.9027,32.72515,3.3684,191.1876,30699520,4500000,6.8221155555555555,26199520,30302208,SQLite VACUUM,661.5315,176996352,"external parent process-tree RSS sampler (psutil, 10 ms; isolated trial)",1000,log operations,238,True,,3.14.3,Windows-11-10.0.26200-SP0,
b7a4ec7b610742d9b827f43fd5092fe2,2026-09-23T07:59:59.808797+00:00,evaluation,large-hash-route-local,Revon-M (forced Merkle),ok,measured,1,6,20270829,100000,10,100,hash-route-local,32,580d0c69ba12e3a80a2209c93a1bc944ef80efab034e11e3d81f120de38da2b8,merkle,merkle,4096,1071.0988,20.5107,2.5374,163.5599,30707712,4500000,6.823936,26207712,30306304,SQLite VACUUM,672.3704,181129216,"external parent process-tree RSS sampler (psutil, 10 ms; isolated trial)",233,tree node pairs,238,True,,3.14.3,Windows-11-10.0.26200-SP0,
b7a4ec7b610742d9b827f43fd5092fe2,2026-09-23T08:00:14.559134+00:00,evaluation,large-hash-route-local,Dolt,ok,measured,2,1,20270829,100000,10,100,hash-route-local,32,580d0c69ba12e3a80a2209c93a1bc944ef80efab034e11e3d81f120de38da2b8,dolt-native,dolt-native,4096,1775.6549,746.4865,261.8395,718.6819,8673254,4500000,1.9273897777777778,4173254,,not sampled,,239665152,"external parent process-tree RSS sampler (psutil, 10 ms; isolated trial)",,not exposed by Dolt CLI,238,True,,3.14.3,Windows-11-10.0.26200-SP0,dolt version 2.3.1 Warning: you are on an old version of Dolt. The newest version is 2.3.5.
b7a4ec7b610742d9b827f43fd5092fe2,2026-09-23T08:00:18.380984+00:00,evaluation,large-hash-route-local,Snapshot,ok,measured,2,2,20270829,100000,10,100,hash-route-local,32,580d0c69ba12e3a80a2209c93a1bc944ef80efab034e11e3d81f120de38da2b8,full-scan,full-scan,4096,57.8435,58.1755,536.2447,138.9364,56100011,4500000,12.466669111111111,51600011,,not applicable,,157573120,"external parent process-tree RSS sampler (psutil, 10 ms; isolated trial)",100010,keys,238,True,,3.14.3,Windows-11-10.0.26200-SP0,
b7a4ec7b610742d9b827f43fd5092fe2,2026-09-23T08:00:33.891995+00:00,evaluation,large-hash-route-local,Dolt (bulk import),ok,measured,2,3,20270829,100000,10,100,hash-route-local,32,580d0c69ba12e3a80a2209c93a1bc944ef80efab034e11e3d81f120de38da2b8,dolt-native,dolt-native,4096,1975.0125,804.1999000000001,278.6058,730.5238,8112289,4500000,1.8027308888888889,3612289,,not sampled,,220102656,"external parent process-tree RSS sampler (psutil, 10 ms; isolated trial)",,not exposed by Dolt CLI,238,True,,3.14.3,Windows-11-10.0.26200-SP0,dolt version 2.3.1 Warning: you are on an old version of Dolt. The newest version is 2.3.5.
b7a4ec7b610742d9b827f43fd5092fe2,2026-09-23T08:00:39.005356+00:00,evaluation,large-hash-route-local,Revon-H,ok,measured,2,4,20270829,100000,10,100,hash-route-local,32,580d0c69ba12e3a80a2209c93a1bc944ef80efab034e11e3d81f120de38da2b8,hybrid,log,4096,975.8559,29.1769,2.571,275.5657,30699520,4500000,6.8221155555555555,26199520,,not sampled,,172683264,"external parent process-tree RSS sampler (psutil, 10 ms; isolated trial)",1000,log operations,238,True,,3.14.3,Windows-11-10.0.26200-SP0,
b7a4ec7b610742d9b827f43fd5092fe2,2026-09-23T08:00:43.796787+00:00,evaluation,large-hash-route-local,Revon-M (forced Merkle),ok,measured,2,5,20270829,100000,10,100,hash-route-local,32,580d0c69ba12e3a80a2209c93a1bc944ef80efab034e11e3d81f120de38da2b8,merkle,merkle,4096,1076.1136,28.2744,2.4338,194.2695,30703616,4500000,6.823025777777778,26203616,,not sampled,,181399552,"external parent process-tree RSS sampler (psutil, 10 ms; isolated trial)",233,tree node pairs,238,True,,3.14.3,Windows-11-10.0.26200-SP0,
b7a4ec7b610742d9b827f43fd5092fe2,2026-09-23T08:00:46.173798+00:00,evaluation,large-hash-route-local,Log-only,ok,measured,2,6,20270829,100000,10,100,hash-route-local,32,580d0c69ba12e3a80a2209c93a1bc944ef80efab034e11e3d81f120de38da2b8,operation-log,operation-log,4096,62.793,2.9072,15.0168,133.5668,5241683,4500000,1.1648184444444445,741683,,not applicable,,149409792,"external parent process-tree RSS sampler (psutil, 10 ms; isolated trial)",1000,operations,238,True,,3.14.3,Windows-11-10.0.26200-SP0,
b7a4ec7b610742d9b827f43fd5092fe2,2026-09-23T08:00:49.408870+00:00,evaluation,large-hash-route-local,Snapshot,ok,measured,3,1,20270829,100000,10,100,hash-route-local,32,580d0c69ba12e3a80a2209c93a1bc944ef80efab034e11e3d81f120de38da2b8,full-scan,full-scan,4096,73.9291,50.409400000000005,462.4977,125.8376,56100011,4500000,12.466669111111111,51600011,,not applicable,,157704192,"external parent process-tree RSS sampler (psutil, 10 ms; isolated trial)",100010,keys,238,True,,3.14.3,Windows-11-10.0.26200-SP0,
b7a4ec7b610742d9b827f43fd5092fe2,2026-09-23T08:01:04.207810+00:00,evaluation,large-hash-route-local,Dolt (bulk import),ok,measured,3,2,20270829,100000,10,100,hash-route-local,32,580d0c69ba12e3a80a2209c93a1bc944ef80efab034e11e3d81f120de38da2b8,dolt-native,dolt-native,4096,2044.0049,823.1981499999999,284.7624,737.3319,8112267,4500000,1.802726,3612267,,not sampled,,252858368,"external parent process-tree RSS sampler (psutil, 10 ms; isolated trial)",,not exposed by Dolt CLI,238,True,,3.14.3,Windows-11-10.0.26200-SP0,dolt version 2.3.1 Warning: you are on an old version of Dolt. The newest version is 2.3.5.
b7a4ec7b610742d9b827f43fd5092fe2,2026-09-23T08:01:08.936335+00:00,evaluation,large-hash-route-local,Revon-H,ok,measured,3,3,20270829,100000,10,100,hash-route-local,32,580d0c69ba12e3a80a2209c93a1bc944ef80efab034e11e3d81f120de38da2b8,hybrid,log,4096,1046.7714,26.289749999999998,1.881,263.9432,30707712,4500000,6.823936,26207712,,not sampled,,184926208,"external parent process-tree RSS sampler (psutil, 10 ms; isolated trial)",1000,log operations,238,True,,3.14.3,Windows-11-10.0.26200-SP0,
b7a4ec7b610742d9b827f43fd5092fe2,2026-09-23T08:01:14.204866+00:00,evaluation,large-hash-route-local,Revon-M (forced Merkle),ok,measured,3,4,20270829,100000,10,100,hash-route-local,32,580d0c69ba12e3a80a2209c93a1bc944ef80efab034e11e3d81f120de38da2b8,merkle,merkle,4096,1149.4426,26.3446,2.4766,248.0988,30695424,4500000,6.821205333333333,26195424,,not sampled,,181080064,"external parent process-tree RSS sampler (psutil, 10 ms; isolated trial)",233,tree node pairs,238,True,,3.14.3,Windows-11-10.0.26200-SP0,
b7a4ec7b610742d9b827f43fd5092fe2,2026-09-23T08:01:16.444772+00:00,evaluation,large-hash-route-local,Log-only,ok,measured,3,5,20270829,100000,10,100,hash-route-local,32,580d0c69ba12e3a80a2209c93a1bc944ef80efab034e11e3d81f120de38da2b8,operation-log,operation-log,4096,57.6733,3.0534,13.5417,118.3526,5241683,4500000,1.1648184444444445,741683,,not applicable,,157802496,"external parent process-tree RSS sampler (psutil, 10 ms; isolated trial)",1000,operations,238,True,,3.14.3,Windows-11-10.0.26200-SP0,
b7a4ec7b610742d9b827f43fd5092fe2,2026-09-23T08:01:32.161024+00:00,evaluation,large-hash-route-local,Dolt,ok,measured,3,6,20270829,100000,10,100,hash-route-local,32,580d0c69ba12e3a80a2209c93a1bc944ef80efab034e11e3d81f120de38da2b8,dolt-native,dolt-native,4096,1800.4514,906.7543000000001,278.2231,737.8871,8673234,4500000,1.9273853333333333,4173234,,not sampled,,245587968,"external parent process-tree RSS sampler (psutil, 10 ms; isolated trial)",,not exposed by Dolt CLI,238,True,,3.14.3,Windows-11-10.0.26200-SP0,dolt version 2.3.1 Warning: you are on an old version of Dolt. The newest version is 2.3.5.
b7a4ec7b610742d9b827f43fd5092fe2,2026-09-23T08:01:46.640808+00:00,evaluation,large-hash-route-local,Dolt (bulk import),ok,measured,4,1,20270829,100000,10,100,hash-route-local,32,580d0c69ba12e3a80a2209c93a1bc944ef80efab034e11e3d81f120de38da2b8,dolt-native,dolt-native,4096,1818.8691,770.6006,238.632,724.9026,8112072,4500000,1.8026826666666667,3612072,,not sampled,,240119808,"external parent process-tree RSS sampler (psutil, 10 ms; isolated trial)",,not exposed by Dolt CLI,238,True,,3.14.3,Windows-11-10.0.26200-SP0,dolt version 2.3.1 Warning: you are on an old version of Dolt. The newest version is 2.3.5.
b7a4ec7b610742d9b827f43fd5092fe2,2026-09-23T08:01:51.845118+00:00,evaluation,large-hash-route-local,Revon-H,ok,measured,4,2,20270829,100000,10,100,hash-route-local,32,580d0c69ba12e3a80a2209c93a1bc944ef80efab034e11e3d81f120de38da2b8,hybrid,log,4096,1256.0811,29.711100000000002,2.9715,251.5126,30695424,4500000,6.821205333333333,26195424,,not sampled,,181264384,"external parent process-tree RSS sampler (psutil, 10 ms; isolated trial)",1000,log operations,238,True,,3.14.3,Windows-11-10.0.26200-SP0,
b7a4ec7b610742d9b827f43fd5092fe2,2026-09-23T08:01:55.916808+00:00,evaluation,large-hash-route-local,Revon-M (forced Merkle),ok,measured,4,3,20270829,100000,10,100,hash-route-local,32,580d0c69ba12e3a80a2209c93a1bc944ef80efab034e11e3d81f120de38da2b8,merkle,merkle,4096,958.4031,15.66195,3.4275,196.879,30707712,4500000,6.823936,26207712,,not sampled,,181198848,"external parent process-tree RSS sampler (psutil, 10 ms; isolated trial)",233,tree node pairs,238,True,,3.14.3,Windows-11-10.0.26200-SP0,
b7a4ec7b610742d9b827f43fd5092fe2,2026-09-23T08:01:59.159353+00:00,evaluation,large-hash-route-local,Log-only,ok,measured,4,4,20270829,100000,10,100,hash-route-local,32,580d0c69ba12e3a80a2209c93a1bc944ef80efab034e11e3d81f120de38da2b8,operation-log,operation-log,4096,53.6693,2.9715,16.3846,128.8812,5241683,4500000,1.1648184444444445,741683,,not applicable,,157954048,"external parent process-tree RSS sampler (psutil, 10 ms; isolated trial)",1000,operations,238,True,,3.14.3,Windows-11-10.0.26200-SP0,
b7a4ec7b610742d9b827f43fd5092fe2,2026-09-23T08:02:14.160037+00:00,evaluation,large-hash-route-local,Dolt,ok,measured,4,5,20270829,100000,10,100,hash-route-local,32,580d0c69ba12e3a80a2209c93a1bc944ef80efab034e11e3d81f120de38da2b8,dolt-native,dolt-native,4096,1801.2269,818.2565500000001,304.4033,730.914,8673749,4500000,1.9274997777777778,4173749,,not sampled,,265019392,"external parent process-tree RSS sampler (psutil, 10 ms; isolated trial)",,not exposed by Dolt CLI,238,True,,3.14.3,Windows-11-10.0.26200-SP0,dolt version 2.3.1 Warning: you are on an old version of Dolt. The newest version is 2.3.5.
b7a4ec7b610742d9b827f43fd5092fe2,2026-09-23T08:02:17.922529+00:00,evaluation,large-hash-route-local,Snapshot,ok,measured,4,6,20270829,100000,10,100,hash-route-local,32,580d0c69ba12e3a80a2209c93a1bc944ef80efab034e11e3d81f120de38da2b8,full-scan,full-scan,4096,53.8087,49.07715,463.8505,138.7856,56100011,4500000,12.466669111111111,51600011,,not applicable,,157642752,"external parent process-tree RSS sampler (psutil, 10 ms; isolated trial)",100010,keys,238,True,,3.14.3,Windows-11-10.0.26200-SP0,
b7a4ec7b610742d9b827f43fd5092fe2,2026-09-23T08:02:22.627173+00:00,evaluation,large-hash-route-local,Revon-H,ok,measured,5,1,20270829,100000,10,100,hash-route-local,32,580d0c69ba12e3a80a2209c93a1bc944ef80efab034e11e3d81f120de38da2b8,hybrid,log,4096,1321.1342,23.950000000000003,2.6203,231.753,30724096,4500000,6.827576888888889,26224096,,not sampled,,185384960,"external parent process-tree RSS sampler (psutil, 10 ms; isolated trial)",1000,log operations,238,True,,3.14.3,Windows-11-10.0.26200-SP0,
b7a4ec7b610742d9b827f43fd5092fe2,2026-09-23T08:02:26.756536+00:00,evaluation,large-hash-route-local,Revon-M (forced Merkle),ok,measured,5,2,20270829,100000,10,100,hash-route-local,32,580d0c69ba12e3a80a2209c93a1bc944ef80efab034e11e3d81f120de38da2b8,merkle,merkle,4096,965.6558,15.945599999999999,3.0659,196.651,30707712,4500000,6.823936,26207712,,not sampled,,185470976,"external parent process-tree RSS sampler (psutil, 10 ms; isolated trial)",233,tree node pairs,238,True,,3.14.3,Windows-11-10.0.26200-SP0,
b7a4ec7b610742d9b827f43fd5092fe2,2026-09-23T08:02:29.976758+00:00,evaluation,large-hash-route-local,Log-only,ok,measured,5,3,20270829,100000,10,100,hash-route-local,32,580d0c69ba12e3a80a2209c93a1bc944ef80efab034e11e3d81f120de38da2b8,operation-log,operation-log,4096,55.5793,2.97735,17.5366,127.301,5241683,4500000,1.1648184444444445,741683,,not applicable,,149557248,"external parent process-tree RSS sampler (psutil, 10 ms; isolated trial)",1000,operations,238,True,,3.14.3,Windows-11-10.0.26200-SP0,
b7a4ec7b610742d9b827f43fd5092fe2,2026-09-23T08:02:44.777654+00:00,evaluation,large-hash-route-local,Dolt,ok,measured,5,4,20270829,100000,10,100,hash-route-local,32,580d0c69ba12e3a80a2209c93a1bc944ef80efab034e11e3d81f120de38da2b8,dolt-native,dolt-native,4096,1939.5992,778.9594,248.9668,768.7562,8673738,4500000,1.9274973333333334,4173738,,not sampled,,243859456,"external parent process-tree RSS sampler (psutil, 10 ms; isolated trial)",,not exposed by Dolt CLI,238,True,,3.14.3,Windows-11-10.0.26200-SP0,dolt version 2.3.1 Warning: you are on an old version of Dolt. The newest version is 2.3.5.
b7a4ec7b610742d9b827f43fd5092fe2,2026-09-23T08:02:48.876752+00:00,evaluation,large-hash-route-local,Snapshot,ok,measured,5,5,20270829,100000,10,100,hash-route-local,32,580d0c69ba12e3a80a2209c93a1bc944ef80efab034e11e3d81f120de38da2b8,full-scan,full-scan,4096,57.9134,59.63475,651.8299,193.4388,56100011,4500000,12.466669111111111,51600011,,not applicable,,157782016,"external parent process-tree RSS sampler (psutil, 10 ms; isolated trial)",100010,keys,238,True,,3.14.3,Windows-11-10.0.26200-SP0,
b7a4ec7b610742d9b827f43fd5092fe2,2026-09-23T08:03:03.765745+00:00,evaluation,large-hash-route-local,Dolt (bulk import),ok,measured,5,6,20270829,100000,10,100,hash-route-local,32,580d0c69ba12e3a80a2209c93a1bc944ef80efab034e11e3d81f120de38da2b8,dolt-native,dolt-native,4096,1732.1508,732.0768,307.6808,675.5565,8111850,4500000,1.8026333333333333,3611850,,not sampled,,233418752,"external parent process-tree RSS sampler (psutil, 10 ms; isolated trial)",,not exposed by Dolt CLI,238,True,,3.14.3,Windows-11-10.0.26200-SP0,dolt version 2.3.1 Warning: you are on an old version of Dolt. The newest version is 2.3.5.
b7a4ec7b610742d9b827f43fd5092fe2,2026-09-23T08:03:08.548907+00:00,evaluation,large-hash-route-local,Revon-M (forced Merkle),ok,measured,6,1,20270829,100000,10,100,hash-route-local,32,580d0c69ba12e3a80a2209c93a1bc944ef80efab034e11e3d81f120de38da2b8,merkle,merkle,4096,1167.0688,24.92085,2.8298,245.5446,30711808,4500000,6.824846222222222,26211808,,not sampled,,176738304,"external parent process-tree RSS sampler (psutil, 10 ms; isolated trial)",233,tree node pairs,238,True,,3.14.3,Windows-11-10.0.26200-SP0,
b7a4ec7b610742d9b827f43fd5092fe2,2026-09-23T08:03:10.785285+00:00,evaluation,large-hash-route-local,Log-only,ok,measured,6,2,20270829,100000,10,100,hash-route-local,32,580d0c69ba12e3a80a2209c93a1bc944ef80efab034e11e3d81f120de38da2b8,operation-log,operation-log,4096,60.0522,3.02115,26.1461,113.5095,5241683,4500000,1.1648184444444445,741683,,not applicable,,159031296,"external parent process-tree RSS sampler (psutil, 10 ms; isolated trial)",1000,operations,238,True,,3.14.3,Windows-11-10.0.26200-SP0,
b7a4ec7b610742d9b827f43fd5092fe2,2026-09-23T08:03:24.104413+00:00,evaluation,large-hash-route-local,Dolt,ok,measured,6,3,20270829,100000,10,100,hash-route-local,32,580d0c69ba12e3a80a2209c93a1bc944ef80efab034e11e3d81f120de38da2b8,dolt-native,dolt-native,4096,1735.2624,742.68665,270.6261,641.8598,8673530,4500000,1.927451111111111,4173530,,not sampled,,246714368,"external parent process-tree RSS sampler (psutil, 10 ms; isolated trial)",,not exposed by Dolt CLI,238,True,,3.14.3,Windows-11-10.0.26200-SP0,dolt version 2.3.1 Warning: you are on an old version of Dolt. The newest version is 2.3.5.
b7a4ec7b610742d9b827f43fd5092fe2,2026-09-23T08:03:28.198820+00:00,evaluation,large-hash-route-local,Snapshot,ok,measured,6,4,20270829,100000,10,100,hash-route-local,32,580d0c69ba12e3a80a2209c93a1bc944ef80efab034e11e3d81f120de38da2b8,full-scan,full-scan,4096,70.2278,55.6426,627.7448,211.3234,56100011,4500000,12.466669111111111,51600011,,not applicable,,156319744,"external parent process-tree RSS sampler (psutil, 10 ms; isolated trial)",100010,keys,238,True,,3.14.3,Windows-11-10.0.26200-SP0,
b7a4ec7b610742d9b827f43fd5092fe2,2026-09-23T08:03:42.629529+00:00,evaluation,large-hash-route-local,Dolt (bulk import),ok,measured,6,5,20270829,100000,10,100,hash-route-local,32,580d0c69ba12e3a80a2209c93a1bc944ef80efab034e11e3d81f120de38da2b8,dolt-native,dolt-native,4096,1785.4915,776.53615,270.3448,708.8429,8111866,4500000,1.8026368888888888,3611866,,not sampled,,231645184,"external parent process-tree RSS sampler (psutil, 10 ms; isolated trial)",,not exposed by Dolt CLI,238,True,,3.14.3,Windows-11-10.0.26200-SP0,dolt version 2.3.1 Warning: you are on an old version of Dolt. The newest version is 2.3.5.
b7a4ec7b610742d9b827f43fd5092fe2,2026-09-23T08:03:47.277587+00:00,evaluation,large-hash-route-local,Revon-H,ok,measured,6,6,20270829,100000,10,100,hash-route-local,32,580d0c69ba12e3a80a2209c93a1bc944ef80efab034e11e3d81f120de38da2b8,hybrid,log,4096,1254.5103,27.28015,2.6064,218.2158,30711808,4500000,6.824846222222222,26211808,,not sampled,,172834816,"external parent process-tree RSS sampler (psutil, 10 ms; isolated trial)",1000,log operations,238,True,,3.14.3,Windows-11-10.0.26200-SP0,
b7a4ec7b610742d9b827f43fd5092fe2,2026-09-23T08:03:49.480741+00:00,evaluation,large-hash-route-local,Log-only,ok,measured,7,1,20270829,100000,10,100,hash-route-local,32,580d0c69ba12e3a80a2209c93a1bc944ef80efab034e11e3d81f120de38da2b8,operation-log,operation-log,4096,50.4807,3.1755500000000003,19.7506,116.7636,5241683,4500000,1.1648184444444445,741683,,not applicable,,157921280,"external parent process-tree RSS sampler (psutil, 10 ms; isolated trial)",1000,operations,238,True,,3.14.3,Windows-11-10.0.26200-SP0,
b7a4ec7b610742d9b827f43fd5092fe2,2026-09-23T08:04:03.887700+00:00,evaluation,large-hash-route-local,Dolt,ok,measured,7,2,20270829,100000,10,100,hash-route-local,32,580d0c69ba12e3a80a2209c93a1bc944ef80efab034e11e3d81f120de38da2b8,dolt-native,dolt-native,4096,1611.9336,837.5173500000001,296.6111,811.0973,8673762,4500000,1.9275026666666666,4173762,,not sampled,,237080576,"external parent process-tree RSS sampler (psutil, 10 ms; isolated trial)",,not exposed by Dolt CLI,238,True,,3.14.3,Windows-11-10.0.26200-SP0,dolt version 2.3.1 Warning: you are on an old version of Dolt. The newest version is 2.3.5.
b7a4ec7b610742d9b827f43fd5092fe2,2026-09-23T08:04:07.595687+00:00,evaluation,large-hash-route-local,Snapshot,ok,measured,7,3,20270829,100000,10,100,hash-route-local,32,580d0c69ba12e3a80a2209c93a1bc944ef80efab034e11e3d81f120de38da2b8,full-scan,full-scan,4096,74.9244,58.13,587.0567,119.847,56100011,4500000,12.466669111111111,51600011,,not applicable,,157528064,"external parent process-tree RSS sampler (psutil, 10 ms; isolated trial)",100010,keys,238,True,,3.14.3,Windows-11-10.0.26200-SP0,
b7a4ec7b610742d9b827f43fd5092fe2,2026-09-23T08:04:21.601400+00:00,evaluation,large-hash-route-local,Dolt (bulk import),ok,measured,7,4,20270829,100000,10,100,hash-route-local,32,580d0c69ba12e3a80a2209c93a1bc944ef80efab034e11e3d81f120de38da2b8,dolt-native,dolt-native,4096,1789.0615,789.66535,280.6516,624.6372,8111595,4500000,1.8025766666666667,3611595,,not sampled,,258088960,"external parent process-tree RSS sampler (psutil, 10 ms; isolated trial)",,not exposed by Dolt CLI,238,True,,3.14.3,Windows-11-10.0.26200-SP0,dolt version 2.3.1 Warning: you are on an old version of Dolt. The newest version is 2.3.5.
b7a4ec7b610742d9b827f43fd5092fe2,2026-09-23T08:04:26.133698+00:00,evaluation,large-hash-route-local,Revon-H,ok,measured,7,5,20270829,100000,10,100,hash-route-local,32,580d0c69ba12e3a80a2209c93a1bc944ef80efab034e11e3d81f120de38da2b8,hybrid,log,4096,1228.9451,20.73,2.8508,210.3865,30695424,4500000,6.821205333333333,26195424,,not sampled,,177217536,"external parent process-tree RSS sampler (psutil, 10 ms; isolated trial)",1000,log operations,238,True,,3.14.3,Windows-11-10.0.26200-SP0,
b7a4ec7b610742d9b827f43fd5092fe2,2026-09-23T08:04:30.214158+00:00,evaluation,large-hash-route-local,Revon-M (forced Merkle),ok,measured,7,6,20270829,100000,10,100,hash-route-local,32,580d0c69ba12e3a80a2209c93a1bc944ef80efab034e11e3d81f120de38da2b8,merkle,merkle,4096,956.772,15.14125,3.1131,200.37,30703616,4500000,6.823025777777778,26203616,,not sampled,,177147904,"external parent process-tree RSS sampler (psutil, 10 ms; isolated trial)",233,tree node pairs,238,True,,3.14.3,Windows-11-10.0.26200-SP0,
