run_id,timestamp_utc,phase,scenario,model,status,trial_kind,trial,seed,rows,commits,changes_per_commit,locality,payload_bytes,workload_sha256,strategy_requested,strategy_selected,hybrid_threshold,initial_import_ms,incremental_commit_ms,diff_ms,checkout_ms,storage_bytes,peak_memory_bytes,memory_method,work_examined,work_unit,changed_keys,correctness,notes,python_version,platform,dolt_version
7048cc1674dc4038a8e42c87818b9088,2026-08-24T01:20:32.479703+00:00,calibration,calibration-c1,Chronos-log calibration,ok,warmup,1,20260822,10000,4,1,spread,32,bbb013782fb23e93e848ca04036af792b8c3863430dfc1d4e6ef4135df4db3e5,log,log,0,822.4355,11.9267,0.0881,3.0769,2621440,10121347,incremental Python allocations via tracemalloc,4,log operations,4,True,,3.14.3,Windows-11-10.0.26200-SP0,
7048cc1674dc4038a8e42c87818b9088,2026-08-24T01:20:33.965911+00:00,calibration,calibration-c1,Chronos-log calibration,ok,warmup,2,20260822,10000,4,1,spread,32,bbb013782fb23e93e848ca04036af792b8c3863430dfc1d4e6ef4135df4db3e5,log,log,0,888.6738,14.4899,0.0744,3.3945,2625536,10118495,incremental Python allocations via tracemalloc,4,log operations,4,True,,3.14.3,Windows-11-10.0.26200-SP0,
7048cc1674dc4038a8e42c87818b9088,2026-08-24T01:20:35.421485+00:00,calibration,calibration-c1,Chronos-log calibration,ok,measured,1,20260822,10000,4,1,spread,32,bbb013782fb23e93e848ca04036af792b8c3863430dfc1d4e6ef4135df4db3e5,log,log,0,1249.8493,14.612400000000001,0.1344,5.6413,2625536,10118495,incremental Python allocations via tracemalloc,4,log operations,4,True,,3.14.3,Windows-11-10.0.26200-SP0,
7048cc1674dc4038a8e42c87818b9088,2026-08-24T01:20:37.051500+00:00,calibration,calibration-c1,Chronos-log calibration,ok,measured,2,20260822,10000,4,1,spread,32,bbb013782fb23e93e848ca04036af792b8c3863430dfc1d4e6ef4135df4db3e5,log,log,0,1387.156,16.52355,0.0893,5.7118,2629632,10118495,incremental Python allocations via tracemalloc,4,log operations,4,True,,3.14.3,Windows-11-10.0.26200-SP0,
7048cc1674dc4038a8e42c87818b9088,2026-08-24T01:20:38.218221+00:00,calibration,calibration-c1,Chronos-log calibration,ok,measured,3,20260822,10000,4,1,spread,32,bbb013782fb23e93e848ca04036af792b8c3863430dfc1d4e6ef4135df4db3e5,log,log,0,983.4522,10.7691,0.0714,3.1393,2629632,10118495,incremental Python allocations via tracemalloc,4,log operations,4,True,,3.14.3,Windows-11-10.0.26200-SP0,
7048cc1674dc4038a8e42c87818b9088,2026-08-24T01:20:39.116792+00:00,calibration,calibration-c1,Chronos-log calibration,ok,measured,4,20260822,10000,4,1,spread,32,bbb013782fb23e93e848ca04036af792b8c3863430dfc1d4e6ef4135df4db3e5,log,log,0,730.7311,11.84915,0.063,3.1585,2621440,10118495,incremental Python allocations via tracemalloc,4,log operations,4,True,,3.14.3,Windows-11-10.0.26200-SP0,
7048cc1674dc4038a8e42c87818b9088,2026-08-24T01:20:40.042868+00:00,calibration,calibration-c1,Chronos-log calibration,ok,measured,5,20260822,10000,4,1,spread,32,bbb013782fb23e93e848ca04036af792b8c3863430dfc1d4e6ef4135df4db3e5,log,log,0,749.8058,11.50915,0.0827,4.7257,2625536,10118495,incremental Python allocations via tracemalloc,4,log operations,4,True,,3.14.3,Windows-11-10.0.26200-SP0,
7048cc1674dc4038a8e42c87818b9088,2026-08-24T01:20:40.972378+00:00,calibration,calibration-c1,Chronos-log calibration,ok,measured,6,20260822,10000,4,1,spread,32,bbb013782fb23e93e848ca04036af792b8c3863430dfc1d4e6ef4135df4db3e5,log,log,0,768.257,11.4118,0.0649,2.7484,2625536,10118495,incremental Python allocations via tracemalloc,4,log operations,4,True,,3.14.3,Windows-11-10.0.26200-SP0,
7048cc1674dc4038a8e42c87818b9088,2026-08-24T01:20:41.975418+00:00,calibration,calibration-c1,Chronos-log calibration,ok,measured,7,20260822,10000,4,1,spread,32,bbb013782fb23e93e848ca04036af792b8c3863430dfc1d4e6ef4135df4db3e5,log,log,0,845.6184,10.76615,0.0686,3.1823,2633728,10118495,incremental Python allocations via tracemalloc,4,log operations,4,True,,3.14.3,Windows-11-10.0.26200-SP0,
7048cc1674dc4038a8e42c87818b9088,2026-08-24T01:20:42.920350+00:00,calibration,calibration-c1,Chronos-M (forced Merkle),ok,warmup,1,20260822,10000,4,1,spread,32,bbb013782fb23e93e848ca04036af792b8c3863430dfc1d4e6ef4135df4db3e5,merkle,merkle,0,776.1019,11.9667,0.2695,4.4963,2629632,10118495,incremental Python allocations via tracemalloc,104,tree node pairs,4,True,,3.14.3,Windows-11-10.0.26200-SP0,
7048cc1674dc4038a8e42c87818b9088,2026-08-24T01:20:43.874354+00:00,calibration,calibration-c1,Chronos-M (forced Merkle),ok,warmup,2,20260822,10000,4,1,spread,32,bbb013782fb23e93e848ca04036af792b8c3863430dfc1d4e6ef4135df4db3e5,merkle,merkle,0,784.5961,12.052,0.2132,2.7469,2629632,10118495,incremental Python allocations via tracemalloc,104,tree node pairs,4,True,,3.14.3,Windows-11-10.0.26200-SP0,
7048cc1674dc4038a8e42c87818b9088,2026-08-24T01:20:44.761414+00:00,calibration,calibration-c1,Chronos-M (forced Merkle),ok,measured,1,20260822,10000,4,1,spread,32,bbb013782fb23e93e848ca04036af792b8c3863430dfc1d4e6ef4135df4db3e5,merkle,merkle,0,726.145,11.25205,0.2725,3.8845,2633728,10118495,incremental Python allocations via tracemalloc,104,tree node pairs,4,True,,3.14.3,Windows-11-10.0.26200-SP0,
7048cc1674dc4038a8e42c87818b9088,2026-08-24T01:20:45.662090+00:00,calibration,calibration-c1,Chronos-M (forced Merkle),ok,measured,2,20260822,10000,4,1,spread,32,bbb013782fb23e93e848ca04036af792b8c3863430dfc1d4e6ef4135df4db3e5,merkle,merkle,0,735.1125,12.1586,0.2135,2.7393,2621440,10118495,incremental Python allocations via tracemalloc,104,tree node pairs,4,True,,3.14.3,Windows-11-10.0.26200-SP0,
7048cc1674dc4038a8e42c87818b9088,2026-08-24T01:20:46.568451+00:00,calibration,calibration-c1,Chronos-M (forced Merkle),ok,measured,3,20260822,10000,4,1,spread,32,bbb013782fb23e93e848ca04036af792b8c3863430dfc1d4e6ef4135df4db3e5,merkle,merkle,0,744.0708,11.4337,0.2224,3.3947,2621440,10118495,incremental Python allocations via tracemalloc,104,tree node pairs,4,True,,3.14.3,Windows-11-10.0.26200-SP0,
7048cc1674dc4038a8e42c87818b9088,2026-08-24T01:20:47.527563+00:00,calibration,calibration-c1,Chronos-M (forced Merkle),ok,measured,4,20260822,10000,4,1,spread,32,bbb013782fb23e93e848ca04036af792b8c3863430dfc1d4e6ef4135df4db3e5,merkle,merkle,0,793.9243,11.84295,0.215,3.3281,2625536,10118495,incremental Python allocations via tracemalloc,104,tree node pairs,4,True,,3.14.3,Windows-11-10.0.26200-SP0,
7048cc1674dc4038a8e42c87818b9088,2026-08-24T01:20:48.459142+00:00,calibration,calibration-c1,Chronos-M (forced Merkle),ok,measured,5,20260822,10000,4,1,spread,32,bbb013782fb23e93e848ca04036af792b8c3863430dfc1d4e6ef4135df4db3e5,merkle,merkle,0,752.2467,12.408,0.284,3.5175,2629632,10118495,incremental Python allocations via tracemalloc,104,tree node pairs,4,True,,3.14.3,Windows-11-10.0.26200-SP0,
7048cc1674dc4038a8e42c87818b9088,2026-08-24T01:20:49.490352+00:00,calibration,calibration-c1,Chronos-M (forced Merkle),ok,measured,6,20260822,10000,4,1,spread,32,bbb013782fb23e93e848ca04036af792b8c3863430dfc1d4e6ef4135df4db3e5,merkle,merkle,0,781.8365,12.15415,0.2298,2.8034,2625536,10118495,incremental Python allocations via tracemalloc,104,tree node pairs,4,True,,3.14.3,Windows-11-10.0.26200-SP0,
7048cc1674dc4038a8e42c87818b9088,2026-08-24T01:20:50.425260+00:00,calibration,calibration-c1,Chronos-M (forced Merkle),ok,measured,7,20260822,10000,4,1,spread,32,bbb013782fb23e93e848ca04036af792b8c3863430dfc1d4e6ef4135df4db3e5,merkle,merkle,0,776.1529,11.3176,0.2507,3.742,2625536,10118495,incremental Python allocations via tracemalloc,104,tree node pairs,4,True,,3.14.3,Windows-11-10.0.26200-SP0,
7048cc1674dc4038a8e42c87818b9088,2026-08-24T01:20:51.390162+00:00,calibration,calibration-c4,Chronos-log calibration,ok,warmup,1,20260823,10000,4,4,spread,32,c95352c92bb8395bb3542492372581739e11b3dc09d53484c45b4e637edffc0f,log,log,0,776.3911,14.27785,0.1042,3.5072,2723840,10118495,incremental Python allocations via tracemalloc,16,log operations,16,True,,3.14.3,Windows-11-10.0.26200-SP0,
7048cc1674dc4038a8e42c87818b9088,2026-08-24T01:20:52.387409+00:00,calibration,calibration-c4,Chronos-log calibration,ok,warmup,2,20260823,10000,4,4,spread,32,c95352c92bb8395bb3542492372581739e11b3dc09d53484c45b4e637edffc0f,log,log,0,759.8861,23.6366,0.1247,3.9398,2727936,10118495,incremental Python allocations via tracemalloc,16,log operations,16,True,,3.14.3,Windows-11-10.0.26200-SP0,
7048cc1674dc4038a8e42c87818b9088,2026-08-24T01:20:53.328664+00:00,calibration,calibration-c4,Chronos-log calibration,ok,measured,1,20260823,10000,4,4,spread,32,c95352c92bb8395bb3542492372581739e11b3dc09d53484c45b4e637edffc0f,log,log,0,743.7802,17.2968,0.0932,3.1076,2727936,10118495,incremental Python allocations via tracemalloc,16,log operations,16,True,,3.14.3,Windows-11-10.0.26200-SP0,
7048cc1674dc4038a8e42c87818b9088,2026-08-24T01:20:54.305419+00:00,calibration,calibration-c4,Chronos-log calibration,ok,measured,2,20260823,10000,4,4,spread,32,c95352c92bb8395bb3542492372581739e11b3dc09d53484c45b4e637edffc0f,log,log,0,800.7965,15.025549999999999,0.1633,3.1284,2732032,10118495,incremental Python allocations via tracemalloc,16,log operations,16,True,,3.14.3,Windows-11-10.0.26200-SP0,
7048cc1674dc4038a8e42c87818b9088,2026-08-24T01:20:55.215254+00:00,calibration,calibration-c4,Chronos-log calibration,ok,measured,3,20260823,10000,4,4,spread,32,c95352c92bb8395bb3542492372581739e11b3dc09d53484c45b4e637edffc0f,log,log,0,738.6658,15.5583,0.0978,3.3959,2736128,10118495,incremental Python allocations via tracemalloc,16,log operations,16,True,,3.14.3,Windows-11-10.0.26200-SP0,
7048cc1674dc4038a8e42c87818b9088,2026-08-24T01:20:56.174855+00:00,calibration,calibration-c4,Chronos-log calibration,ok,measured,4,20260823,10000,4,4,spread,32,c95352c92bb8395bb3542492372581739e11b3dc09d53484c45b4e637edffc0f,log,log,0,782.9355,15.62855,0.1093,3.91,2727936,10118495,incremental Python allocations via tracemalloc,16,log operations,16,True,,3.14.3,Windows-11-10.0.26200-SP0,
7048cc1674dc4038a8e42c87818b9088,2026-08-24T01:20:57.134026+00:00,calibration,calibration-c4,Chronos-log calibration,ok,measured,5,20260823,10000,4,4,spread,32,c95352c92bb8395bb3542492372581739e11b3dc09d53484c45b4e637edffc0f,log,log,0,782.6297,15.3085,0.1078,3.7025,2723840,10118495,incremental Python allocations via tracemalloc,16,log operations,16,True,,3.14.3,Windows-11-10.0.26200-SP0,
7048cc1674dc4038a8e42c87818b9088,2026-08-24T01:20:58.083943+00:00,calibration,calibration-c4,Chronos-log calibration,ok,measured,6,20260823,10000,4,4,spread,32,c95352c92bb8395bb3542492372581739e11b3dc09d53484c45b4e637edffc0f,log,log,0,784.5231,14.0624,0.1248,3.1538,2727936,10118495,incremental Python allocations via tracemalloc,16,log operations,16,True,,3.14.3,Windows-11-10.0.26200-SP0,
7048cc1674dc4038a8e42c87818b9088,2026-08-24T01:20:59.028507+00:00,calibration,calibration-c4,Chronos-log calibration,ok,measured,7,20260823,10000,4,4,spread,32,c95352c92bb8395bb3542492372581739e11b3dc09d53484c45b4e637edffc0f,log,log,0,769.0686,15.4656,0.127,3.5695,2723840,10118495,incremental Python allocations via tracemalloc,16,log operations,16,True,,3.14.3,Windows-11-10.0.26200-SP0,
7048cc1674dc4038a8e42c87818b9088,2026-08-24T01:20:59.982006+00:00,calibration,calibration-c4,Chronos-M (forced Merkle),ok,warmup,1,20260823,10000,4,4,spread,32,c95352c92bb8395bb3542492372581739e11b3dc09d53484c45b4e637edffc0f,merkle,merkle,0,787.8027,14.3093,0.5519,3.178,2723840,10118495,incremental Python allocations via tracemalloc,289,tree node pairs,16,True,,3.14.3,Windows-11-10.0.26200-SP0,
7048cc1674dc4038a8e42c87818b9088,2026-08-24T01:21:00.942088+00:00,calibration,calibration-c4,Chronos-M (forced Merkle),ok,warmup,2,20260823,10000,4,4,spread,32,c95352c92bb8395bb3542492372581739e11b3dc09d53484c45b4e637edffc0f,merkle,merkle,0,764.6683,15.47175,0.6387,3.9474,2719744,10118495,incremental Python allocations via tracemalloc,289,tree node pairs,16,True,,3.14.3,Windows-11-10.0.26200-SP0,
7048cc1674dc4038a8e42c87818b9088,2026-08-24T01:21:01.880215+00:00,calibration,calibration-c4,Chronos-M (forced Merkle),ok,measured,1,20260823,10000,4,4,spread,32,c95352c92bb8395bb3542492372581739e11b3dc09d53484c45b4e637edffc0f,merkle,merkle,0,759.1981,15.165799999999999,0.6144,3.544,2727936,10118495,incremental Python allocations via tracemalloc,289,tree node pairs,16,True,,3.14.3,Windows-11-10.0.26200-SP0,
7048cc1674dc4038a8e42c87818b9088,2026-08-24T01:21:02.793927+00:00,calibration,calibration-c4,Chronos-M (forced Merkle),ok,measured,2,20260823,10000,4,4,spread,32,c95352c92bb8395bb3542492372581739e11b3dc09d53484c45b4e637edffc0f,merkle,merkle,0,736.705,14.614650000000001,0.6053,3.1169,2723840,10118495,incremental Python allocations via tracemalloc,289,tree node pairs,16,True,,3.14.3,Windows-11-10.0.26200-SP0,
7048cc1674dc4038a8e42c87818b9088,2026-08-24T01:21:03.752555+00:00,calibration,calibration-c4,Chronos-M (forced Merkle),ok,measured,3,20260823,10000,4,4,spread,32,c95352c92bb8395bb3542492372581739e11b3dc09d53484c45b4e637edffc0f,merkle,merkle,0,766.6924,15.8467,0.6598,5.2162,2732032,10118495,incremental Python allocations via tracemalloc,289,tree node pairs,16,True,,3.14.3,Windows-11-10.0.26200-SP0,
7048cc1674dc4038a8e42c87818b9088,2026-08-24T01:21:04.639317+00:00,calibration,calibration-c4,Chronos-M (forced Merkle),ok,measured,4,20260823,10000,4,4,spread,32,c95352c92bb8395bb3542492372581739e11b3dc09d53484c45b4e637edffc0f,merkle,merkle,0,710.5353,14.55885,0.7198,3.5394,2732032,10118495,incremental Python allocations via tracemalloc,289,tree node pairs,16,True,,3.14.3,Windows-11-10.0.26200-SP0,
7048cc1674dc4038a8e42c87818b9088,2026-08-24T01:21:05.548251+00:00,calibration,calibration-c4,Chronos-M (forced Merkle),ok,measured,5,20260823,10000,4,4,spread,32,c95352c92bb8395bb3542492372581739e11b3dc09d53484c45b4e637edffc0f,merkle,merkle,0,729.0021,16.0179,0.6036,3.6836,2732032,10118495,incremental Python allocations via tracemalloc,289,tree node pairs,16,True,,3.14.3,Windows-11-10.0.26200-SP0,
7048cc1674dc4038a8e42c87818b9088,2026-08-24T01:21:06.479340+00:00,calibration,calibration-c4,Chronos-M (forced Merkle),ok,measured,6,20260823,10000,4,4,spread,32,c95352c92bb8395bb3542492372581739e11b3dc09d53484c45b4e637edffc0f,merkle,merkle,0,745.0455,15.3083,0.5381,3.2777,2732032,10118495,incremental Python allocations via tracemalloc,289,tree node pairs,16,True,,3.14.3,Windows-11-10.0.26200-SP0,
7048cc1674dc4038a8e42c87818b9088,2026-08-24T01:21:07.480674+00:00,calibration,calibration-c4,Chronos-M (forced Merkle),ok,measured,7,20260823,10000,4,4,spread,32,c95352c92bb8395bb3542492372581739e11b3dc09d53484c45b4e637edffc0f,merkle,merkle,0,786.9,17.331,0.7092,4.9317,2719744,10118495,incremental Python allocations via tracemalloc,289,tree node pairs,16,True,,3.14.3,Windows-11-10.0.26200-SP0,
7048cc1674dc4038a8e42c87818b9088,2026-08-24T01:21:08.528067+00:00,calibration,calibration-c16,Chronos-log calibration,ok,warmup,1,20260824,10000,4,16,spread,32,813d583e534cb953a3ffc9c536c0b901ae0b9d647909c4b21f11e00dab7f29bc,log,log,0,771.6771,25.2626,0.2562,4.4283,2871296,10118495,incremental Python allocations via tracemalloc,64,log operations,64,True,,3.14.3,Windows-11-10.0.26200-SP0,
7048cc1674dc4038a8e42c87818b9088,2026-08-24T01:21:09.774964+00:00,calibration,calibration-c16,Chronos-log calibration,ok,warmup,2,20260824,10000,4,16,spread,32,813d583e534cb953a3ffc9c536c0b901ae0b9d647909c4b21f11e00dab7f29bc,log,log,0,1019.9009,24.98125,0.2395,3.653,2875392,10118495,incremental Python allocations via tracemalloc,64,log operations,64,True,,3.14.3,Windows-11-10.0.26200-SP0,
7048cc1674dc4038a8e42c87818b9088,2026-08-24T01:21:10.704655+00:00,calibration,calibration-c16,Chronos-log calibration,ok,measured,1,20260824,10000,4,16,spread,32,813d583e534cb953a3ffc9c536c0b901ae0b9d647909c4b21f11e00dab7f29bc,log,log,0,725.4539,22.64455,0.2204,2.7433,2883584,10118495,incremental Python allocations via tracemalloc,64,log operations,64,True,,3.14.3,Windows-11-10.0.26200-SP0,
7048cc1674dc4038a8e42c87818b9088,2026-08-24T01:21:11.676734+00:00,calibration,calibration-c16,Chronos-log calibration,ok,measured,2,20260824,10000,4,16,spread,32,813d583e534cb953a3ffc9c536c0b901ae0b9d647909c4b21f11e00dab7f29bc,log,log,0,760.727,23.23155,0.2518,3.8162,2875392,10118495,incremental Python allocations via tracemalloc,64,log operations,64,True,,3.14.3,Windows-11-10.0.26200-SP0,
7048cc1674dc4038a8e42c87818b9088,2026-08-24T01:21:12.653588+00:00,calibration,calibration-c16,Chronos-log calibration,ok,measured,3,20260824,10000,4,16,spread,32,813d583e534cb953a3ffc9c536c0b901ae0b9d647909c4b21f11e00dab7f29bc,log,log,0,776.0382,22.384500000000003,0.2321,2.7792,2867200,10118495,incremental Python allocations via tracemalloc,64,log operations,64,True,,3.14.3,Windows-11-10.0.26200-SP0,
7048cc1674dc4038a8e42c87818b9088,2026-08-24T01:21:13.594660+00:00,calibration,calibration-c16,Chronos-log calibration,ok,measured,4,20260824,10000,4,16,spread,32,813d583e534cb953a3ffc9c536c0b901ae0b9d647909c4b21f11e00dab7f29bc,log,log,0,739.128,21.9115,0.2649,3.0859,2879488,10118495,incremental Python allocations via tracemalloc,64,log operations,64,True,,3.14.3,Windows-11-10.0.26200-SP0,
7048cc1674dc4038a8e42c87818b9088,2026-08-24T01:21:14.793112+00:00,calibration,calibration-c16,Chronos-log calibration,ok,measured,5,20260824,10000,4,16,spread,32,813d583e534cb953a3ffc9c536c0b901ae0b9d647909c4b21f11e00dab7f29bc,log,log,0,990.0364,22.3467,0.2188,2.7083,2879488,10118495,incremental Python allocations via tracemalloc,64,log operations,64,True,,3.14.3,Windows-11-10.0.26200-SP0,
7048cc1674dc4038a8e42c87818b9088,2026-08-24T01:21:15.751931+00:00,calibration,calibration-c16,Chronos-log calibration,ok,measured,6,20260824,10000,4,16,spread,32,813d583e534cb953a3ffc9c536c0b901ae0b9d647909c4b21f11e00dab7f29bc,log,log,0,744.7462,23.858800000000002,0.2602,3.5563,2879488,10118495,incremental Python allocations via tracemalloc,64,log operations,64,True,,3.14.3,Windows-11-10.0.26200-SP0,
7048cc1674dc4038a8e42c87818b9088,2026-08-24T01:21:16.709878+00:00,calibration,calibration-c16,Chronos-log calibration,ok,measured,7,20260824,10000,4,16,spread,32,813d583e534cb953a3ffc9c536c0b901ae0b9d647909c4b21f11e00dab7f29bc,log,log,0,748.2358,23.416449999999998,0.2396,3.6842,2879488,10118495,incremental Python allocations via tracemalloc,64,log operations,64,True,,3.14.3,Windows-11-10.0.26200-SP0,
7048cc1674dc4038a8e42c87818b9088,2026-08-24T01:21:17.671628+00:00,calibration,calibration-c16,Chronos-M (forced Merkle),ok,warmup,1,20260824,10000,4,16,spread,32,813d583e534cb953a3ffc9c536c0b901ae0b9d647909c4b21f11e00dab7f29bc,merkle,merkle,0,747.3005,22.32175,1.9115,4.2557,2908160,10118495,incremental Python allocations via tracemalloc,812,tree node pairs,64,True,,3.14.3,Windows-11-10.0.26200-SP0,
7048cc1674dc4038a8e42c87818b9088,2026-08-24T01:21:18.617571+00:00,calibration,calibration-c16,Chronos-M (forced Merkle),ok,warmup,2,20260824,10000,4,16,spread,32,813d583e534cb953a3ffc9c536c0b901ae0b9d647909c4b21f11e00dab7f29bc,merkle,merkle,0,742.2368,22.30715,1.9061,3.5423,2871296,10118495,incremental Python allocations via tracemalloc,812,tree node pairs,64,True,,3.14.3,Windows-11-10.0.26200-SP0,
7048cc1674dc4038a8e42c87818b9088,2026-08-24T01:21:19.569582+00:00,calibration,calibration-c16,Chronos-M (forced Merkle),ok,measured,1,20260824,10000,4,16,spread,32,813d583e534cb953a3ffc9c536c0b901ae0b9d647909c4b21f11e00dab7f29bc,merkle,merkle,0,747.4385,21.9044,1.8678,3.4239,2875392,10118495,incremental Python allocations via tracemalloc,812,tree node pairs,64,True,,3.14.3,Windows-11-10.0.26200-SP0,
7048cc1674dc4038a8e42c87818b9088,2026-08-24T01:21:20.536072+00:00,calibration,calibration-c16,Chronos-M (forced Merkle),ok,measured,2,20260824,10000,4,16,spread,32,813d583e534cb953a3ffc9c536c0b901ae0b9d647909c4b21f11e00dab7f29bc,merkle,merkle,0,740.3689,24.34625,2.2477,3.9892,2871296,10118495,incremental Python allocations via tracemalloc,812,tree node pairs,64,True,,3.14.3,Windows-11-10.0.26200-SP0,
7048cc1674dc4038a8e42c87818b9088,2026-08-24T01:21:21.494367+00:00,calibration,calibration-c16,Chronos-M (forced Merkle),ok,measured,3,20260824,10000,4,16,spread,32,813d583e534cb953a3ffc9c536c0b901ae0b9d647909c4b21f11e00dab7f29bc,merkle,merkle,0,749.7509,23.085250000000002,1.6983,2.7514,2875392,10118495,incremental Python allocations via tracemalloc,812,tree node pairs,64,True,,3.14.3,Windows-11-10.0.26200-SP0,
7048cc1674dc4038a8e42c87818b9088,2026-08-24T01:21:22.437858+00:00,calibration,calibration-c16,Chronos-M (forced Merkle),ok,measured,4,20260824,10000,4,16,spread,32,813d583e534cb953a3ffc9c536c0b901ae0b9d647909c4b21f11e00dab7f29bc,merkle,merkle,0,735.807,22.519750000000002,1.9079,3.6318,2871296,10118495,incremental Python allocations via tracemalloc,812,tree node pairs,64,True,,3.14.3,Windows-11-10.0.26200-SP0,
7048cc1674dc4038a8e42c87818b9088,2026-08-24T01:21:23.442488+00:00,calibration,calibration-c16,Chronos-M (forced Merkle),ok,measured,5,20260824,10000,4,16,spread,32,813d583e534cb953a3ffc9c536c0b901ae0b9d647909c4b21f11e00dab7f29bc,merkle,merkle,0,758.0644,26.03765,1.9509,4.231,2875392,10118495,incremental Python allocations via tracemalloc,812,tree node pairs,64,True,,3.14.3,Windows-11-10.0.26200-SP0,
7048cc1674dc4038a8e42c87818b9088,2026-08-24T01:21:25.001957+00:00,calibration,calibration-c16,Chronos-M (forced Merkle),ok,measured,6,20260824,10000,4,16,spread,32,813d583e534cb953a3ffc9c536c0b901ae0b9d647909c4b21f11e00dab7f29bc,merkle,merkle,0,1336.0013,23.83715,1.7176,2.8407,2879488,10118495,incremental Python allocations via tracemalloc,812,tree node pairs,64,True,,3.14.3,Windows-11-10.0.26200-SP0,
7048cc1674dc4038a8e42c87818b9088,2026-08-24T01:21:26.004716+00:00,calibration,calibration-c16,Chronos-M (forced Merkle),ok,measured,7,20260824,10000,4,16,spread,32,813d583e534cb953a3ffc9c536c0b901ae0b9d647909c4b21f11e00dab7f29bc,merkle,merkle,0,792.8243,22.03715,1.9113,3.1669,2871296,10118495,incremental Python allocations via tracemalloc,812,tree node pairs,64,True,,3.14.3,Windows-11-10.0.26200-SP0,
7048cc1674dc4038a8e42c87818b9088,2026-08-24T01:21:27.067061+00:00,calibration,calibration-c64,Chronos-log calibration,ok,warmup,1,20260825,10000,4,64,spread,32,9a38158292f473ea28015b96280016786a698df71330b20a4d808c0ec2ea179c,log,log,0,739.3803,44.57655,0.8379,3.2209,3227648,10118495,incremental Python allocations via tracemalloc,256,log operations,256,True,,3.14.3,Windows-11-10.0.26200-SP0,
7048cc1674dc4038a8e42c87818b9088,2026-08-24T01:21:28.175639+00:00,calibration,calibration-c64,Chronos-log calibration,ok,warmup,2,20260825,10000,4,64,spread,32,9a38158292f473ea28015b96280016786a698df71330b20a4d808c0ec2ea179c,log,log,0,771.3617,47.660650000000004,0.6611,4.5588,3235840,10118495,incremental Python allocations via tracemalloc,256,log operations,256,True,,3.14.3,Windows-11-10.0.26200-SP0,
7048cc1674dc4038a8e42c87818b9088,2026-08-24T01:21:29.415856+00:00,calibration,calibration-c64,Chronos-log calibration,ok,measured,1,20260825,10000,4,64,spread,32,9a38158292f473ea28015b96280016786a698df71330b20a4d808c0ec2ea179c,log,log,0,814.4911,49.913250000000005,0.7862,3.8811,3215360,10118495,incremental Python allocations via tracemalloc,256,log operations,256,True,,3.14.3,Windows-11-10.0.26200-SP0,
7048cc1674dc4038a8e42c87818b9088,2026-08-24T01:21:30.586744+00:00,calibration,calibration-c64,Chronos-log calibration,ok,measured,2,20260825,10000,4,64,spread,32,9a38158292f473ea28015b96280016786a698df71330b20a4d808c0ec2ea179c,log,log,0,867.1538,43.68035,0.7701,3.4954,3231744,10118495,incremental Python allocations via tracemalloc,256,log operations,256,True,,3.14.3,Windows-11-10.0.26200-SP0,
7048cc1674dc4038a8e42c87818b9088,2026-08-24T01:21:31.696885+00:00,calibration,calibration-c64,Chronos-log calibration,ok,measured,3,20260825,10000,4,64,spread,32,9a38158292f473ea28015b96280016786a698df71330b20a4d808c0ec2ea179c,log,log,0,744.8159,51.3511,0.8076,7.0763,3219456,10118495,incremental Python allocations via tracemalloc,256,log operations,256,True,,3.14.3,Windows-11-10.0.26200-SP0,
7048cc1674dc4038a8e42c87818b9088,2026-08-24T01:21:33.014540+00:00,calibration,calibration-c64,Chronos-log calibration,ok,measured,4,20260825,10000,4,64,spread,32,9a38158292f473ea28015b96280016786a698df71330b20a4d808c0ec2ea179c,log,log,0,885.6686,60.9076,0.8189,6.3337,3207168,10118495,incremental Python allocations via tracemalloc,256,log operations,256,True,,3.14.3,Windows-11-10.0.26200-SP0,
7048cc1674dc4038a8e42c87818b9088,2026-08-24T01:21:34.268296+00:00,calibration,calibration-c64,Chronos-log calibration,ok,measured,5,20260825,10000,4,64,spread,32,9a38158292f473ea28015b96280016786a698df71330b20a4d808c0ec2ea179c,log,log,0,880.687,54.16405,0.5895,3.1758,3219456,10118495,incremental Python allocations via tracemalloc,256,log operations,256,True,,3.14.3,Windows-11-10.0.26200-SP0,
7048cc1674dc4038a8e42c87818b9088,2026-08-24T01:21:35.455916+00:00,calibration,calibration-c64,Chronos-log calibration,ok,measured,6,20260825,10000,4,64,spread,32,9a38158292f473ea28015b96280016786a698df71330b20a4d808c0ec2ea179c,log,log,0,772.7091,56.717749999999995,0.776,6.5738,3207168,10118495,incremental Python allocations via tracemalloc,256,log operations,256,True,,3.14.3,Windows-11-10.0.26200-SP0,
7048cc1674dc4038a8e42c87818b9088,2026-08-24T01:21:36.675787+00:00,calibration,calibration-c64,Chronos-log calibration,ok,measured,7,20260825,10000,4,64,spread,32,9a38158292f473ea28015b96280016786a698df71330b20a4d808c0ec2ea179c,log,log,0,858.7097,49.87645,0.8339,5.0717,3235840,10118495,incremental Python allocations via tracemalloc,256,log operations,256,True,,3.14.3,Windows-11-10.0.26200-SP0,
7048cc1674dc4038a8e42c87818b9088,2026-08-24T01:21:37.961381+00:00,calibration,calibration-c64,Chronos-M (forced Merkle),ok,warmup,1,20260825,10000,4,64,spread,32,9a38158292f473ea28015b96280016786a698df71330b20a4d808c0ec2ea179c,merkle,merkle,0,866.2954,56.60745,5.5276,5.5834,3207168,10118495,incremental Python allocations via tracemalloc,2057,tree node pairs,256,True,,3.14.3,Windows-11-10.0.26200-SP0,
7048cc1674dc4038a8e42c87818b9088,2026-08-24T01:21:39.119601+00:00,calibration,calibration-c64,Chronos-M (forced Merkle),ok,warmup,2,20260825,10000,4,64,spread,32,9a38158292f473ea28015b96280016786a698df71330b20a4d808c0ec2ea179c,merkle,merkle,0,819.4162,45.879000000000005,6.6868,3.9013,3235840,10118495,incremental Python allocations via tracemalloc,2057,tree node pairs,256,True,,3.14.3,Windows-11-10.0.26200-SP0,
7048cc1674dc4038a8e42c87818b9088,2026-08-24T01:21:40.262782+00:00,calibration,calibration-c64,Chronos-M (forced Merkle),ok,measured,1,20260825,10000,4,64,spread,32,9a38158292f473ea28015b96280016786a698df71330b20a4d808c0ec2ea179c,merkle,merkle,0,778.0982,52.248599999999996,5.9098,5.8828,3227648,10118495,incremental Python allocations via tracemalloc,2057,tree node pairs,256,True,,3.14.3,Windows-11-10.0.26200-SP0,
7048cc1674dc4038a8e42c87818b9088,2026-08-24T01:21:41.411042+00:00,calibration,calibration-c64,Chronos-M (forced Merkle),ok,measured,2,20260825,10000,4,64,spread,32,9a38158292f473ea28015b96280016786a698df71330b20a4d808c0ec2ea179c,merkle,merkle,0,842.842,43.730000000000004,5.7935,3.7308,3227648,10118495,incremental Python allocations via tracemalloc,2057,tree node pairs,256,True,,3.14.3,Windows-11-10.0.26200-SP0,
7048cc1674dc4038a8e42c87818b9088,2026-08-24T01:21:42.582559+00:00,calibration,calibration-c64,Chronos-M (forced Merkle),ok,measured,3,20260825,10000,4,64,spread,32,9a38158292f473ea28015b96280016786a698df71330b20a4d808c0ec2ea179c,merkle,merkle,0,826.8887,51.15975,6.0857,4.5846,3227648,10118495,incremental Python allocations via tracemalloc,2057,tree node pairs,256,True,,3.14.3,Windows-11-10.0.26200-SP0,
7048cc1674dc4038a8e42c87818b9088,2026-08-24T01:21:43.812082+00:00,calibration,calibration-c64,Chronos-M (forced Merkle),ok,measured,4,20260825,10000,4,64,spread,32,9a38158292f473ea28015b96280016786a698df71330b20a4d808c0ec2ea179c,merkle,merkle,0,830.6311,55.2136,5.8945,3.9938,3231744,10118495,incremental Python allocations via tracemalloc,2057,tree node pairs,256,True,,3.14.3,Windows-11-10.0.26200-SP0,
7048cc1674dc4038a8e42c87818b9088,2026-08-24T01:21:44.917920+00:00,calibration,calibration-c64,Chronos-M (forced Merkle),ok,measured,5,20260825,10000,4,64,spread,32,9a38158292f473ea28015b96280016786a698df71330b20a4d808c0ec2ea179c,merkle,merkle,0,791.6724,44.21785,5.4078,3.2867,3227648,10118495,incremental Python allocations via tracemalloc,2057,tree node pairs,256,True,,3.14.3,Windows-11-10.0.26200-SP0,
7048cc1674dc4038a8e42c87818b9088,2026-08-24T01:21:46.043650+00:00,calibration,calibration-c64,Chronos-M (forced Merkle),ok,measured,6,20260825,10000,4,64,spread,32,9a38158292f473ea28015b96280016786a698df71330b20a4d808c0ec2ea179c,merkle,merkle,0,792.9065,49.18845,5.957,4.171,3215360,10118495,incremental Python allocations via tracemalloc,2057,tree node pairs,256,True,,3.14.3,Windows-11-10.0.26200-SP0,
7048cc1674dc4038a8e42c87818b9088,2026-08-24T01:21:47.176340+00:00,calibration,calibration-c64,Chronos-M (forced Merkle),ok,measured,7,20260825,10000,4,64,spread,32,9a38158292f473ea28015b96280016786a698df71330b20a4d808c0ec2ea179c,merkle,merkle,0,828.396,43.4894,6.0725,3.8568,3215360,10118495,incremental Python allocations via tracemalloc,2057,tree node pairs,256,True,,3.14.3,Windows-11-10.0.26200-SP0,
7048cc1674dc4038a8e42c87818b9088,2026-08-24T01:21:48.626266+00:00,calibration,calibration-c256,Chronos-log calibration,ok,warmup,1,20260826,10000,4,256,spread,32,bc2d8512136ee6c77f822c3c481d8605812da56cedec897a9558db6865c84608,log,log,0,768.453,128.40179999999998,2.9432,7.6213,4050944,10118495,incremental Python allocations via tracemalloc,1024,log operations,990,True,,3.14.3,Windows-11-10.0.26200-SP0,
7048cc1674dc4038a8e42c87818b9088,2026-08-24T01:21:50.293637+00:00,calibration,calibration-c256,Chronos-log calibration,ok,warmup,2,20260826,10000,4,256,spread,32,bc2d8512136ee6c77f822c3c481d8605812da56cedec897a9558db6865c84608,log,log,0,1015.5866,113.90635,3.1158,4.2973,4050944,10118495,incremental Python allocations via tracemalloc,1024,log operations,990,True,,3.14.3,Windows-11-10.0.26200-SP0,
7048cc1674dc4038a8e42c87818b9088,2026-08-24T01:21:51.799199+00:00,calibration,calibration-c256,Chronos-log calibration,ok,measured,1,20260826,10000,4,256,spread,32,bc2d8512136ee6c77f822c3c481d8605812da56cedec897a9558db6865c84608,log,log,0,878.6661,120.61175,2.8457,3.7228,4046848,10118495,incremental Python allocations via tracemalloc,1024,log operations,990,True,,3.14.3,Windows-11-10.0.26200-SP0,
7048cc1674dc4038a8e42c87818b9088,2026-08-24T01:21:53.276114+00:00,calibration,calibration-c256,Chronos-log calibration,ok,measured,2,20260826,10000,4,256,spread,32,bc2d8512136ee6c77f822c3c481d8605812da56cedec897a9558db6865c84608,log,log,0,845.5309,120.10735,2.8687,4.7214,4071424,10118495,incremental Python allocations via tracemalloc,1024,log operations,990,True,,3.14.3,Windows-11-10.0.26200-SP0,
7048cc1674dc4038a8e42c87818b9088,2026-08-24T01:21:54.857205+00:00,calibration,calibration-c256,Chronos-log calibration,ok,measured,3,20260826,10000,4,256,spread,32,bc2d8512136ee6c77f822c3c481d8605812da56cedec897a9558db6865c84608,log,log,0,858.5824,132.25245,3.0172,4.454,4075520,10118495,incremental Python allocations via tracemalloc,1024,log operations,990,True,,3.14.3,Windows-11-10.0.26200-SP0,
7048cc1674dc4038a8e42c87818b9088,2026-08-24T01:21:56.850669+00:00,calibration,calibration-c256,Chronos-log calibration,ok,measured,4,20260826,10000,4,256,spread,32,bc2d8512136ee6c77f822c3c481d8605812da56cedec897a9558db6865c84608,log,log,0,916.1205,117.36595,2.2313,3.3665,4059136,10118495,incremental Python allocations via tracemalloc,1024,log operations,990,True,,3.14.3,Windows-11-10.0.26200-SP0,
7048cc1674dc4038a8e42c87818b9088,2026-08-24T01:21:58.443478+00:00,calibration,calibration-c256,Chronos-log calibration,ok,measured,5,20260826,10000,4,256,spread,32,bc2d8512136ee6c77f822c3c481d8605812da56cedec897a9558db6865c84608,log,log,0,883.0128,138.49495000000002,2.7919,4.0914,4063232,10118495,incremental Python allocations via tracemalloc,1024,log operations,990,True,,3.14.3,Windows-11-10.0.26200-SP0,
7048cc1674dc4038a8e42c87818b9088,2026-08-24T01:22:00.358831+00:00,calibration,calibration-c256,Chronos-log calibration,ok,measured,6,20260826,10000,4,256,spread,32,bc2d8512136ee6c77f822c3c481d8605812da56cedec897a9558db6865c84608,log,log,0,850.872,130.55935,2.9611,6.7109,4059136,10118495,incremental Python allocations via tracemalloc,1024,log operations,990,True,,3.14.3,Windows-11-10.0.26200-SP0,
7048cc1674dc4038a8e42c87818b9088,2026-08-24T01:22:01.887830+00:00,calibration,calibration-c256,Chronos-log calibration,ok,measured,7,20260826,10000,4,256,spread,32,bc2d8512136ee6c77f822c3c481d8605812da56cedec897a9558db6865c84608,log,log,0,797.2369,138.77525,3.0655,5.2345,4055040,10118495,incremental Python allocations via tracemalloc,1024,log operations,990,True,,3.14.3,Windows-11-10.0.26200-SP0,
7048cc1674dc4038a8e42c87818b9088,2026-08-24T01:22:03.427409+00:00,calibration,calibration-c256,Chronos-M (forced Merkle),ok,warmup,1,20260826,10000,4,256,spread,32,bc2d8512136ee6c77f822c3c481d8605812da56cedec897a9558db6865c84608,merkle,merkle,0,886.0561,120.18525,14.9538,4.5361,4046848,10118495,incremental Python allocations via tracemalloc,3744,tree node pairs,990,True,,3.14.3,Windows-11-10.0.26200-SP0,
7048cc1674dc4038a8e42c87818b9088,2026-08-24T01:22:04.983629+00:00,calibration,calibration-c256,Chronos-M (forced Merkle),ok,warmup,2,20260826,10000,4,256,spread,32,bc2d8512136ee6c77f822c3c481d8605812da56cedec897a9558db6865c84608,merkle,merkle,0,941.3915,117.15154999999999,14.3557,3.4598,4071424,10118495,incremental Python allocations via tracemalloc,3744,tree node pairs,990,True,,3.14.3,Windows-11-10.0.26200-SP0,
7048cc1674dc4038a8e42c87818b9088,2026-08-24T01:22:06.560125+00:00,calibration,calibration-c256,Chronos-M (forced Merkle),ok,measured,1,20260826,10000,4,256,spread,32,bc2d8512136ee6c77f822c3c481d8605812da56cedec897a9558db6865c84608,merkle,merkle,0,829.5861,140.062,18.1616,6.0721,4055040,10118495,incremental Python allocations via tracemalloc,3744,tree node pairs,990,True,,3.14.3,Windows-11-10.0.26200-SP0,
7048cc1674dc4038a8e42c87818b9088,2026-08-24T01:22:08.092929+00:00,calibration,calibration-c256,Chronos-M (forced Merkle),ok,measured,2,20260826,10000,4,256,spread,32,bc2d8512136ee6c77f822c3c481d8605812da56cedec897a9558db6865c84608,merkle,merkle,0,869.9122,124.43610000000001,15.4255,7.5756,4055040,10118495,incremental Python allocations via tracemalloc,3744,tree node pairs,990,True,,3.14.3,Windows-11-10.0.26200-SP0,
7048cc1674dc4038a8e42c87818b9088,2026-08-24T01:22:09.745104+00:00,calibration,calibration-c256,Chronos-M (forced Merkle),ok,measured,3,20260826,10000,4,256,spread,32,bc2d8512136ee6c77f822c3c481d8605812da56cedec897a9558db6865c84608,merkle,merkle,0,887.0892,134.89325,18.2184,4.6399,4075520,10118495,incremental Python allocations via tracemalloc,3744,tree node pairs,990,True,,3.14.3,Windows-11-10.0.26200-SP0,
7048cc1674dc4038a8e42c87818b9088,2026-08-24T01:22:11.385074+00:00,calibration,calibration-c256,Chronos-M (forced Merkle),ok,measured,4,20260826,10000,4,256,spread,32,bc2d8512136ee6c77f822c3c481d8605812da56cedec897a9558db6865c84608,merkle,merkle,0,947.2421,125.45155,16.6488,4.6721,4067328,10118495,incremental Python allocations via tracemalloc,3744,tree node pairs,990,True,,3.14.3,Windows-11-10.0.26200-SP0,
7048cc1674dc4038a8e42c87818b9088,2026-08-24T01:22:12.977767+00:00,calibration,calibration-c256,Chronos-M (forced Merkle),ok,measured,5,20260826,10000,4,256,spread,32,bc2d8512136ee6c77f822c3c481d8605812da56cedec897a9558db6865c84608,merkle,merkle,0,848.2158,133.48085,15.7071,6.4542,4079616,10118495,incremental Python allocations via tracemalloc,3744,tree node pairs,990,True,,3.14.3,Windows-11-10.0.26200-SP0,
7048cc1674dc4038a8e42c87818b9088,2026-08-24T01:22:14.517666+00:00,calibration,calibration-c256,Chronos-M (forced Merkle),ok,measured,6,20260826,10000,4,256,spread,32,bc2d8512136ee6c77f822c3c481d8605812da56cedec897a9558db6865c84608,merkle,merkle,0,829.0387,133.2614,18.0074,4.1384,4079616,10118495,incremental Python allocations via tracemalloc,3744,tree node pairs,990,True,,3.14.3,Windows-11-10.0.26200-SP0,
7048cc1674dc4038a8e42c87818b9088,2026-08-24T01:22:16.489366+00:00,calibration,calibration-c256,Chronos-M (forced Merkle),ok,measured,7,20260826,10000,4,256,spread,32,bc2d8512136ee6c77f822c3c481d8605812da56cedec897a9558db6865c84608,merkle,merkle,0,1300.942,126.80165,14.0282,3.9428,4079616,10118495,incremental Python allocations via tracemalloc,3744,tree node pairs,990,True,,3.14.3,Windows-11-10.0.26200-SP0,
7048cc1674dc4038a8e42c87818b9088,2026-08-24T01:22:18.753387+00:00,calibration,calibration-c1024,Chronos-log calibration,ok,warmup,1,20260827,10000,4,1024,spread,32,4d5800fe5848a6636a2019c87d4c4a7b6e0a11d38079de1bc5543c336965b7c1,log,log,0,860.4354,287.1764,15.4562,4.849,6033408,10118495,incremental Python allocations via tracemalloc,4096,log operations,3528,True,,3.14.3,Windows-11-10.0.26200-SP0,
7048cc1674dc4038a8e42c87818b9088,2026-08-24T01:22:20.992743+00:00,calibration,calibration-c1024,Chronos-log calibration,ok,warmup,2,20260827,10000,4,1024,spread,32,4d5800fe5848a6636a2019c87d4c4a7b6e0a11d38079de1bc5543c336965b7c1,log,log,0,818.5923,311.18255,16.8568,5.2421,6053888,10118495,incremental Python allocations via tracemalloc,4096,log operations,3528,True,,3.14.3,Windows-11-10.0.26200-SP0,
7048cc1674dc4038a8e42c87818b9088,2026-08-24T01:22:23.503790+00:00,calibration,calibration-c1024,Chronos-log calibration,ok,measured,1,20260827,10000,4,1024,spread,32,4d5800fe5848a6636a2019c87d4c4a7b6e0a11d38079de1bc5543c336965b7c1,log,log,0,894.3889,356.10615,14.8938,8.3286,6049792,10118495,incremental Python allocations via tracemalloc,4096,log operations,3528,True,,3.14.3,Windows-11-10.0.26200-SP0,
7048cc1674dc4038a8e42c87818b9088,2026-08-24T01:22:26.636302+00:00,calibration,calibration-c1024,Chronos-log calibration,ok,measured,2,20260827,10000,4,1024,spread,32,4d5800fe5848a6636a2019c87d4c4a7b6e0a11d38079de1bc5543c336965b7c1,log,log,0,914.0362,370.67215,14.9462,9.2077,6062080,10118495,incremental Python allocations via tracemalloc,4096,log operations,3528,True,,3.14.3,Windows-11-10.0.26200-SP0,
7048cc1674dc4038a8e42c87818b9088,2026-08-24T01:22:28.979317+00:00,calibration,calibration-c1024,Chronos-log calibration,ok,measured,3,20260827,10000,4,1024,spread,32,4d5800fe5848a6636a2019c87d4c4a7b6e0a11d38079de1bc5543c336965b7c1,log,log,0,920.7416,293.41285,19.6489,7.358,6041600,10118495,incremental Python allocations via tracemalloc,4096,log operations,3528,True,,3.14.3,Windows-11-10.0.26200-SP0,
7048cc1674dc4038a8e42c87818b9088,2026-08-24T01:22:31.748622+00:00,calibration,calibration-c1024,Chronos-log calibration,ok,measured,4,20260827,10000,4,1024,spread,32,4d5800fe5848a6636a2019c87d4c4a7b6e0a11d38079de1bc5543c336965b7c1,log,log,0,907.9556,406.6278,16.4369,7.3922,6021120,10118495,incremental Python allocations via tracemalloc,4096,log operations,3528,True,,3.14.3,Windows-11-10.0.26200-SP0,
7048cc1674dc4038a8e42c87818b9088,2026-08-24T01:22:34.242075+00:00,calibration,calibration-c1024,Chronos-log calibration,ok,measured,5,20260827,10000,4,1024,spread,32,4d5800fe5848a6636a2019c87d4c4a7b6e0a11d38079de1bc5543c336965b7c1,log,log,0,1029.6854,295.44475,21.1653,9.3747,6078464,10118495,incremental Python allocations via tracemalloc,4096,log operations,3528,True,,3.14.3,Windows-11-10.0.26200-SP0,
7048cc1674dc4038a8e42c87818b9088,2026-08-24T01:22:37.351414+00:00,calibration,calibration-c1024,Chronos-log calibration,ok,measured,6,20260827,10000,4,1024,spread,32,4d5800fe5848a6636a2019c87d4c4a7b6e0a11d38079de1bc5543c336965b7c1,log,log,0,1259.4227,370.14185,13.7951,5.2271,6053888,10118495,incremental Python allocations via tracemalloc,4096,log operations,3528,True,,3.14.3,Windows-11-10.0.26200-SP0,
7048cc1674dc4038a8e42c87818b9088,2026-08-24T01:22:40.034774+00:00,calibration,calibration-c1024,Chronos-log calibration,ok,measured,7,20260827,10000,4,1024,spread,32,4d5800fe5848a6636a2019c87d4c4a7b6e0a11d38079de1bc5543c336965b7c1,log,log,0,1092.0367,318.46315000000004,15.6796,6.2289,6041600,10118495,incremental Python allocations via tracemalloc,4096,log operations,3528,True,,3.14.3,Windows-11-10.0.26200-SP0,
7048cc1674dc4038a8e42c87818b9088,2026-08-24T01:22:42.719492+00:00,calibration,calibration-c1024,Chronos-M (forced Merkle),ok,warmup,1,20260827,10000,4,1024,spread,32,4d5800fe5848a6636a2019c87d4c4a7b6e0a11d38079de1bc5543c336965b7c1,merkle,merkle,0,1058.9772,327.678,61.3377,11.8645,6049792,10118495,incremental Python allocations via tracemalloc,4299,tree node pairs,3528,True,,3.14.3,Windows-11-10.0.26200-SP0,
7048cc1674dc4038a8e42c87818b9088,2026-08-24T01:22:45.261088+00:00,calibration,calibration-c1024,Chronos-M (forced Merkle),ok,warmup,2,20260827,10000,4,1024,spread,32,4d5800fe5848a6636a2019c87d4c4a7b6e0a11d38079de1bc5543c336965b7c1,merkle,merkle,0,1082.2385,295.60519999999997,43.828,6.3643,6041600,10118495,incremental Python allocations via tracemalloc,4299,tree node pairs,3528,True,,3.14.3,Windows-11-10.0.26200-SP0,
7048cc1674dc4038a8e42c87818b9088,2026-08-24T01:22:48.453844+00:00,calibration,calibration-c1024,Chronos-M (forced Merkle),ok,measured,1,20260827,10000,4,1024,spread,32,4d5800fe5848a6636a2019c87d4c4a7b6e0a11d38079de1bc5543c336965b7c1,merkle,merkle,0,1061.1756,347.44235000000003,42.1687,5.2451,6017024,10118495,incremental Python allocations via tracemalloc,4299,tree node pairs,3528,True,,3.14.3,Windows-11-10.0.26200-SP0,
7048cc1674dc4038a8e42c87818b9088,2026-08-24T01:22:50.982891+00:00,calibration,calibration-c1024,Chronos-M (forced Merkle),ok,measured,2,20260827,10000,4,1024,spread,32,4d5800fe5848a6636a2019c87d4c4a7b6e0a11d38079de1bc5543c336965b7c1,merkle,merkle,0,1065.6231,295.52335,45.5747,6.1051,6017024,10118495,incremental Python allocations via tracemalloc,4299,tree node pairs,3528,True,,3.14.3,Windows-11-10.0.26200-SP0,
7048cc1674dc4038a8e42c87818b9088,2026-08-24T01:22:53.713384+00:00,calibration,calibration-c1024,Chronos-M (forced Merkle),ok,measured,3,20260827,10000,4,1024,spread,32,4d5800fe5848a6636a2019c87d4c4a7b6e0a11d38079de1bc5543c336965b7c1,merkle,merkle,0,1036.6584,349.71475,49.8987,8.2258,6062080,10118495,incremental Python allocations via tracemalloc,4299,tree node pairs,3528,True,,3.14.3,Windows-11-10.0.26200-SP0,
7048cc1674dc4038a8e42c87818b9088,2026-08-24T01:22:56.402377+00:00,calibration,calibration-c1024,Chronos-M (forced Merkle),ok,measured,4,20260827,10000,4,1024,spread,32,4d5800fe5848a6636a2019c87d4c4a7b6e0a11d38079de1bc5543c336965b7c1,merkle,merkle,0,1010.8354,337.24005,59.4946,4.8544,6053888,10118495,incremental Python allocations via tracemalloc,4299,tree node pairs,3528,True,,3.14.3,Windows-11-10.0.26200-SP0,
7048cc1674dc4038a8e42c87818b9088,2026-08-24T01:22:59.060606+00:00,calibration,calibration-c1024,Chronos-M (forced Merkle),ok,measured,5,20260827,10000,4,1024,spread,32,4d5800fe5848a6636a2019c87d4c4a7b6e0a11d38079de1bc5543c336965b7c1,merkle,merkle,0,1021.0419,322.52615000000003,50.6941,5.8683,6049792,10118495,incremental Python allocations via tracemalloc,4299,tree node pairs,3528,True,,3.14.3,Windows-11-10.0.26200-SP0,
7048cc1674dc4038a8e42c87818b9088,2026-08-24T01:23:01.846568+00:00,calibration,calibration-c1024,Chronos-M (forced Merkle),ok,measured,6,20260827,10000,4,1024,spread,32,4d5800fe5848a6636a2019c87d4c4a7b6e0a11d38079de1bc5543c336965b7c1,merkle,merkle,0,1010.3486,380.94145000000003,57.9672,5.6382,6057984,10118495,incremental Python allocations via tracemalloc,4299,tree node pairs,3528,True,,3.14.3,Windows-11-10.0.26200-SP0,
7048cc1674dc4038a8e42c87818b9088,2026-08-24T01:23:04.676682+00:00,calibration,calibration-c1024,Chronos-M (forced Merkle),ok,measured,7,20260827,10000,4,1024,spread,32,4d5800fe5848a6636a2019c87d4c4a7b6e0a11d38079de1bc5543c336965b7c1,merkle,merkle,0,1346.3049,298.79885,49.3968,5.035,6033408,10118495,incremental Python allocations via tracemalloc,4299,tree node pairs,3528,True,,3.14.3,Windows-11-10.0.26200-SP0,
7048cc1674dc4038a8e42c87818b9088,2026-08-24T01:23:04.874164+00:00,evaluation,small-sparse,Snapshot,ok,warmup,1,20270822,1000,10,10,spread,32,0c7d0c62a33fc0504bb64032e27fd0a6ee3287574615274ec862000f47f28255,full-scan,full-scan,4096,8.4918,8.605599999999999,3.1834,2.2487,561011,517751,incremental Python allocations via tracemalloc,1010,keys,95,True,,3.14.3,Windows-11-10.0.26200-SP0,
7048cc1674dc4038a8e42c87818b9088,2026-08-24T01:23:05.109074+00:00,evaluation,small-sparse,Snapshot,ok,warmup,2,20270822,1000,10,10,spread,32,0c7d0c62a33fc0504bb64032e27fd0a6ee3287574615274ec862000f47f28255,full-scan,full-scan,4096,9.68,9.358450000000001,3.7362,2.263,561011,517711,incremental Python allocations via tracemalloc,1010,keys,95,True,,3.14.3,Windows-11-10.0.26200-SP0,
7048cc1674dc4038a8e42c87818b9088,2026-08-24T01:23:05.330800+00:00,evaluation,small-sparse,Snapshot,ok,measured,1,20270822,1000,10,10,spread,32,0c7d0c62a33fc0504bb64032e27fd0a6ee3287574615274ec862000f47f28255,full-scan,full-scan,4096,10.4051,9.619399999999999,4.0333,1.6808,561011,517679,incremental Python allocations via tracemalloc,1010,keys,95,True,,3.14.3,Windows-11-10.0.26200-SP0,
7048cc1674dc4038a8e42c87818b9088,2026-08-24T01:23:05.522263+00:00,evaluation,small-sparse,Snapshot,ok,measured,2,20270822,1000,10,10,spread,32,0c7d0c62a33fc0504bb64032e27fd0a6ee3287574615274ec862000f47f28255,full-scan,full-scan,4096,10.0802,8.8878,3.0362,1.1916,561011,517639,incremental Python allocations via tracemalloc,1010,keys,95,True,,3.14.3,Windows-11-10.0.26200-SP0,
7048cc1674dc4038a8e42c87818b9088,2026-08-24T01:23:05.722669+00:00,evaluation,small-sparse,Snapshot,ok,measured,3,20270822,1000,10,10,spread,32,0c7d0c62a33fc0504bb64032e27fd0a6ee3287574615274ec862000f47f28255,full-scan,full-scan,4096,6.7044,9.48275,4.9932,2.2451,561011,517607,incremental Python allocations via tracemalloc,1010,keys,95,True,,3.14.3,Windows-11-10.0.26200-SP0,
7048cc1674dc4038a8e42c87818b9088,2026-08-24T01:23:05.982386+00:00,evaluation,small-sparse,Snapshot,ok,measured,4,20270822,1000,10,10,spread,32,0c7d0c62a33fc0504bb64032e27fd0a6ee3287574615274ec862000f47f28255,full-scan,full-scan,4096,11.2648,9.609449999999999,4.0705,1.5755,561011,517567,incremental Python allocations via tracemalloc,1010,keys,95,True,,3.14.3,Windows-11-10.0.26200-SP0,
7048cc1674dc4038a8e42c87818b9088,2026-08-24T01:23:06.211840+00:00,evaluation,small-sparse,Snapshot,ok,measured,5,20270822,1000,10,10,spread,32,0c7d0c62a33fc0504bb64032e27fd0a6ee3287574615274ec862000f47f28255,full-scan,full-scan,4096,10.0162,9.162500000000001,3.4627,2.1685,561011,517535,incremental Python allocations via tracemalloc,1010,keys,95,True,,3.14.3,Windows-11-10.0.26200-SP0,
7048cc1674dc4038a8e42c87818b9088,2026-08-24T01:23:06.375396+00:00,evaluation,small-sparse,Snapshot,ok,measured,6,20270822,1000,10,10,spread,32,0c7d0c62a33fc0504bb64032e27fd0a6ee3287574615274ec862000f47f28255,full-scan,full-scan,4096,8.2991,7.50865,3.2205,1.3561,561011,517527,incremental Python allocations via tracemalloc,1010,keys,95,True,,3.14.3,Windows-11-10.0.26200-SP0,
7048cc1674dc4038a8e42c87818b9088,2026-08-24T01:23:06.522569+00:00,evaluation,small-sparse,Snapshot,ok,measured,7,20270822,1000,10,10,spread,32,0c7d0c62a33fc0504bb64032e27fd0a6ee3287574615274ec862000f47f28255,full-scan,full-scan,4096,6.1566,7.08655,3.0483,1.2744,561011,517527,incremental Python allocations via tracemalloc,1010,keys,95,True,,3.14.3,Windows-11-10.0.26200-SP0,
7048cc1674dc4038a8e42c87818b9088,2026-08-24T01:23:06.625927+00:00,evaluation,small-sparse,Log-only,ok,warmup,1,20270822,1000,10,10,spread,32,0c7d0c62a33fc0504bb64032e27fd0a6ee3287574615274ec862000f47f28255,operation-log,operation-log,4096,7.4233,3.2603999999999997,1.1306,2.1445,64883,363514,incremental Python allocations via tracemalloc,100,operations,95,True,,3.14.3,Windows-11-10.0.26200-SP0,
7048cc1674dc4038a8e42c87818b9088,2026-08-24T01:23:06.722293+00:00,evaluation,small-sparse,Log-only,ok,warmup,2,20270822,1000,10,10,spread,32,0c7d0c62a33fc0504bb64032e27fd0a6ee3287574615274ec862000f47f28255,operation-log,operation-log,4096,7.6568,3.1677,0.8933,1.7506,64883,363514,incremental Python allocations via tracemalloc,100,operations,95,True,,3.14.3,Windows-11-10.0.26200-SP0,
7048cc1674dc4038a8e42c87818b9088,2026-08-24T01:23:06.822901+00:00,evaluation,small-sparse,Log-only,ok,measured,1,20270822,1000,10,10,spread,32,0c7d0c62a33fc0504bb64032e27fd0a6ee3287574615274ec862000f47f28255,operation-log,operation-log,4096,6.6294,3.43485,1.0826,2.0965,64883,363514,incremental Python allocations via tracemalloc,100,operations,95,True,,3.14.3,Windows-11-10.0.26200-SP0,
7048cc1674dc4038a8e42c87818b9088,2026-08-24T01:23:06.922688+00:00,evaluation,small-sparse,Log-only,ok,measured,2,20270822,1000,10,10,spread,32,0c7d0c62a33fc0504bb64032e27fd0a6ee3287574615274ec862000f47f28255,operation-log,operation-log,4096,7.7012,3.4173,1.1823,2.0595,64883,363514,incremental Python allocations via tracemalloc,100,operations,95,True,,3.14.3,Windows-11-10.0.26200-SP0,
7048cc1674dc4038a8e42c87818b9088,2026-08-24T01:23:07.029577+00:00,evaluation,small-sparse,Log-only,ok,measured,3,20270822,1000,10,10,spread,32,0c7d0c62a33fc0504bb64032e27fd0a6ee3287574615274ec862000f47f28255,operation-log,operation-log,4096,7.7066,3.5976,1.0302,2.3669,64883,363514,incremental Python allocations via tracemalloc,100,operations,95,True,,3.14.3,Windows-11-10.0.26200-SP0,
7048cc1674dc4038a8e42c87818b9088,2026-08-24T01:23:07.128453+00:00,evaluation,small-sparse,Log-only,ok,measured,4,20270822,1000,10,10,spread,32,0c7d0c62a33fc0504bb64032e27fd0a6ee3287574615274ec862000f47f28255,operation-log,operation-log,4096,8.3479,3.1302000000000003,1.0967,2.197,64883,363514,incremental Python allocations via tracemalloc,100,operations,95,True,,3.14.3,Windows-11-10.0.26200-SP0,
7048cc1674dc4038a8e42c87818b9088,2026-08-24T01:23:07.232164+00:00,evaluation,small-sparse,Log-only,ok,measured,5,20270822,1000,10,10,spread,32,0c7d0c62a33fc0504bb64032e27fd0a6ee3287574615274ec862000f47f28255,operation-log,operation-log,4096,8.5403,3.3243,1.1801,2.0953,64883,363514,incremental Python allocations via tracemalloc,100,operations,95,True,,3.14.3,Windows-11-10.0.26200-SP0,
7048cc1674dc4038a8e42c87818b9088,2026-08-24T01:23:07.380789+00:00,evaluation,small-sparse,Log-only,ok,measured,6,20270822,1000,10,10,spread,32,0c7d0c62a33fc0504bb64032e27fd0a6ee3287574615274ec862000f47f28255,operation-log,operation-log,4096,8.1446,3.7394,2.4715,5.3584,64883,363514,incremental Python allocations via tracemalloc,100,operations,95,True,,3.14.3,Windows-11-10.0.26200-SP0,
7048cc1674dc4038a8e42c87818b9088,2026-08-24T01:23:07.568617+00:00,evaluation,small-sparse,Log-only,ok,measured,7,20270822,1000,10,10,spread,32,0c7d0c62a33fc0504bb64032e27fd0a6ee3287574615274ec862000f47f28255,operation-log,operation-log,4096,12.3144,4.33965,1.731,2.6293,64883,363514,incremental Python allocations via tracemalloc,100,operations,95,True,,3.14.3,Windows-11-10.0.26200-SP0,
7048cc1674dc4038a8e42c87818b9088,2026-08-24T01:23:08.357176+00:00,evaluation,small-sparse,Chronos-M (forced Merkle),ok,warmup,1,20270822,1000,10,10,spread,32,0c7d0c62a33fc0504bb64032e27fd0a6ee3287574615274ec862000f47f28255,merkle,merkle,4096,196.8802,19.5813,3.218,1.6548,724992,1688148,incremental Python allocations via tracemalloc,635,tree node pairs,95,True,,3.14.3,Windows-11-10.0.26200-SP0,
7048cc1674dc4038a8e42c87818b9088,2026-08-24T01:23:08.976878+00:00,evaluation,small-sparse,Chronos-M (forced Merkle),ok,warmup,2,20270822,1000,10,10,spread,32,0c7d0c62a33fc0504bb64032e27fd0a6ee3287574615274ec862000f47f28255,merkle,merkle,4096,223.1213,21.278,2.205,1.2689,745472,1688120,incremental Python allocations via tracemalloc,635,tree node pairs,95,True,,3.14.3,Windows-11-10.0.26200-SP0,
7048cc1674dc4038a8e42c87818b9088,2026-08-24T01:23:09.491442+00:00,evaluation,small-sparse,Chronos-M (forced Merkle),ok,measured,1,20270822,1000,10,10,spread,32,0c7d0c62a33fc0504bb64032e27fd0a6ee3287574615274ec862000f47f28255,merkle,merkle,4096,178.5715,19.9384,2.1519,1.3359,741376,1688120,incremental Python allocations via tracemalloc,635,tree node pairs,95,True,,3.14.3,Windows-11-10.0.26200-SP0,
7048cc1674dc4038a8e42c87818b9088,2026-08-24T01:23:10.113962+00:00,evaluation,small-sparse,Chronos-M (forced Merkle),ok,measured,2,20270822,1000,10,10,spread,32,0c7d0c62a33fc0504bb64032e27fd0a6ee3287574615274ec862000f47f28255,merkle,merkle,4096,221.1131,21.33395,2.7446,1.5201,749568,1688120,incremental Python allocations via tracemalloc,635,tree node pairs,95,True,,3.14.3,Windows-11-10.0.26200-SP0,
7048cc1674dc4038a8e42c87818b9088,2026-08-24T01:23:10.608870+00:00,evaluation,small-sparse,Chronos-M (forced Merkle),ok,measured,3,20270822,1000,10,10,spread,32,0c7d0c62a33fc0504bb64032e27fd0a6ee3287574615274ec862000f47f28255,merkle,merkle,4096,176.9231,18.75945,2.1022,1.2412,733184,1688120,incremental Python allocations via tracemalloc,635,tree node pairs,95,True,,3.14.3,Windows-11-10.0.26200-SP0,
7048cc1674dc4038a8e42c87818b9088,2026-08-24T01:23:11.185349+00:00,evaluation,small-sparse,Chronos-M (forced Merkle),ok,measured,4,20270822,1000,10,10,spread,32,0c7d0c62a33fc0504bb64032e27fd0a6ee3287574615274ec862000f47f28255,merkle,merkle,4096,198.3854,21.03705,2.4803,1.4273,749568,1688120,incremental Python allocations via tracemalloc,635,tree node pairs,95,True,,3.14.3,Windows-11-10.0.26200-SP0,
7048cc1674dc4038a8e42c87818b9088,2026-08-24T01:23:11.700774+00:00,evaluation,small-sparse,Chronos-M (forced Merkle),ok,measured,5,20270822,1000,10,10,spread,32,0c7d0c62a33fc0504bb64032e27fd0a6ee3287574615274ec862000f47f28255,merkle,merkle,4096,193.6245,17.17815,2.1023,1.203,753664,1688120,incremental Python allocations via tracemalloc,635,tree node pairs,95,True,,3.14.3,Windows-11-10.0.26200-SP0,
7048cc1674dc4038a8e42c87818b9088,2026-08-24T01:23:12.232411+00:00,evaluation,small-sparse,Chronos-M (forced Merkle),ok,measured,6,20270822,1000,10,10,spread,32,0c7d0c62a33fc0504bb64032e27fd0a6ee3287574615274ec862000f47f28255,merkle,merkle,4096,177.3298,19.7909,2.616,1.381,753664,1688120,incremental Python allocations via tracemalloc,635,tree node pairs,95,True,,3.14.3,Windows-11-10.0.26200-SP0,
7048cc1674dc4038a8e42c87818b9088,2026-08-24T01:23:12.834673+00:00,evaluation,small-sparse,Chronos-M (forced Merkle),ok,measured,7,20270822,1000,10,10,spread,32,0c7d0c62a33fc0504bb64032e27fd0a6ee3287574615274ec862000f47f28255,merkle,merkle,4096,188.8257,18.13675,4.9029,4.4174,749568,1688120,incremental Python allocations via tracemalloc,635,tree node pairs,95,True,,3.14.3,Windows-11-10.0.26200-SP0,
7048cc1674dc4038a8e42c87818b9088,2026-08-24T01:23:13.404921+00:00,evaluation,small-sparse,Chronos-H,ok,warmup,1,20270822,1000,10,10,spread,32,0c7d0c62a33fc0504bb64032e27fd0a6ee3287574615274ec862000f47f28255,hybrid,log,4096,210.9295,17.84115,0.3705,1.498,737280,1688120,incremental Python allocations via tracemalloc,100,log operations,95,True,,3.14.3,Windows-11-10.0.26200-SP0,
7048cc1674dc4038a8e42c87818b9088,2026-08-24T01:23:14.213676+00:00,evaluation,small-sparse,Chronos-H,ok,warmup,2,20270822,1000,10,10,spread,32,0c7d0c62a33fc0504bb64032e27fd0a6ee3287574615274ec862000f47f28255,hybrid,log,4096,463.093,18.28665,0.3686,1.2858,761856,1688120,incremental Python allocations via tracemalloc,100,log operations,95,True,,3.14.3,Windows-11-10.0.26200-SP0,
7048cc1674dc4038a8e42c87818b9088,2026-08-24T01:23:14.792795+00:00,evaluation,small-sparse,Chronos-H,ok,measured,1,20270822,1000,10,10,spread,32,0c7d0c62a33fc0504bb64032e27fd0a6ee3287574615274ec862000f47f28255,hybrid,log,4096,197.6565,22.2789,0.5402,1.1975,737280,1688120,incremental Python allocations via tracemalloc,100,log operations,95,True,,3.14.3,Windows-11-10.0.26200-SP0,
7048cc1674dc4038a8e42c87818b9088,2026-08-24T01:23:15.282361+00:00,evaluation,small-sparse,Chronos-H,ok,measured,2,20270822,1000,10,10,spread,32,0c7d0c62a33fc0504bb64032e27fd0a6ee3287574615274ec862000f47f28255,hybrid,log,4096,184.7893,17.197699999999998,0.3685,1.9367,757760,1688120,incremental Python allocations via tracemalloc,100,log operations,95,True,,3.14.3,Windows-11-10.0.26200-SP0,
7048cc1674dc4038a8e42c87818b9088,2026-08-24T01:23:15.856462+00:00,evaluation,small-sparse,Chronos-H,ok,measured,3,20270822,1000,10,10,spread,32,0c7d0c62a33fc0504bb64032e27fd0a6ee3287574615274ec862000f47f28255,hybrid,log,4096,174.7966,23.52085,0.3782,1.5283,745472,1688120,incremental Python allocations via tracemalloc,100,log operations,95,True,,3.14.3,Windows-11-10.0.26200-SP0,
7048cc1674dc4038a8e42c87818b9088,2026-08-24T01:23:16.370686+00:00,evaluation,small-sparse,Chronos-H,ok,measured,4,20270822,1000,10,10,spread,32,0c7d0c62a33fc0504bb64032e27fd0a6ee3287574615274ec862000f47f28255,hybrid,log,4096,188.7563,17.7265,0.367,1.2415,737280,1688120,incremental Python allocations via tracemalloc,100,log operations,95,True,,3.14.3,Windows-11-10.0.26200-SP0,
7048cc1674dc4038a8e42c87818b9088,2026-08-24T01:23:16.888599+00:00,evaluation,small-sparse,Chronos-H,ok,measured,5,20270822,1000,10,10,spread,32,0c7d0c62a33fc0504bb64032e27fd0a6ee3287574615274ec862000f47f28255,hybrid,log,4096,172.6304,18.8837,0.4167,2.1741,737280,1688120,incremental Python allocations via tracemalloc,100,log operations,95,True,,3.14.3,Windows-11-10.0.26200-SP0,
7048cc1674dc4038a8e42c87818b9088,2026-08-24T01:23:17.474187+00:00,evaluation,small-sparse,Chronos-H,ok,measured,6,20270822,1000,10,10,spread,32,0c7d0c62a33fc0504bb64032e27fd0a6ee3287574615274ec862000f47f28255,hybrid,log,4096,177.335,21.033549999999998,0.5915,2.271,737280,1688120,incremental Python allocations via tracemalloc,100,log operations,95,True,,3.14.3,Windows-11-10.0.26200-SP0,
7048cc1674dc4038a8e42c87818b9088,2026-08-24T01:23:18.017672+00:00,evaluation,small-sparse,Chronos-H,ok,measured,7,20270822,1000,10,10,spread,32,0c7d0c62a33fc0504bb64032e27fd0a6ee3287574615274ec862000f47f28255,hybrid,log,4096,176.5692,19.4738,0.4366,1.769,729088,1688120,incremental Python allocations via tracemalloc,100,log operations,95,True,,3.14.3,Windows-11-10.0.26200-SP0,
7048cc1674dc4038a8e42c87818b9088,2026-08-24T01:23:30.216669+00:00,evaluation,small-sparse,Dolt,ok,warmup,1,20270822,1000,10,10,spread,32,0c7d0c62a33fc0504bb64032e27fd0a6ee3287574615274ec862000f47f28255,dolt-native,dolt-native,4096,966.2172,933.889,237.2415,265.6262,404749,,unavailable (install psutil),,not exposed by Dolt CLI,95,True,,3.14.3,Windows-11-10.0.26200-SP0,dolt version 2.3.1
7048cc1674dc4038a8e42c87818b9088,2026-08-24T01:23:47.675661+00:00,evaluation,small-sparse,Dolt,ok,warmup,2,20270822,1000,10,10,spread,32,0c7d0c62a33fc0504bb64032e27fd0a6ee3287574615274ec862000f47f28255,dolt-native,dolt-native,4096,1303.1291,1238.65,418.1254,323.908,404390,,unavailable (install psutil),,not exposed by Dolt CLI,95,True,,3.14.3,Windows-11-10.0.26200-SP0,dolt version 2.3.1
7048cc1674dc4038a8e42c87818b9088,2026-08-24T01:24:05.421946+00:00,evaluation,small-sparse,Dolt,ok,measured,1,20270822,1000,10,10,spread,32,0c7d0c62a33fc0504bb64032e27fd0a6ee3287574615274ec862000f47f28255,dolt-native,dolt-native,4096,1352.2262,1336.94875,295.6291,342.4254,403867,,unavailable (install psutil),,not exposed by Dolt CLI,95,True,,3.14.3,Windows-11-10.0.26200-SP0,dolt version 2.3.1
7048cc1674dc4038a8e42c87818b9088,2026-08-24T01:24:22.207291+00:00,evaluation,small-sparse,Dolt,ok,measured,2,20270822,1000,10,10,spread,32,0c7d0c62a33fc0504bb64032e27fd0a6ee3287574615274ec862000f47f28255,dolt-native,dolt-native,4096,1478.6717,1276.9392,493.9717,414.9685,405501,,unavailable (install psutil),,not exposed by Dolt CLI,95,True,,3.14.3,Windows-11-10.0.26200-SP0,dolt version 2.3.1
7048cc1674dc4038a8e42c87818b9088,2026-08-24T01:24:36.761409+00:00,evaluation,small-sparse,Dolt,ok,measured,3,20270822,1000,10,10,spread,32,0c7d0c62a33fc0504bb64032e27fd0a6ee3287574615274ec862000f47f28255,dolt-native,dolt-native,4096,1565.9968,1094.33405,189.5901,205.7591,404108,,unavailable (install psutil),,not exposed by Dolt CLI,95,True,,3.14.3,Windows-11-10.0.26200-SP0,dolt version 2.3.1
7048cc1674dc4038a8e42c87818b9088,2026-08-24T01:24:45.354612+00:00,evaluation,small-sparse,Dolt,ok,measured,4,20270822,1000,10,10,spread,32,0c7d0c62a33fc0504bb64032e27fd0a6ee3287574615274ec862000f47f28255,dolt-native,dolt-native,4096,842.7706,637.4579,188.9062,202.1505,403683,,unavailable (install psutil),,not exposed by Dolt CLI,95,True,,3.14.3,Windows-11-10.0.26200-SP0,dolt version 2.3.1
7048cc1674dc4038a8e42c87818b9088,2026-08-24T01:24:53.908352+00:00,evaluation,small-sparse,Dolt,ok,measured,5,20270822,1000,10,10,spread,32,0c7d0c62a33fc0504bb64032e27fd0a6ee3287574615274ec862000f47f28255,dolt-native,dolt-native,4096,677.8135,689.2700500000001,160.3466,163.7307,403781,,unavailable (install psutil),,not exposed by Dolt CLI,95,True,,3.14.3,Windows-11-10.0.26200-SP0,dolt version 2.3.1
7048cc1674dc4038a8e42c87818b9088,2026-08-24T01:25:03.074591+00:00,evaluation,small-sparse,Dolt,ok,measured,6,20270822,1000,10,10,spread,32,0c7d0c62a33fc0504bb64032e27fd0a6ee3287574615274ec862000f47f28255,dolt-native,dolt-native,4096,625.3996,728.2434000000001,187.853,220.21,403473,,unavailable (install psutil),,not exposed by Dolt CLI,95,True,,3.14.3,Windows-11-10.0.26200-SP0,dolt version 2.3.1
7048cc1674dc4038a8e42c87818b9088,2026-08-24T01:25:12.651137+00:00,evaluation,small-sparse,Dolt,ok,measured,7,20270822,1000,10,10,spread,32,0c7d0c62a33fc0504bb64032e27fd0a6ee3287574615274ec862000f47f28255,dolt-native,dolt-native,4096,871.9114,711.2266999999999,183.2645,218.3462,403791,,unavailable (install psutil),,not exposed by Dolt CLI,95,True,,3.14.3,Windows-11-10.0.26200-SP0,dolt version 2.3.1
7048cc1674dc4038a8e42c87818b9088,2026-08-24T01:25:13.618898+00:00,evaluation,medium-sparse,Snapshot,ok,warmup,1,20270823,10000,10,10,spread,32,5b37053c578c35f2e5d54ca72adc0c72b6fb2afcf6b80ee78c1e7be454403192,full-scan,full-scan,4096,63.7012,65.4829,46.3215,15.697,5610011,5579670,incremental Python allocations via tracemalloc,10010,keys,100,True,,3.14.3,Windows-11-10.0.26200-SP0,
7048cc1674dc4038a8e42c87818b9088,2026-08-24T01:25:14.403495+00:00,evaluation,medium-sparse,Snapshot,ok,warmup,2,20270823,10000,10,10,spread,32,5b37053c578c35f2e5d54ca72adc0c72b6fb2afcf6b80ee78c1e7be454403192,full-scan,full-scan,4096,57.9175,56.79045,40.7921,14.5072,5610011,5579670,incremental Python allocations via tracemalloc,10010,keys,100,True,,3.14.3,Windows-11-10.0.26200-SP0,
7048cc1674dc4038a8e42c87818b9088,2026-08-24T01:25:15.216300+00:00,evaluation,medium-sparse,Snapshot,ok,measured,1,20270823,10000,10,10,spread,32,5b37053c578c35f2e5d54ca72adc0c72b6fb2afcf6b80ee78c1e7be454403192,full-scan,full-scan,4096,58.7511,58.8398,41.7525,18.7988,5610011,5579670,incremental Python allocations via tracemalloc,10010,keys,100,True,,3.14.3,Windows-11-10.0.26200-SP0,
7048cc1674dc4038a8e42c87818b9088,2026-08-24T01:25:16.011305+00:00,evaluation,medium-sparse,Snapshot,ok,measured,2,20270823,10000,10,10,spread,32,5b37053c578c35f2e5d54ca72adc0c72b6fb2afcf6b80ee78c1e7be454403192,full-scan,full-scan,4096,57.7738,58.5002,37.3449,10.3134,5610011,5579670,incremental Python allocations via tracemalloc,10010,keys,100,True,,3.14.3,Windows-11-10.0.26200-SP0,
7048cc1674dc4038a8e42c87818b9088,2026-08-24T01:25:16.764247+00:00,evaluation,medium-sparse,Snapshot,ok,measured,3,20270823,10000,10,10,spread,32,5b37053c578c35f2e5d54ca72adc0c72b6fb2afcf6b80ee78c1e7be454403192,full-scan,full-scan,4096,59.1793,55.5212,42.7788,15.0284,5610011,5579670,incremental Python allocations via tracemalloc,10010,keys,100,True,,3.14.3,Windows-11-10.0.26200-SP0,
7048cc1674dc4038a8e42c87818b9088,2026-08-24T01:25:17.512572+00:00,evaluation,medium-sparse,Snapshot,ok,measured,4,20270823,10000,10,10,spread,32,5b37053c578c35f2e5d54ca72adc0c72b6fb2afcf6b80ee78c1e7be454403192,full-scan,full-scan,4096,61.0202,53.78015,39.3103,13.1578,5610011,5579670,incremental Python allocations via tracemalloc,10010,keys,100,True,,3.14.3,Windows-11-10.0.26200-SP0,
7048cc1674dc4038a8e42c87818b9088,2026-08-24T01:25:18.328116+00:00,evaluation,medium-sparse,Snapshot,ok,measured,5,20270823,10000,10,10,spread,32,5b37053c578c35f2e5d54ca72adc0c72b6fb2afcf6b80ee78c1e7be454403192,full-scan,full-scan,4096,51.7225,58.421350000000004,45.8204,15.3071,5610011,5579670,incremental Python allocations via tracemalloc,10010,keys,100,True,,3.14.3,Windows-11-10.0.26200-SP0,
7048cc1674dc4038a8e42c87818b9088,2026-08-24T01:25:19.175878+00:00,evaluation,medium-sparse,Snapshot,ok,measured,6,20270823,10000,10,10,spread,32,5b37053c578c35f2e5d54ca72adc0c72b6fb2afcf6b80ee78c1e7be454403192,full-scan,full-scan,4096,58.5615,61.583299999999994,40.6886,14.3995,5610011,5579670,incremental Python allocations via tracemalloc,10010,keys,100,True,,3.14.3,Windows-11-10.0.26200-SP0,
7048cc1674dc4038a8e42c87818b9088,2026-08-24T01:25:19.986960+00:00,evaluation,medium-sparse,Snapshot,ok,measured,7,20270823,10000,10,10,spread,32,5b37053c578c35f2e5d54ca72adc0c72b6fb2afcf6b80ee78c1e7be454403192,full-scan,full-scan,4096,62.1316,58.55345,41.7535,16.6028,5610011,5579670,incremental Python allocations via tracemalloc,10010,keys,100,True,,3.14.3,Windows-11-10.0.26200-SP0,
7048cc1674dc4038a8e42c87818b9088,2026-08-24T01:25:20.221295+00:00,evaluation,medium-sparse,Log-only,ok,warmup,1,20270823,10000,10,10,spread,32,5b37053c578c35f2e5d54ca72adc0c72b6fb2afcf6b80ee78c1e7be454403192,operation-log,operation-log,4096,62.7331,3.94685,1.1062,19.3527,523883,2328682,incremental Python allocations via tracemalloc,100,operations,100,True,,3.14.3,Windows-11-10.0.26200-SP0,
7048cc1674dc4038a8e42c87818b9088,2026-08-24T01:25:20.526993+00:00,evaluation,medium-sparse,Log-only,ok,warmup,2,20270823,10000,10,10,spread,32,5b37053c578c35f2e5d54ca72adc0c72b6fb2afcf6b80ee78c1e7be454403192,operation-log,operation-log,4096,75.9553,4.16415,2.199,28.3375,523883,2328682,incremental Python allocations via tracemalloc,100,operations,100,True,,3.14.3,Windows-11-10.0.26200-SP0,
7048cc1674dc4038a8e42c87818b9088,2026-08-24T01:25:20.853339+00:00,evaluation,medium-sparse,Log-only,ok,measured,1,20270823,10000,10,10,spread,32,5b37053c578c35f2e5d54ca72adc0c72b6fb2afcf6b80ee78c1e7be454403192,operation-log,operation-log,4096,80.0164,4.39095,2.6785,28.2005,523883,2328682,incremental Python allocations via tracemalloc,100,operations,100,True,,3.14.3,Windows-11-10.0.26200-SP0,
7048cc1674dc4038a8e42c87818b9088,2026-08-24T01:25:21.100590+00:00,evaluation,medium-sparse,Log-only,ok,measured,2,20270823,10000,10,10,spread,32,5b37053c578c35f2e5d54ca72adc0c72b6fb2afcf6b80ee78c1e7be454403192,operation-log,operation-log,4096,78.1817,3.6891,1.562,18.819,523883,2328682,incremental Python allocations via tracemalloc,100,operations,100,True,,3.14.3,Windows-11-10.0.26200-SP0,
7048cc1674dc4038a8e42c87818b9088,2026-08-24T01:25:21.327324+00:00,evaluation,medium-sparse,Log-only,ok,measured,3,20270823,10000,10,10,spread,32,5b37053c578c35f2e5d54ca72adc0c72b6fb2afcf6b80ee78c1e7be454403192,operation-log,operation-log,4096,66.7497,3.77635,1.6128,19.4353,523883,2328682,incremental Python allocations via tracemalloc,100,operations,100,True,,3.14.3,Windows-11-10.0.26200-SP0,
7048cc1674dc4038a8e42c87818b9088,2026-08-24T01:25:21.554456+00:00,evaluation,medium-sparse,Log-only,ok,measured,4,20270823,10000,10,10,spread,32,5b37053c578c35f2e5d54ca72adc0c72b6fb2afcf6b80ee78c1e7be454403192,operation-log,operation-log,4096,63.6095,4.11135,2.2382,15.0624,523883,2328682,incremental Python allocations via tracemalloc,100,operations,100,True,,3.14.3,Windows-11-10.0.26200-SP0,
7048cc1674dc4038a8e42c87818b9088,2026-08-24T01:25:21.769166+00:00,evaluation,medium-sparse,Log-only,ok,measured,5,20270823,10000,10,10,spread,32,5b37053c578c35f2e5d54ca72adc0c72b6fb2afcf6b80ee78c1e7be454403192,operation-log,operation-log,4096,65.8068,3.97105,1.4755,15.6089,523883,2328682,incremental Python allocations via tracemalloc,100,operations,100,True,,3.14.3,Windows-11-10.0.26200-SP0,
7048cc1674dc4038a8e42c87818b9088,2026-08-24T01:25:21.979634+00:00,evaluation,medium-sparse,Log-only,ok,measured,6,20270823,10000,10,10,spread,32,5b37053c578c35f2e5d54ca72adc0c72b6fb2afcf6b80ee78c1e7be454403192,operation-log,operation-log,4096,58.3298,3.80065,1.6632,15.325,523883,2328682,incremental Python allocations via tracemalloc,100,operations,100,True,,3.14.3,Windows-11-10.0.26200-SP0,
7048cc1674dc4038a8e42c87818b9088,2026-08-24T01:25:22.190157+00:00,evaluation,medium-sparse,Log-only,ok,measured,7,20270823,10000,10,10,spread,32,5b37053c578c35f2e5d54ca72adc0c72b6fb2afcf6b80ee78c1e7be454403192,operation-log,operation-log,4096,56.7838,4.0899,1.4792,16.0861,523883,2328682,incremental Python allocations via tracemalloc,100,operations,100,True,,3.14.3,Windows-11-10.0.26200-SP0,
7048cc1674dc4038a8e42c87818b9088,2026-08-24T01:25:24.362326+00:00,evaluation,medium-sparse,Chronos-M (forced Merkle),ok,warmup,1,20270823,10000,10,10,spread,32,5b37053c578c35f2e5d54ca72adc0c72b6fb2afcf6b80ee78c1e7be454403192,merkle,merkle,4096,1406.3416,42.296850000000006,5.6734,8.7713,3047424,10118523,incremental Python allocations via tracemalloc,1141,tree node pairs,100,True,,3.14.3,Windows-11-10.0.26200-SP0,
7048cc1674dc4038a8e42c87818b9088,2026-08-24T01:25:26.602050+00:00,evaluation,medium-sparse,Chronos-M (forced Merkle),ok,warmup,2,20270823,10000,10,10,spread,32,5b37053c578c35f2e5d54ca72adc0c72b6fb2afcf6b80ee78c1e7be454403192,merkle,merkle,4096,1716.7663,29.749499999999998,4.7618,5.7083,3047424,10118495,incremental Python allocations via tracemalloc,1141,tree node pairs,100,True,,3.14.3,Windows-11-10.0.26200-SP0,
7048cc1674dc4038a8e42c87818b9088,2026-08-24T01:25:28.451861+00:00,evaluation,medium-sparse,Chronos-M (forced Merkle),ok,measured,1,20270823,10000,10,10,spread,32,5b37053c578c35f2e5d54ca72adc0c72b6fb2afcf6b80ee78c1e7be454403192,merkle,merkle,4096,1335.2495,31.147550000000003,4.7898,5.6475,3055616,10118495,incremental Python allocations via tracemalloc,1141,tree node pairs,100,True,,3.14.3,Windows-11-10.0.26200-SP0,
7048cc1674dc4038a8e42c87818b9088,2026-08-24T01:25:30.306339+00:00,evaluation,medium-sparse,Chronos-M (forced Merkle),ok,measured,2,20270823,10000,10,10,spread,32,5b37053c578c35f2e5d54ca72adc0c72b6fb2afcf6b80ee78c1e7be454403192,merkle,merkle,4096,1301.7485,32.89685,4.7683,5.6428,3063808,10118495,incremental Python allocations via tracemalloc,1141,tree node pairs,100,True,,3.14.3,Windows-11-10.0.26200-SP0,
7048cc1674dc4038a8e42c87818b9088,2026-08-24T01:25:32.156530+00:00,evaluation,medium-sparse,Chronos-M (forced Merkle),ok,measured,3,20270823,10000,10,10,spread,32,5b37053c578c35f2e5d54ca72adc0c72b6fb2afcf6b80ee78c1e7be454403192,merkle,merkle,4096,1331.9828,30.8496,5.1817,7.8618,3055616,10118495,incremental Python allocations via tracemalloc,1141,tree node pairs,100,True,,3.14.3,Windows-11-10.0.26200-SP0,
7048cc1674dc4038a8e42c87818b9088,2026-08-24T01:25:33.928979+00:00,evaluation,medium-sparse,Chronos-M (forced Merkle),ok,measured,4,20270823,10000,10,10,spread,32,5b37053c578c35f2e5d54ca72adc0c72b6fb2afcf6b80ee78c1e7be454403192,merkle,merkle,4096,1262.5634,28.9925,4.8332,5.8228,3088384,10118495,incremental Python allocations via tracemalloc,1141,tree node pairs,100,True,,3.14.3,Windows-11-10.0.26200-SP0,
7048cc1674dc4038a8e42c87818b9088,2026-08-24T01:25:35.812361+00:00,evaluation,medium-sparse,Chronos-M (forced Merkle),ok,measured,5,20270823,10000,10,10,spread,32,5b37053c578c35f2e5d54ca72adc0c72b6fb2afcf6b80ee78c1e7be454403192,merkle,merkle,4096,1362.3652,30.62305,5.0637,5.3091,3051520,10118495,incremental Python allocations via tracemalloc,1141,tree node pairs,100,True,,3.14.3,Windows-11-10.0.26200-SP0,
7048cc1674dc4038a8e42c87818b9088,2026-08-24T01:25:37.943332+00:00,evaluation,medium-sparse,Chronos-M (forced Merkle),ok,measured,6,20270823,10000,10,10,spread,32,5b37053c578c35f2e5d54ca72adc0c72b6fb2afcf6b80ee78c1e7be454403192,merkle,merkle,4096,1522.0325,31.56595,4.9143,5.8511,3055616,10118495,incremental Python allocations via tracemalloc,1141,tree node pairs,100,True,,3.14.3,Windows-11-10.0.26200-SP0,
7048cc1674dc4038a8e42c87818b9088,2026-08-24T01:25:39.822748+00:00,evaluation,medium-sparse,Chronos-M (forced Merkle),ok,measured,7,20270823,10000,10,10,spread,32,5b37053c578c35f2e5d54ca72adc0c72b6fb2afcf6b80ee78c1e7be454403192,merkle,merkle,4096,1331.5883,32.405699999999996,4.6792,6.3912,3055616,10118495,incremental Python allocations via tracemalloc,1141,tree node pairs,100,True,,3.14.3,Windows-11-10.0.26200-SP0,
7048cc1674dc4038a8e42c87818b9088,2026-08-24T01:25:41.687430+00:00,evaluation,medium-sparse,Chronos-H,ok,warmup,1,20270823,10000,10,10,spread,32,5b37053c578c35f2e5d54ca72adc0c72b6fb2afcf6b80ee78c1e7be454403192,hybrid,log,4096,1317.8933,33.32145,0.4999,6.2566,3067904,10118495,incremental Python allocations via tracemalloc,100,log operations,100,True,,3.14.3,Windows-11-10.0.26200-SP0,
7048cc1674dc4038a8e42c87818b9088,2026-08-24T01:25:44.270241+00:00,evaluation,medium-sparse,Chronos-H,ok,warmup,2,20270823,10000,10,10,spread,32,5b37053c578c35f2e5d54ca72adc0c72b6fb2afcf6b80ee78c1e7be454403192,hybrid,log,4096,1387.8275,29.25375,0.557,6.9682,3059712,10118495,incremental Python allocations via tracemalloc,100,log operations,100,True,,3.14.3,Windows-11-10.0.26200-SP0,
7048cc1674dc4038a8e42c87818b9088,2026-08-24T01:25:46.092975+00:00,evaluation,medium-sparse,Chronos-H,ok,measured,1,20270823,10000,10,10,spread,32,5b37053c578c35f2e5d54ca72adc0c72b6fb2afcf6b80ee78c1e7be454403192,hybrid,log,4096,1323.1462,28.575000000000003,0.5618,5.7502,3047424,10118495,incremental Python allocations via tracemalloc,100,log operations,100,True,,3.14.3,Windows-11-10.0.26200-SP0,
7048cc1674dc4038a8e42c87818b9088,2026-08-24T01:25:48.056950+00:00,evaluation,medium-sparse,Chronos-H,ok,measured,2,20270823,10000,10,10,spread,32,5b37053c578c35f2e5d54ca72adc0c72b6fb2afcf6b80ee78c1e7be454403192,hybrid,log,4096,1349.6602,35.2138,0.553,7.846,3059712,10118495,incremental Python allocations via tracemalloc,100,log operations,100,True,,3.14.3,Windows-11-10.0.26200-SP0,
7048cc1674dc4038a8e42c87818b9088,2026-08-24T01:25:50.082536+00:00,evaluation,medium-sparse,Chronos-H,ok,measured,3,20270823,10000,10,10,spread,32,5b37053c578c35f2e5d54ca72adc0c72b6fb2afcf6b80ee78c1e7be454403192,hybrid,log,4096,1413.5707,34.344899999999996,0.5608,5.7481,3063808,10118495,incremental Python allocations via tracemalloc,100,log operations,100,True,,3.14.3,Windows-11-10.0.26200-SP0,
7048cc1674dc4038a8e42c87818b9088,2026-08-24T01:25:52.032991+00:00,evaluation,medium-sparse,Chronos-H,ok,measured,4,20270823,10000,10,10,spread,32,5b37053c578c35f2e5d54ca72adc0c72b6fb2afcf6b80ee78c1e7be454403192,hybrid,log,4096,1389.7417,33.0468,0.551,6.1421,3022848,10118495,incremental Python allocations via tracemalloc,100,log operations,100,True,,3.14.3,Windows-11-10.0.26200-SP0,
7048cc1674dc4038a8e42c87818b9088,2026-08-24T01:25:54.044700+00:00,evaluation,medium-sparse,Chronos-H,ok,measured,5,20270823,10000,10,10,spread,32,5b37053c578c35f2e5d54ca72adc0c72b6fb2afcf6b80ee78c1e7be454403192,hybrid,log,4096,1417.0774,33.1667,0.5777,5.7516,3055616,10118495,incremental Python allocations via tracemalloc,100,log operations,100,True,,3.14.3,Windows-11-10.0.26200-SP0,
7048cc1674dc4038a8e42c87818b9088,2026-08-24T01:25:55.911688+00:00,evaluation,medium-sparse,Chronos-H,ok,measured,6,20270823,10000,10,10,spread,32,5b37053c578c35f2e5d54ca72adc0c72b6fb2afcf6b80ee78c1e7be454403192,hybrid,log,4096,1323.5738,33.2136,0.5387,6.3921,3039232,10118495,incremental Python allocations via tracemalloc,100,log operations,100,True,,3.14.3,Windows-11-10.0.26200-SP0,
7048cc1674dc4038a8e42c87818b9088,2026-08-24T01:25:57.855913+00:00,evaluation,medium-sparse,Chronos-H,ok,measured,7,20270823,10000,10,10,spread,32,5b37053c578c35f2e5d54ca72adc0c72b6fb2afcf6b80ee78c1e7be454403192,hybrid,log,4096,1380.0433,32.79555,0.5453,5.8743,3072000,10118495,incremental Python allocations via tracemalloc,100,log operations,100,True,,3.14.3,Windows-11-10.0.26200-SP0,
7048cc1674dc4038a8e42c87818b9088,2026-08-24T01:26:09.329767+00:00,evaluation,medium-sparse,Dolt,ok,warmup,1,20270823,10000,10,10,spread,32,5b37053c578c35f2e5d54ca72adc0c72b6fb2afcf6b80ee78c1e7be454403192,dolt-native,dolt-native,4096,1561.8232,782.4313500000001,181.4813,301.3025,967791,,unavailable (install psutil),,not exposed by Dolt CLI,100,True,,3.14.3,Windows-11-10.0.26200-SP0,dolt version 2.3.1
7048cc1674dc4038a8e42c87818b9088,2026-08-24T01:26:22.020304+00:00,evaluation,medium-sparse,Dolt,ok,warmup,2,20270823,10000,10,10,spread,32,5b37053c578c35f2e5d54ca72adc0c72b6fb2afcf6b80ee78c1e7be454403192,dolt-native,dolt-native,4096,951.5012,704.0772,402.2885,890.7321,967192,,unavailable (install psutil),,not exposed by Dolt CLI,100,True,,3.14.3,Windows-11-10.0.26200-SP0,dolt version 2.3.1
7048cc1674dc4038a8e42c87818b9088,2026-08-24T01:26:42.858547+00:00,evaluation,medium-sparse,Dolt,ok,measured,1,20270823,10000,10,10,spread,32,5b37053c578c35f2e5d54ca72adc0c72b6fb2afcf6b80ee78c1e7be454403192,dolt-native,dolt-native,4096,1429.0716,1408.5628,346.2528,615.3328,968145,,unavailable (install psutil),,not exposed by Dolt CLI,100,True,,3.14.3,Windows-11-10.0.26200-SP0,dolt version 2.3.1
7048cc1674dc4038a8e42c87818b9088,2026-08-24T01:27:00.050033+00:00,evaluation,medium-sparse,Dolt,ok,measured,2,20270823,10000,10,10,spread,32,5b37053c578c35f2e5d54ca72adc0c72b6fb2afcf6b80ee78c1e7be454403192,dolt-native,dolt-native,4096,1845.7107,1286.817,268.4241,502.7192,967829,,unavailable (install psutil),,not exposed by Dolt CLI,100,True,,3.14.3,Windows-11-10.0.26200-SP0,dolt version 2.3.1
7048cc1674dc4038a8e42c87818b9088,2026-08-24T01:27:16.316400+00:00,evaluation,medium-sparse,Dolt,ok,measured,3,20270823,10000,10,10,spread,32,5b37053c578c35f2e5d54ca72adc0c72b6fb2afcf6b80ee78c1e7be454403192,dolt-native,dolt-native,4096,1559.7993,1226.56755,371.9734,518.0969,967971,,unavailable (install psutil),,not exposed by Dolt CLI,100,True,,3.14.3,Windows-11-10.0.26200-SP0,dolt version 2.3.1
7048cc1674dc4038a8e42c87818b9088,2026-08-24T01:27:32.391624+00:00,evaluation,medium-sparse,Dolt,ok,measured,4,20270823,10000,10,10,spread,32,5b37053c578c35f2e5d54ca72adc0c72b6fb2afcf6b80ee78c1e7be454403192,dolt-native,dolt-native,4096,1879.7245,1249.6936,286.8025,446.7862,967906,,unavailable (install psutil),,not exposed by Dolt CLI,100,True,,3.14.3,Windows-11-10.0.26200-SP0,dolt version 2.3.1
7048cc1674dc4038a8e42c87818b9088,2026-08-24T01:27:48.476034+00:00,evaluation,medium-sparse,Dolt,ok,measured,5,20270823,10000,10,10,spread,32,5b37053c578c35f2e5d54ca72adc0c72b6fb2afcf6b80ee78c1e7be454403192,dolt-native,dolt-native,4096,1836.7167,1225.49915,315.86,575.4938,966934,,unavailable (install psutil),,not exposed by Dolt CLI,100,True,,3.14.3,Windows-11-10.0.26200-SP0,dolt version 2.3.1
7048cc1674dc4038a8e42c87818b9088,2026-08-24T01:28:04.292728+00:00,evaluation,medium-sparse,Dolt,ok,measured,6,20270823,10000,10,10,spread,32,5b37053c578c35f2e5d54ca72adc0c72b6fb2afcf6b80ee78c1e7be454403192,dolt-native,dolt-native,4096,1580.2,1219.3816,306.4708,522.9265,966988,,unavailable (install psutil),,not exposed by Dolt CLI,100,True,,3.14.3,Windows-11-10.0.26200-SP0,dolt version 2.3.1
7048cc1674dc4038a8e42c87818b9088,2026-08-24T01:28:20.222586+00:00,evaluation,medium-sparse,Dolt,ok,measured,7,20270823,10000,10,10,spread,32,5b37053c578c35f2e5d54ca72adc0c72b6fb2afcf6b80ee78c1e7be454403192,dolt-native,dolt-native,4096,1479.3111,1239.8298,302.2885,579.2574,967579,,unavailable (install psutil),,not exposed by Dolt CLI,100,True,,3.14.3,Windows-11-10.0.26200-SP0,dolt version 2.3.1
7048cc1674dc4038a8e42c87818b9088,2026-08-24T01:28:21.744702+00:00,evaluation,medium-dense,Snapshot,ok,warmup,1,20270824,10000,10,1000,spread,32,53c484416da0adeed737d289063de17c35f8f0b1d6554eff2b120d8091ddb8f4,full-scan,full-scan,4096,97.7064,90.0234,61.7876,24.1587,5610011,5579670,incremental Python allocations via tracemalloc,10010,keys,6502,True,,3.14.3,Windows-11-10.0.26200-SP0,
7048cc1674dc4038a8e42c87818b9088,2026-08-24T01:28:22.773351+00:00,evaluation,medium-dense,Snapshot,ok,warmup,2,20270824,10000,10,1000,spread,32,53c484416da0adeed737d289063de17c35f8f0b1d6554eff2b120d8091ddb8f4,full-scan,full-scan,4096,90.6937,71.53765,42.3455,15.2838,5610011,5579670,incremental Python allocations via tracemalloc,10010,keys,6502,True,,3.14.3,Windows-11-10.0.26200-SP0,
7048cc1674dc4038a8e42c87818b9088,2026-08-24T01:28:23.841043+00:00,evaluation,medium-dense,Snapshot,ok,measured,1,20270824,10000,10,1000,spread,32,53c484416da0adeed737d289063de17c35f8f0b1d6554eff2b120d8091ddb8f4,full-scan,full-scan,4096,69.4893,75.92145,56.5856,15.392,5610011,5579670,incremental Python allocations via tracemalloc,10010,keys,6502,True,,3.14.3,Windows-11-10.0.26200-SP0,
7048cc1674dc4038a8e42c87818b9088,2026-08-24T01:28:25.158648+00:00,evaluation,medium-dense,Snapshot,ok,measured,2,20270824,10000,10,1000,spread,32,53c484416da0adeed737d289063de17c35f8f0b1d6554eff2b120d8091ddb8f4,full-scan,full-scan,4096,118.8947,90.72094999999999,67.8879,19.1993,5610011,5579670,incremental Python allocations via tracemalloc,10010,keys,6502,True,,3.14.3,Windows-11-10.0.26200-SP0,
7048cc1674dc4038a8e42c87818b9088,2026-08-24T01:28:26.110678+00:00,evaluation,medium-dense,Snapshot,ok,measured,3,20270824,10000,10,1000,spread,32,53c484416da0adeed737d289063de17c35f8f0b1d6554eff2b120d8091ddb8f4,full-scan,full-scan,4096,89.5911,64.10055,44.1117,15.3789,5610011,5579670,incremental Python allocations via tracemalloc,10010,keys,6502,True,,3.14.3,Windows-11-10.0.26200-SP0,
7048cc1674dc4038a8e42c87818b9088,2026-08-24T01:28:27.040936+00:00,evaluation,medium-dense,Snapshot,ok,measured,4,20270824,10000,10,1000,spread,32,53c484416da0adeed737d289063de17c35f8f0b1d6554eff2b120d8091ddb8f4,full-scan,full-scan,4096,75.5652,63.83785,46.2346,16.6954,5610011,5579670,incremental Python allocations via tracemalloc,10010,keys,6502,True,,3.14.3,Windows-11-10.0.26200-SP0,
7048cc1674dc4038a8e42c87818b9088,2026-08-24T01:28:28.209910+00:00,evaluation,medium-dense,Snapshot,ok,measured,5,20270824,10000,10,1000,spread,32,53c484416da0adeed737d289063de17c35f8f0b1d6554eff2b120d8091ddb8f4,full-scan,full-scan,4096,86.1323,86.22215,56.1802,19.7784,5610011,5579670,incremental Python allocations via tracemalloc,10010,keys,6502,True,,3.14.3,Windows-11-10.0.26200-SP0,
7048cc1674dc4038a8e42c87818b9088,2026-08-24T01:28:29.277385+00:00,evaluation,medium-dense,Snapshot,ok,measured,6,20270824,10000,10,1000,spread,32,53c484416da0adeed737d289063de17c35f8f0b1d6554eff2b120d8091ddb8f4,full-scan,full-scan,4096,96.0968,74.6565,43.8249,10.1505,5610011,5579670,incremental Python allocations via tracemalloc,10010,keys,6502,True,,3.14.3,Windows-11-10.0.26200-SP0,
7048cc1674dc4038a8e42c87818b9088,2026-08-24T01:28:30.139201+00:00,evaluation,medium-dense,Snapshot,ok,measured,7,20270824,10000,10,1000,spread,32,53c484416da0adeed737d289063de17c35f8f0b1d6554eff2b120d8091ddb8f4,full-scan,full-scan,4096,75.8523,62.691500000000005,41.4093,12.6603,5610011,5579670,incremental Python allocations via tracemalloc,10010,keys,6502,True,,3.14.3,Windows-11-10.0.26200-SP0,
7048cc1674dc4038a8e42c87818b9088,2026-08-24T01:28:30.807216+00:00,evaluation,medium-dense,Log-only,ok,warmup,1,20270824,10000,10,1000,spread,32,53c484416da0adeed737d289063de17c35f8f0b1d6554eff2b120d8091ddb8f4,operation-log,operation-log,4096,72.7417,26.610300000000002,93.7815,89.4586,1929683,5695067,incremental Python allocations via tracemalloc,10000,operations,6502,True,,3.14.3,Windows-11-10.0.26200-SP0,
7048cc1674dc4038a8e42c87818b9088,2026-08-24T01:28:31.678265+00:00,evaluation,medium-dense,Log-only,ok,warmup,2,20270824,10000,10,1000,spread,32,53c484416da0adeed737d289063de17c35f8f0b1d6554eff2b120d8091ddb8f4,operation-log,operation-log,4096,93.8019,31.7066,129.9068,136.8307,1929683,5695067,incremental Python allocations via tracemalloc,10000,operations,6502,True,,3.14.3,Windows-11-10.0.26200-SP0,
7048cc1674dc4038a8e42c87818b9088,2026-08-24T01:28:32.336905+00:00,evaluation,medium-dense,Log-only,ok,measured,1,20270824,10000,10,1000,spread,32,53c484416da0adeed737d289063de17c35f8f0b1d6554eff2b120d8091ddb8f4,operation-log,operation-log,4096,77.9691,27.609450000000002,91.6638,82.9675,1929683,5695067,incremental Python allocations via tracemalloc,10000,operations,6502,True,,3.14.3,Windows-11-10.0.26200-SP0,
7048cc1674dc4038a8e42c87818b9088,2026-08-24T01:28:33.050111+00:00,evaluation,medium-dense,Log-only,ok,measured,2,20270824,10000,10,1000,spread,32,53c484416da0adeed737d289063de17c35f8f0b1d6554eff2b120d8091ddb8f4,operation-log,operation-log,4096,76.742,27.008000000000003,88.5865,93.0283,1929683,5695067,incremental Python allocations via tracemalloc,10000,operations,6502,True,,3.14.3,Windows-11-10.0.26200-SP0,
7048cc1674dc4038a8e42c87818b9088,2026-08-24T01:28:33.696311+00:00,evaluation,medium-dense,Log-only,ok,measured,3,20270824,10000,10,1000,spread,32,53c484416da0adeed737d289063de17c35f8f0b1d6554eff2b120d8091ddb8f4,operation-log,operation-log,4096,69.3739,26.1981,83.6343,101.7362,1929683,5695067,incremental Python allocations via tracemalloc,10000,operations,6502,True,,3.14.3,Windows-11-10.0.26200-SP0,
7048cc1674dc4038a8e42c87818b9088,2026-08-24T01:28:34.338730+00:00,evaluation,medium-dense,Log-only,ok,measured,4,20270824,10000,10,1000,spread,32,53c484416da0adeed737d289063de17c35f8f0b1d6554eff2b120d8091ddb8f4,operation-log,operation-log,4096,76.9111,26.790599999999998,100.5545,72.343,1929683,5695067,incremental Python allocations via tracemalloc,10000,operations,6502,True,,3.14.3,Windows-11-10.0.26200-SP0,
7048cc1674dc4038a8e42c87818b9088,2026-08-24T01:28:35.210085+00:00,evaluation,medium-dense,Log-only,ok,measured,5,20270824,10000,10,1000,spread,32,53c484416da0adeed737d289063de17c35f8f0b1d6554eff2b120d8091ddb8f4,operation-log,operation-log,4096,75.4444,29.61525,131.3835,144.614,1929683,5695067,incremental Python allocations via tracemalloc,10000,operations,6502,True,,3.14.3,Windows-11-10.0.26200-SP0,
7048cc1674dc4038a8e42c87818b9088,2026-08-24T01:28:35.900398+00:00,evaluation,medium-dense,Log-only,ok,measured,6,20270824,10000,10,1000,spread,32,53c484416da0adeed737d289063de17c35f8f0b1d6554eff2b120d8091ddb8f4,operation-log,operation-log,4096,83.4327,28.73525,89.5346,90.2534,1929683,5695067,incremental Python allocations via tracemalloc,10000,operations,6502,True,,3.14.3,Windows-11-10.0.26200-SP0,
7048cc1674dc4038a8e42c87818b9088,2026-08-24T01:28:36.605231+00:00,evaluation,medium-dense,Log-only,ok,measured,7,20270824,10000,10,1000,spread,32,53c484416da0adeed737d289063de17c35f8f0b1d6554eff2b120d8091ddb8f4,operation-log,operation-log,4096,69.9073,29.1779,94.4446,92.2895,1929683,5695067,incremental Python allocations via tracemalloc,10000,operations,6502,True,,3.14.3,Windows-11-10.0.26200-SP0,
7048cc1674dc4038a8e42c87818b9088,2026-08-24T01:28:46.693860+00:00,evaluation,medium-dense,Chronos-M (forced Merkle),ok,warmup,1,20270824,10000,10,1000,spread,32,53c484416da0adeed737d289063de17c35f8f0b1d6554eff2b120d8091ddb8f4,merkle,merkle,4096,1538.0677,816.0273500000001,145.6452,9.8661,11247616,10118523,incremental Python allocations via tracemalloc,4311,tree node pairs,6502,True,,3.14.3,Windows-11-10.0.26200-SP0,
7048cc1674dc4038a8e42c87818b9088,2026-08-24T01:28:54.967566+00:00,evaluation,medium-dense,Chronos-M (forced Merkle),ok,warmup,2,20270824,10000,10,1000,spread,32,53c484416da0adeed737d289063de17c35f8f0b1d6554eff2b120d8091ddb8f4,merkle,merkle,4096,1697.1078,516.598,56.0895,5.2329,11194368,10118495,incremental Python allocations via tracemalloc,4311,tree node pairs,6502,True,,3.14.3,Windows-11-10.0.26200-SP0,
7048cc1674dc4038a8e42c87818b9088,2026-08-24T01:28:59.079277+00:00,evaluation,medium-dense,Chronos-M (forced Merkle),ok,measured,1,20270824,10000,10,1000,spread,32,53c484416da0adeed737d289063de17c35f8f0b1d6554eff2b120d8091ddb8f4,merkle,merkle,4096,891.2642,273.06455,60.6449,4.5736,11218944,10118495,incremental Python allocations via tracemalloc,4311,tree node pairs,6502,True,,3.14.3,Windows-11-10.0.26200-SP0,
7048cc1674dc4038a8e42c87818b9088,2026-08-24T01:29:03.154625+00:00,evaluation,medium-dense,Chronos-M (forced Merkle),ok,measured,2,20270824,10000,10,1000,spread,32,53c484416da0adeed737d289063de17c35f8f0b1d6554eff2b120d8091ddb8f4,merkle,merkle,4096,791.4292,283.54935,61.0344,5.1259,11198464,10118495,incremental Python allocations via tracemalloc,4311,tree node pairs,6502,True,,3.14.3,Windows-11-10.0.26200-SP0,
7048cc1674dc4038a8e42c87818b9088,2026-08-24T01:29:07.060101+00:00,evaluation,medium-dense,Chronos-M (forced Merkle),ok,measured,3,20270824,10000,10,1000,spread,32,53c484416da0adeed737d289063de17c35f8f0b1d6554eff2b120d8091ddb8f4,merkle,merkle,4096,739.3841,280.8911,54.6673,4.4181,11141120,10118495,incremental Python allocations via tracemalloc,4311,tree node pairs,6502,True,,3.14.3,Windows-11-10.0.26200-SP0,
7048cc1674dc4038a8e42c87818b9088,2026-08-24T01:29:11.959172+00:00,evaluation,medium-dense,Chronos-M (forced Merkle),ok,measured,4,20270824,10000,10,1000,spread,32,53c484416da0adeed737d289063de17c35f8f0b1d6554eff2b120d8091ddb8f4,merkle,merkle,4096,794.0056,339.6506,59.1649,5.2775,11157504,10118495,incremental Python allocations via tracemalloc,4311,tree node pairs,6502,True,,3.14.3,Windows-11-10.0.26200-SP0,
7048cc1674dc4038a8e42c87818b9088,2026-08-24T01:29:16.455045+00:00,evaluation,medium-dense,Chronos-M (forced Merkle),ok,measured,5,20270824,10000,10,1000,spread,32,53c484416da0adeed737d289063de17c35f8f0b1d6554eff2b120d8091ddb8f4,merkle,merkle,4096,955.5658,293.7318,59.0462,4.4437,11182080,10118495,incremental Python allocations via tracemalloc,4311,tree node pairs,6502,True,,3.14.3,Windows-11-10.0.26200-SP0,
7048cc1674dc4038a8e42c87818b9088,2026-08-24T01:29:20.645711+00:00,evaluation,medium-dense,Chronos-M (forced Merkle),ok,measured,6,20270824,10000,10,1000,spread,32,53c484416da0adeed737d289063de17c35f8f0b1d6554eff2b120d8091ddb8f4,merkle,merkle,4096,824.901,281.88025,70.3275,5.3023,11161600,10118495,incremental Python allocations via tracemalloc,4311,tree node pairs,6502,True,,3.14.3,Windows-11-10.0.26200-SP0,
7048cc1674dc4038a8e42c87818b9088,2026-08-24T01:29:24.870474+00:00,evaluation,medium-dense,Chronos-M (forced Merkle),ok,measured,7,20270824,10000,10,1000,spread,32,53c484416da0adeed737d289063de17c35f8f0b1d6554eff2b120d8091ddb8f4,merkle,merkle,4096,821.7799,282.20304999999996,61.0576,5.5383,11149312,10118495,incremental Python allocations via tracemalloc,4311,tree node pairs,6502,True,,3.14.3,Windows-11-10.0.26200-SP0,
7048cc1674dc4038a8e42c87818b9088,2026-08-24T01:29:28.963635+00:00,evaluation,medium-dense,Chronos-H,ok,warmup,1,20270824,10000,10,1000,spread,32,53c484416da0adeed737d289063de17c35f8f0b1d6554eff2b120d8091ddb8f4,hybrid,merkle,4096,820.8611,298.8771,58.7678,4.6673,11182080,10118495,incremental Python allocations via tracemalloc,4311,tree node pairs,6502,True,,3.14.3,Windows-11-10.0.26200-SP0,
7048cc1674dc4038a8e42c87818b9088,2026-08-24T01:29:33.267482+00:00,evaluation,medium-dense,Chronos-H,ok,warmup,2,20270824,10000,10,1000,spread,32,53c484416da0adeed737d289063de17c35f8f0b1d6554eff2b120d8091ddb8f4,hybrid,merkle,4096,1113.7694,278.8692,59.8975,5.8773,11165696,10118495,incremental Python allocations via tracemalloc,4311,tree node pairs,6502,True,,3.14.3,Windows-11-10.0.26200-SP0,
7048cc1674dc4038a8e42c87818b9088,2026-08-24T01:29:38.125214+00:00,evaluation,medium-dense,Chronos-H,ok,measured,1,20270824,10000,10,1000,spread,32,53c484416da0adeed737d289063de17c35f8f0b1d6554eff2b120d8091ddb8f4,hybrid,merkle,4096,815.422,298.9463,55.9871,4.4442,11177984,10118495,incremental Python allocations via tracemalloc,4311,tree node pairs,6502,True,,3.14.3,Windows-11-10.0.26200-SP0,
7048cc1674dc4038a8e42c87818b9088,2026-08-24T01:29:42.851878+00:00,evaluation,medium-dense,Chronos-H,ok,measured,2,20270824,10000,10,1000,spread,32,53c484416da0adeed737d289063de17c35f8f0b1d6554eff2b120d8091ddb8f4,hybrid,merkle,4096,842.1163,294.2158,51.943,5.7113,11149312,10118495,incremental Python allocations via tracemalloc,4311,tree node pairs,6502,True,,3.14.3,Windows-11-10.0.26200-SP0,
7048cc1674dc4038a8e42c87818b9088,2026-08-24T01:29:46.975517+00:00,evaluation,medium-dense,Chronos-H,ok,measured,3,20270824,10000,10,1000,spread,32,53c484416da0adeed737d289063de17c35f8f0b1d6554eff2b120d8091ddb8f4,hybrid,merkle,4096,835.3549,281.67359999999996,56.496,3.8515,11177984,10118495,incremental Python allocations via tracemalloc,4311,tree node pairs,6502,True,,3.14.3,Windows-11-10.0.26200-SP0,
7048cc1674dc4038a8e42c87818b9088,2026-08-24T01:29:50.916813+00:00,evaluation,medium-dense,Chronos-H,ok,measured,4,20270824,10000,10,1000,spread,32,53c484416da0adeed737d289063de17c35f8f0b1d6554eff2b120d8091ddb8f4,hybrid,merkle,4096,819.4382,285.90790000000004,68.1143,6.1779,11169792,10118495,incremental Python allocations via tracemalloc,4311,tree node pairs,6502,True,,3.14.3,Windows-11-10.0.26200-SP0,
7048cc1674dc4038a8e42c87818b9088,2026-08-24T01:29:55.441655+00:00,evaluation,medium-dense,Chronos-H,ok,measured,5,20270824,10000,10,1000,spread,32,53c484416da0adeed737d289063de17c35f8f0b1d6554eff2b120d8091ddb8f4,hybrid,merkle,4096,1349.0942,277.68994999999995,57.3268,5.6769,11186176,10118495,incremental Python allocations via tracemalloc,4311,tree node pairs,6502,True,,3.14.3,Windows-11-10.0.26200-SP0,
7048cc1674dc4038a8e42c87818b9088,2026-08-24T01:29:59.579382+00:00,evaluation,medium-dense,Chronos-H,ok,measured,6,20270824,10000,10,1000,spread,32,53c484416da0adeed737d289063de17c35f8f0b1d6554eff2b120d8091ddb8f4,hybrid,merkle,4096,831.1323,281.47360000000003,62.0204,6.9667,11137024,10118495,incremental Python allocations via tracemalloc,4311,tree node pairs,6502,True,,3.14.3,Windows-11-10.0.26200-SP0,
7048cc1674dc4038a8e42c87818b9088,2026-08-24T01:30:04.375281+00:00,evaluation,medium-dense,Chronos-H,ok,measured,7,20270824,10000,10,1000,spread,32,53c484416da0adeed737d289063de17c35f8f0b1d6554eff2b120d8091ddb8f4,hybrid,merkle,4096,775.7872,317.9616,53.2163,4.2173,11177984,10118495,incremental Python allocations via tracemalloc,4311,tree node pairs,6502,True,,3.14.3,Windows-11-10.0.26200-SP0,
7048cc1674dc4038a8e42c87818b9088,2026-08-24T01:30:13.949749+00:00,evaluation,medium-dense,Dolt,ok,warmup,1,20270824,10000,10,1000,spread,32,53c484416da0adeed737d289063de17c35f8f0b1d6554eff2b120d8091ddb8f4,dolt-native,dolt-native,4096,755.5851,646.2885,311.2156,213.3677,5109639,,unavailable (install psutil),,not exposed by Dolt CLI,6502,True,,3.14.3,Windows-11-10.0.26200-SP0,dolt version 2.3.1
7048cc1674dc4038a8e42c87818b9088,2026-08-24T01:30:22.689545+00:00,evaluation,medium-dense,Dolt,ok,warmup,2,20270824,10000,10,1000,spread,32,53c484416da0adeed737d289063de17c35f8f0b1d6554eff2b120d8091ddb8f4,dolt-native,dolt-native,4096,714.8682,653.67805,314.2244,203.2196,5108883,,unavailable (install psutil),,not exposed by Dolt CLI,6502,True,,3.14.3,Windows-11-10.0.26200-SP0,dolt version 2.3.1
7048cc1674dc4038a8e42c87818b9088,2026-08-24T01:30:31.386467+00:00,evaluation,medium-dense,Dolt,ok,measured,1,20270824,10000,10,1000,spread,32,53c484416da0adeed737d289063de17c35f8f0b1d6554eff2b120d8091ddb8f4,dolt-native,dolt-native,4096,780.0441,647.5308500000001,349.13,204.3807,5110067,,unavailable (install psutil),,not exposed by Dolt CLI,6502,True,,3.14.3,Windows-11-10.0.26200-SP0,dolt version 2.3.1
7048cc1674dc4038a8e42c87818b9088,2026-08-24T01:30:40.160185+00:00,evaluation,medium-dense,Dolt,ok,measured,2,20270824,10000,10,1000,spread,32,53c484416da0adeed737d289063de17c35f8f0b1d6554eff2b120d8091ddb8f4,dolt-native,dolt-native,4096,734.8751,686.59275,301.6957,193.3938,5108165,,unavailable (install psutil),,not exposed by Dolt CLI,6502,True,,3.14.3,Windows-11-10.0.26200-SP0,dolt version 2.3.1
7048cc1674dc4038a8e42c87818b9088,2026-08-24T01:30:49.411982+00:00,evaluation,medium-dense,Dolt,ok,measured,3,20270824,10000,10,1000,spread,32,53c484416da0adeed737d289063de17c35f8f0b1d6554eff2b120d8091ddb8f4,dolt-native,dolt-native,4096,1055.061,680.32455,368.4322,261.7282,5108641,,unavailable (install psutil),,not exposed by Dolt CLI,6502,True,,3.14.3,Windows-11-10.0.26200-SP0,dolt version 2.3.1
7048cc1674dc4038a8e42c87818b9088,2026-08-24T01:30:58.163151+00:00,evaluation,medium-dense,Dolt,ok,measured,4,20270824,10000,10,1000,spread,32,53c484416da0adeed737d289063de17c35f8f0b1d6554eff2b120d8091ddb8f4,dolt-native,dolt-native,4096,782.3015,659.4902500000001,303.3365,207.364,5108845,,unavailable (install psutil),,not exposed by Dolt CLI,6502,True,,3.14.3,Windows-11-10.0.26200-SP0,dolt version 2.3.1
7048cc1674dc4038a8e42c87818b9088,2026-08-24T01:31:06.852112+00:00,evaluation,medium-dense,Dolt,ok,measured,5,20270824,10000,10,1000,spread,32,53c484416da0adeed737d289063de17c35f8f0b1d6554eff2b120d8091ddb8f4,dolt-native,dolt-native,4096,761.9731,653.5811,326.0113,233.3239,5108322,,unavailable (install psutil),,not exposed by Dolt CLI,6502,True,,3.14.3,Windows-11-10.0.26200-SP0,dolt version 2.3.1
7048cc1674dc4038a8e42c87818b9088,2026-08-24T01:31:15.658608+00:00,evaluation,medium-dense,Dolt,ok,measured,6,20270824,10000,10,1000,spread,32,53c484416da0adeed737d289063de17c35f8f0b1d6554eff2b120d8091ddb8f4,dolt-native,dolt-native,4096,841.9346,691.94215,312.8196,202.9615,5109065,,unavailable (install psutil),,not exposed by Dolt CLI,6502,True,,3.14.3,Windows-11-10.0.26200-SP0,dolt version 2.3.1
7048cc1674dc4038a8e42c87818b9088,2026-08-24T01:31:24.234118+00:00,evaluation,medium-dense,Dolt,ok,measured,7,20270824,10000,10,1000,spread,32,53c484416da0adeed737d289063de17c35f8f0b1d6554eff2b120d8091ddb8f4,dolt-native,dolt-native,4096,784.4447,641.6773000000001,363.4674,211.4568,5109162,,unavailable (install psutil),,not exposed by Dolt CLI,6502,True,,3.14.3,Windows-11-10.0.26200-SP0,dolt version 2.3.1
7048cc1674dc4038a8e42c87818b9088,2026-08-24T01:31:28.546509+00:00,evaluation,large-sparse,Snapshot,ok,warmup,1,20270825,100000,10,100,spread,32,a74710e5f8cf1f176718c5b779baddb57dfd2a56d514d69f91c85cf401b0c83d,full-scan,full-scan,4096,303.0553,300.14824999999996,313.7586,98.0096,56100011,54064246,incremental Python allocations via tracemalloc,100010,keys,995,True,,3.14.3,Windows-11-10.0.26200-SP0,
7048cc1674dc4038a8e42c87818b9088,2026-08-24T01:31:32.588539+00:00,evaluation,large-sparse,Snapshot,ok,warmup,2,20270825,100000,10,100,spread,32,a74710e5f8cf1f176718c5b779baddb57dfd2a56d514d69f91c85cf401b0c83d,full-scan,full-scan,4096,299.2627,298.1258,311.1046,104.1221,56100011,54064246,incremental Python allocations via tracemalloc,100010,keys,995,True,,3.14.3,Windows-11-10.0.26200-SP0,
7048cc1674dc4038a8e42c87818b9088,2026-08-24T01:31:36.603322+00:00,evaluation,large-sparse,Snapshot,ok,measured,1,20270825,100000,10,100,spread,32,a74710e5f8cf1f176718c5b779baddb57dfd2a56d514d69f91c85cf401b0c83d,full-scan,full-scan,4096,299.2007,297.50019999999995,296.6689,97.2301,56100011,54064246,incremental Python allocations via tracemalloc,100010,keys,995,True,,3.14.3,Windows-11-10.0.26200-SP0,
7048cc1674dc4038a8e42c87818b9088,2026-08-24T01:31:40.604618+00:00,evaluation,large-sparse,Snapshot,ok,measured,2,20270825,100000,10,100,spread,32,a74710e5f8cf1f176718c5b779baddb57dfd2a56d514d69f91c85cf401b0c83d,full-scan,full-scan,4096,304.969,296.99585,296.8107,97.3387,56100011,54064246,incremental Python allocations via tracemalloc,100010,keys,995,True,,3.14.3,Windows-11-10.0.26200-SP0,
7048cc1674dc4038a8e42c87818b9088,2026-08-24T01:31:44.560604+00:00,evaluation,large-sparse,Snapshot,ok,measured,3,20270825,100000,10,100,spread,32,a74710e5f8cf1f176718c5b779baddb57dfd2a56d514d69f91c85cf401b0c83d,full-scan,full-scan,4096,298.8349,285.77930000000003,296.7684,95.807,56100011,54064246,incremental Python allocations via tracemalloc,100010,keys,995,True,,3.14.3,Windows-11-10.0.26200-SP0,
7048cc1674dc4038a8e42c87818b9088,2026-08-24T01:31:48.514355+00:00,evaluation,large-sparse,Snapshot,ok,measured,4,20270825,100000,10,100,spread,32,a74710e5f8cf1f176718c5b779baddb57dfd2a56d514d69f91c85cf401b0c83d,full-scan,full-scan,4096,287.5885,293.17045,298.3719,96.3622,56100011,54064246,incremental Python allocations via tracemalloc,100010,keys,995,True,,3.14.3,Windows-11-10.0.26200-SP0,
7048cc1674dc4038a8e42c87818b9088,2026-08-24T01:31:52.529786+00:00,evaluation,large-sparse,Snapshot,ok,measured,5,20270825,100000,10,100,spread,32,a74710e5f8cf1f176718c5b779baddb57dfd2a56d514d69f91c85cf401b0c83d,full-scan,full-scan,4096,301.6835,300.8079,304.1938,97.3771,56100011,54064246,incremental Python allocations via tracemalloc,100010,keys,995,True,,3.14.3,Windows-11-10.0.26200-SP0,
7048cc1674dc4038a8e42c87818b9088,2026-08-24T01:31:56.602317+00:00,evaluation,large-sparse,Snapshot,ok,measured,6,20270825,100000,10,100,spread,32,a74710e5f8cf1f176718c5b779baddb57dfd2a56d514d69f91c85cf401b0c83d,full-scan,full-scan,4096,300.4866,304.31615,319.3098,96.2719,56100011,54064246,incremental Python allocations via tracemalloc,100010,keys,995,True,,3.14.3,Windows-11-10.0.26200-SP0,
7048cc1674dc4038a8e42c87818b9088,2026-08-24T01:32:00.677833+00:00,evaluation,large-sparse,Snapshot,ok,measured,7,20270825,100000,10,100,spread,32,a74710e5f8cf1f176718c5b779baddb57dfd2a56d514d69f91c85cf401b0c83d,full-scan,full-scan,4096,318.709,296.89995,303.0326,97.535,56100011,54064246,incremental Python allocations via tracemalloc,100010,keys,995,True,,3.14.3,Windows-11-10.0.26200-SP0,
7048cc1674dc4038a8e42c87818b9088,2026-08-24T01:32:01.434511+00:00,evaluation,large-sparse,Log-only,ok,warmup,1,20270825,100000,10,100,spread,32,a74710e5f8cf1f176718c5b779baddb57dfd2a56d514d69f91c85cf401b0c83d,operation-log,operation-log,4096,295.1996,4.1581,4.2193,94.8266,5241683,25943108,incremental Python allocations via tracemalloc,1000,operations,995,True,,3.14.3,Windows-11-10.0.26200-SP0,
7048cc1674dc4038a8e42c87818b9088,2026-08-24T01:32:02.235910+00:00,evaluation,large-sparse,Log-only,ok,warmup,2,20270825,100000,10,100,spread,32,a74710e5f8cf1f176718c5b779baddb57dfd2a56d514d69f91c85cf401b0c83d,operation-log,operation-log,4096,322.7513,4.1488,4.7908,99.786,5241683,25943108,incremental Python allocations via tracemalloc,1000,operations,995,True,,3.14.3,Windows-11-10.0.26200-SP0,
7048cc1674dc4038a8e42c87818b9088,2026-08-24T01:32:02.975916+00:00,evaluation,large-sparse,Log-only,ok,measured,1,20270825,100000,10,100,spread,32,a74710e5f8cf1f176718c5b779baddb57dfd2a56d514d69f91c85cf401b0c83d,operation-log,operation-log,4096,279.3861,4.0584,4.1789,99.8402,5241683,25943108,incremental Python allocations via tracemalloc,1000,operations,995,True,,3.14.3,Windows-11-10.0.26200-SP0,
7048cc1674dc4038a8e42c87818b9088,2026-08-24T01:32:03.738084+00:00,evaluation,large-sparse,Log-only,ok,measured,2,20270825,100000,10,100,spread,32,a74710e5f8cf1f176718c5b779baddb57dfd2a56d514d69f91c85cf401b0c83d,operation-log,operation-log,4096,304.7666,4.25655,4.6869,101.0349,5241683,25943108,incremental Python allocations via tracemalloc,1000,operations,995,True,,3.14.3,Windows-11-10.0.26200-SP0,
7048cc1674dc4038a8e42c87818b9088,2026-08-24T01:32:04.479644+00:00,evaluation,large-sparse,Log-only,ok,measured,3,20270825,100000,10,100,spread,32,a74710e5f8cf1f176718c5b779baddb57dfd2a56d514d69f91c85cf401b0c83d,operation-log,operation-log,4096,293.5178,4.16315,4.67,98.068,5241683,25943108,incremental Python allocations via tracemalloc,1000,operations,995,True,,3.14.3,Windows-11-10.0.26200-SP0,
7048cc1674dc4038a8e42c87818b9088,2026-08-24T01:32:05.275189+00:00,evaluation,large-sparse,Log-only,ok,measured,4,20270825,100000,10,100,spread,32,a74710e5f8cf1f176718c5b779baddb57dfd2a56d514d69f91c85cf401b0c83d,operation-log,operation-log,4096,287.4174,4.2773,4.6692,126.9679,5241683,25943108,incremental Python allocations via tracemalloc,1000,operations,995,True,,3.14.3,Windows-11-10.0.26200-SP0,
7048cc1674dc4038a8e42c87818b9088,2026-08-24T01:32:06.037462+00:00,evaluation,large-sparse,Log-only,ok,measured,5,20270825,100000,10,100,spread,32,a74710e5f8cf1f176718c5b779baddb57dfd2a56d514d69f91c85cf401b0c83d,operation-log,operation-log,4096,307.4711,4.1160499999999995,5.1724,99.7774,5241683,25943108,incremental Python allocations via tracemalloc,1000,operations,995,True,,3.14.3,Windows-11-10.0.26200-SP0,
7048cc1674dc4038a8e42c87818b9088,2026-08-24T01:32:06.777289+00:00,evaluation,large-sparse,Log-only,ok,measured,6,20270825,100000,10,100,spread,32,a74710e5f8cf1f176718c5b779baddb57dfd2a56d514d69f91c85cf401b0c83d,operation-log,operation-log,4096,294.039,4.255649999999999,4.9554,107.3448,5241683,25943108,incremental Python allocations via tracemalloc,1000,operations,995,True,,3.14.3,Windows-11-10.0.26200-SP0,
7048cc1674dc4038a8e42c87818b9088,2026-08-24T01:32:07.508039+00:00,evaluation,large-sparse,Log-only,ok,measured,7,20270825,100000,10,100,spread,32,a74710e5f8cf1f176718c5b779baddb57dfd2a56d514d69f91c85cf401b0c83d,operation-log,operation-log,4096,285.3014,4.1751,4.7127,98.852,5241683,25943108,incremental Python allocations via tracemalloc,1000,operations,995,True,,3.14.3,Windows-11-10.0.26200-SP0,
7048cc1674dc4038a8e42c87818b9088,2026-08-24T01:32:14.222901+00:00,evaluation,large-sparse,Chronos-M (forced Merkle),ok,warmup,1,20270825,100000,10,100,spread,32,a74710e5f8cf1f176718c5b779baddb57dfd2a56d514d69f91c85cf401b0c83d,merkle,merkle,4096,4733.6632,123.60395,26.7248,21.489,36143104,81061444,incremental Python allocations via tracemalloc,4169,tree node pairs,995,True,,3.14.3,Windows-11-10.0.26200-SP0,
7048cc1674dc4038a8e42c87818b9088,2026-08-24T01:32:21.016794+00:00,evaluation,large-sparse,Chronos-M (forced Merkle),ok,warmup,2,20270825,100000,10,100,spread,32,a74710e5f8cf1f176718c5b779baddb57dfd2a56d514d69f91c85cf401b0c83d,merkle,merkle,4096,4731.5851,129.08925,26.4103,17.501,36134912,81061416,incremental Python allocations via tracemalloc,4169,tree node pairs,995,True,,3.14.3,Windows-11-10.0.26200-SP0,
7048cc1674dc4038a8e42c87818b9088,2026-08-24T01:32:27.812729+00:00,evaluation,large-sparse,Chronos-M (forced Merkle),ok,measured,1,20270825,100000,10,100,spread,32,a74710e5f8cf1f176718c5b779baddb57dfd2a56d514d69f91c85cf401b0c83d,merkle,merkle,4096,4748.559,127.07294999999999,26.8082,21.0634,36134912,81061416,incremental Python allocations via tracemalloc,4169,tree node pairs,995,True,,3.14.3,Windows-11-10.0.26200-SP0,
7048cc1674dc4038a8e42c87818b9088,2026-08-24T01:32:34.645447+00:00,evaluation,large-sparse,Chronos-M (forced Merkle),ok,measured,2,20270825,100000,10,100,spread,32,a74710e5f8cf1f176718c5b779baddb57dfd2a56d514d69f91c85cf401b0c83d,merkle,merkle,4096,4738.2561,128.16395,26.9519,18.9288,36122624,81061416,incremental Python allocations via tracemalloc,4169,tree node pairs,995,True,,3.14.3,Windows-11-10.0.26200-SP0,
7048cc1674dc4038a8e42c87818b9088,2026-08-24T01:32:41.639907+00:00,evaluation,large-sparse,Chronos-M (forced Merkle),ok,measured,3,20270825,100000,10,100,spread,32,a74710e5f8cf1f176718c5b779baddb57dfd2a56d514d69f91c85cf401b0c83d,merkle,merkle,4096,4792.5652,131.1012,27.8666,18.8958,36130816,81061416,incremental Python allocations via tracemalloc,4169,tree node pairs,995,True,,3.14.3,Windows-11-10.0.26200-SP0,
7048cc1674dc4038a8e42c87818b9088,2026-08-24T01:32:48.963422+00:00,evaluation,large-sparse,Chronos-M (forced Merkle),ok,measured,4,20270825,100000,10,100,spread,32,a74710e5f8cf1f176718c5b779baddb57dfd2a56d514d69f91c85cf401b0c83d,merkle,merkle,4096,5185.2286,127.16635,26.1135,16.6553,36155392,81061416,incremental Python allocations via tracemalloc,4169,tree node pairs,995,True,,3.14.3,Windows-11-10.0.26200-SP0,
7048cc1674dc4038a8e42c87818b9088,2026-08-24T01:32:55.958748+00:00,evaluation,large-sparse,Chronos-M (forced Merkle),ok,measured,5,20270825,100000,10,100,spread,32,a74710e5f8cf1f176718c5b779baddb57dfd2a56d514d69f91c85cf401b0c83d,merkle,merkle,4096,4877.1373,126.0726,31.221,18.6143,36139008,81061416,incremental Python allocations via tracemalloc,4169,tree node pairs,995,True,,3.14.3,Windows-11-10.0.26200-SP0,
7048cc1674dc4038a8e42c87818b9088,2026-08-24T01:33:02.818219+00:00,evaluation,large-sparse,Chronos-M (forced Merkle),ok,measured,6,20270825,100000,10,100,spread,32,a74710e5f8cf1f176718c5b779baddb57dfd2a56d514d69f91c85cf401b0c83d,merkle,merkle,4096,4717.4251,131.2249,28.7782,18.9543,36134912,81061416,incremental Python allocations via tracemalloc,4169,tree node pairs,995,True,,3.14.3,Windows-11-10.0.26200-SP0,
7048cc1674dc4038a8e42c87818b9088,2026-08-24T01:33:09.749942+00:00,evaluation,large-sparse,Chronos-M (forced Merkle),ok,measured,7,20270825,100000,10,100,spread,32,a74710e5f8cf1f176718c5b779baddb57dfd2a56d514d69f91c85cf401b0c83d,merkle,merkle,4096,4881.193,125.67689999999999,27.1668,22.2259,36089856,81061416,incremental Python allocations via tracemalloc,4169,tree node pairs,995,True,,3.14.3,Windows-11-10.0.26200-SP0,
7048cc1674dc4038a8e42c87818b9088,2026-08-24T01:33:16.536768+00:00,evaluation,large-sparse,Chronos-H,ok,warmup,1,20270825,100000,10,100,spread,32,a74710e5f8cf1f176718c5b779baddb57dfd2a56d514d69f91c85cf401b0c83d,hybrid,log,4096,4722.0555,127.9571,3.0399,17.3994,36122624,81061416,incremental Python allocations via tracemalloc,1000,log operations,995,True,,3.14.3,Windows-11-10.0.26200-SP0,
7048cc1674dc4038a8e42c87818b9088,2026-08-24T01:33:23.343356+00:00,evaluation,large-sparse,Chronos-H,ok,warmup,2,20270825,100000,10,100,spread,32,a74710e5f8cf1f176718c5b779baddb57dfd2a56d514d69f91c85cf401b0c83d,hybrid,log,4096,4733.3245,126.09595,4.8617,17.5177,36139008,81061416,incremental Python allocations via tracemalloc,1000,log operations,995,True,,3.14.3,Windows-11-10.0.26200-SP0,
7048cc1674dc4038a8e42c87818b9088,2026-08-24T01:33:30.144775+00:00,evaluation,large-sparse,Chronos-H,ok,measured,1,20270825,100000,10,100,spread,32,a74710e5f8cf1f176718c5b779baddb57dfd2a56d514d69f91c85cf401b0c83d,hybrid,log,4096,4757.9246,125.1678,3.0091,21.8473,36106240,81061416,incremental Python allocations via tracemalloc,1000,log operations,995,True,,3.14.3,Windows-11-10.0.26200-SP0,
7048cc1674dc4038a8e42c87818b9088,2026-08-24T01:33:37.056296+00:00,evaluation,large-sparse,Chronos-H,ok,measured,2,20270825,100000,10,100,spread,32,a74710e5f8cf1f176718c5b779baddb57dfd2a56d514d69f91c85cf401b0c83d,hybrid,log,4096,4731.4821,125.46295,3.0598,17.4134,36081664,81061416,incremental Python allocations via tracemalloc,1000,log operations,995,True,,3.14.3,Windows-11-10.0.26200-SP0,
7048cc1674dc4038a8e42c87818b9088,2026-08-24T01:33:43.841133+00:00,evaluation,large-sparse,Chronos-H,ok,measured,3,20270825,100000,10,100,spread,32,a74710e5f8cf1f176718c5b779baddb57dfd2a56d514d69f91c85cf401b0c83d,hybrid,log,4096,4687.3076,126.51939999999999,3.5775,20.0213,36126720,81061416,incremental Python allocations via tracemalloc,1000,log operations,995,True,,3.14.3,Windows-11-10.0.26200-SP0,
7048cc1674dc4038a8e42c87818b9088,2026-08-24T01:33:50.907526+00:00,evaluation,large-sparse,Chronos-H,ok,measured,4,20270825,100000,10,100,spread,32,a74710e5f8cf1f176718c5b779baddb57dfd2a56d514d69f91c85cf401b0c83d,hybrid,log,4096,4818.3684,129.70895,3.1986,24.3397,36151296,81061416,incremental Python allocations via tracemalloc,1000,log operations,995,True,,3.14.3,Windows-11-10.0.26200-SP0,
7048cc1674dc4038a8e42c87818b9088,2026-08-24T01:33:58.110203+00:00,evaluation,large-sparse,Chronos-H,ok,measured,5,20270825,100000,10,100,spread,32,a74710e5f8cf1f176718c5b779baddb57dfd2a56d514d69f91c85cf401b0c83d,hybrid,log,4096,5154.7872,121.5146,2.6957,17.4571,36126720,81061416,incremental Python allocations via tracemalloc,1000,log operations,995,True,,3.14.3,Windows-11-10.0.26200-SP0,
7048cc1674dc4038a8e42c87818b9088,2026-08-24T01:34:04.897475+00:00,evaluation,large-sparse,Chronos-H,ok,measured,6,20270825,100000,10,100,spread,32,a74710e5f8cf1f176718c5b779baddb57dfd2a56d514d69f91c85cf401b0c83d,hybrid,log,4096,4744.5372,127.059,3.1264,20.6142,36139008,81061416,incremental Python allocations via tracemalloc,1000,log operations,995,True,,3.14.3,Windows-11-10.0.26200-SP0,
7048cc1674dc4038a8e42c87818b9088,2026-08-24T01:34:11.946647+00:00,evaluation,large-sparse,Chronos-H,ok,measured,7,20270825,100000,10,100,spread,32,a74710e5f8cf1f176718c5b779baddb57dfd2a56d514d69f91c85cf401b0c83d,hybrid,log,4096,4970.5933,132.66905,3.0817,17.4218,36167680,81061416,incremental Python allocations via tracemalloc,1000,log operations,995,True,,3.14.3,Windows-11-10.0.26200-SP0,
7048cc1674dc4038a8e42c87818b9088,2026-08-24T01:34:22.229652+00:00,evaluation,large-sparse,Dolt,ok,warmup,1,20270825,100000,10,100,spread,32,a74710e5f8cf1f176718c5b779baddb57dfd2a56d514d69f91c85cf401b0c83d,dolt-native,dolt-native,4096,1661.0544,628.19865,171.5724,723.0477,8821351,,unavailable (install psutil),,not exposed by Dolt CLI,995,True,,3.14.3,Windows-11-10.0.26200-SP0,dolt version 2.3.1
7048cc1674dc4038a8e42c87818b9088,2026-08-24T01:34:32.439998+00:00,evaluation,large-sparse,Dolt,ok,warmup,2,20270825,100000,10,100,spread,32,a74710e5f8cf1f176718c5b779baddb57dfd2a56d514d69f91c85cf401b0c83d,dolt-native,dolt-native,4096,1681.1892,627.6025999999999,184.342,739.2981,8822197,,unavailable (install psutil),,not exposed by Dolt CLI,995,True,,3.14.3,Windows-11-10.0.26200-SP0,dolt version 2.3.1
7048cc1674dc4038a8e42c87818b9088,2026-08-24T01:34:42.736582+00:00,evaluation,large-sparse,Dolt,ok,measured,1,20270825,100000,10,100,spread,32,a74710e5f8cf1f176718c5b779baddb57dfd2a56d514d69f91c85cf401b0c83d,dolt-native,dolt-native,4096,1850.1478,633.6098,209.8352,716.0566,8820266,,unavailable (install psutil),,not exposed by Dolt CLI,995,True,,3.14.3,Windows-11-10.0.26200-SP0,dolt version 2.3.1
7048cc1674dc4038a8e42c87818b9088,2026-08-24T01:34:52.956137+00:00,evaluation,large-sparse,Dolt,ok,measured,2,20270825,100000,10,100,spread,32,a74710e5f8cf1f176718c5b779baddb57dfd2a56d514d69f91c85cf401b0c83d,dolt-native,dolt-native,4096,1704.8316,629.7241,192.4964,769.667,8821482,,unavailable (install psutil),,not exposed by Dolt CLI,995,True,,3.14.3,Windows-11-10.0.26200-SP0,dolt version 2.3.1
7048cc1674dc4038a8e42c87818b9088,2026-08-24T01:35:03.211139+00:00,evaluation,large-sparse,Dolt,ok,measured,3,20270825,100000,10,100,spread,32,a74710e5f8cf1f176718c5b779baddb57dfd2a56d514d69f91c85cf401b0c83d,dolt-native,dolt-native,4096,1691.2141,647.4563499999999,175.494,756.9274,8821287,,unavailable (install psutil),,not exposed by Dolt CLI,995,True,,3.14.3,Windows-11-10.0.26200-SP0,dolt version 2.3.1
7048cc1674dc4038a8e42c87818b9088,2026-08-24T01:35:13.521505+00:00,evaluation,large-sparse,Dolt,ok,measured,4,20270825,100000,10,100,spread,32,a74710e5f8cf1f176718c5b779baddb57dfd2a56d514d69f91c85cf401b0c83d,dolt-native,dolt-native,4096,1686.605,634.1514500000001,183.666,751.1254,8820783,,unavailable (install psutil),,not exposed by Dolt CLI,995,True,,3.14.3,Windows-11-10.0.26200-SP0,dolt version 2.3.1
7048cc1674dc4038a8e42c87818b9088,2026-08-24T01:35:23.769640+00:00,evaluation,large-sparse,Dolt,ok,measured,5,20270825,100000,10,100,spread,32,a74710e5f8cf1f176718c5b779baddb57dfd2a56d514d69f91c85cf401b0c83d,dolt-native,dolt-native,4096,1682.7667,650.4177,180.77,692.8351,8820285,,unavailable (install psutil),,not exposed by Dolt CLI,995,True,,3.14.3,Windows-11-10.0.26200-SP0,dolt version 2.3.1
7048cc1674dc4038a8e42c87818b9088,2026-08-24T01:35:34.083099+00:00,evaluation,large-sparse,Dolt,ok,measured,6,20270825,100000,10,100,spread,32,a74710e5f8cf1f176718c5b779baddb57dfd2a56d514d69f91c85cf401b0c83d,dolt-native,dolt-native,4096,1772.7359,650.8187,171.9151,688.7017,8820659,,unavailable (install psutil),,not exposed by Dolt CLI,995,True,,3.14.3,Windows-11-10.0.26200-SP0,dolt version 2.3.1
7048cc1674dc4038a8e42c87818b9088,2026-08-24T01:35:44.621891+00:00,evaluation,large-sparse,Dolt,ok,measured,7,20270825,100000,10,100,spread,32,a74710e5f8cf1f176718c5b779baddb57dfd2a56d514d69f91c85cf401b0c83d,dolt-native,dolt-native,4096,1812.7188,669.0442499999999,174.1383,692.2326,8821059,,unavailable (install psutil),,not exposed by Dolt CLI,995,True,,3.14.3,Windows-11-10.0.26200-SP0,dolt version 2.3.1
7048cc1674dc4038a8e42c87818b9088,2026-08-24T01:35:48.876400+00:00,evaluation,large-hot,Snapshot,ok,warmup,1,20270826,100000,10,100,hot,32,3c4c8d842d2ea99f124b6054107cce1a851fd9dcf95b7098f70748f6f3245882,full-scan,full-scan,4096,299.6308,296.61185,309.5206,90.6596,56100011,54064246,incremental Python allocations via tracemalloc,100010,keys,671,True,,3.14.3,Windows-11-10.0.26200-SP0,
7048cc1674dc4038a8e42c87818b9088,2026-08-24T01:35:52.890898+00:00,evaluation,large-hot,Snapshot,ok,warmup,2,20270826,100000,10,100,hot,32,3c4c8d842d2ea99f124b6054107cce1a851fd9dcf95b7098f70748f6f3245882,full-scan,full-scan,4096,305.8077,299.49815,298.3479,87.4725,56100011,54064246,incremental Python allocations via tracemalloc,100010,keys,671,True,,3.14.3,Windows-11-10.0.26200-SP0,
7048cc1674dc4038a8e42c87818b9088,2026-08-24T01:35:56.803963+00:00,evaluation,large-hot,Snapshot,ok,measured,1,20270826,100000,10,100,hot,32,3c4c8d842d2ea99f124b6054107cce1a851fd9dcf95b7098f70748f6f3245882,full-scan,full-scan,4096,304.2614,284.40145,292.7405,97.113,56100011,54064246,incremental Python allocations via tracemalloc,100010,keys,671,True,,3.14.3,Windows-11-10.0.26200-SP0,
7048cc1674dc4038a8e42c87818b9088,2026-08-24T01:36:00.821743+00:00,evaluation,large-hot,Snapshot,ok,measured,2,20270826,100000,10,100,hot,32,3c4c8d842d2ea99f124b6054107cce1a851fd9dcf95b7098f70748f6f3245882,full-scan,full-scan,4096,321.8075,287.33035,334.3962,116.6252,56100011,54064246,incremental Python allocations via tracemalloc,100010,keys,671,True,,3.14.3,Windows-11-10.0.26200-SP0,
7048cc1674dc4038a8e42c87818b9088,2026-08-24T01:36:04.816896+00:00,evaluation,large-hot,Snapshot,ok,measured,3,20270826,100000,10,100,hot,32,3c4c8d842d2ea99f124b6054107cce1a851fd9dcf95b7098f70748f6f3245882,full-scan,full-scan,4096,300.4576,291.86505,315.2176,113.5327,56100011,54064246,incremental Python allocations via tracemalloc,100010,keys,671,True,,3.14.3,Windows-11-10.0.26200-SP0,
7048cc1674dc4038a8e42c87818b9088,2026-08-24T01:36:08.840832+00:00,evaluation,large-hot,Snapshot,ok,measured,4,20270826,100000,10,100,hot,32,3c4c8d842d2ea99f124b6054107cce1a851fd9dcf95b7098f70748f6f3245882,full-scan,full-scan,4096,292.7828,293.53409999999997,316.537,93.6765,56100011,54064246,incremental Python allocations via tracemalloc,100010,keys,671,True,,3.14.3,Windows-11-10.0.26200-SP0,
7048cc1674dc4038a8e42c87818b9088,2026-08-24T01:36:12.822257+00:00,evaluation,large-hot,Snapshot,ok,measured,5,20270826,100000,10,100,hot,32,3c4c8d842d2ea99f124b6054107cce1a851fd9dcf95b7098f70748f6f3245882,full-scan,full-scan,4096,299.9031,294.29195000000004,292.9905,97.5469,56100011,54064246,incremental Python allocations via tracemalloc,100010,keys,671,True,,3.14.3,Windows-11-10.0.26200-SP0,
7048cc1674dc4038a8e42c87818b9088,2026-08-24T01:36:16.780807+00:00,evaluation,large-hot,Snapshot,ok,measured,6,20270826,100000,10,100,hot,32,3c4c8d842d2ea99f124b6054107cce1a851fd9dcf95b7098f70748f6f3245882,full-scan,full-scan,4096,308.1807,292.10130000000004,305.4285,112.3226,56100011,54064246,incremental Python allocations via tracemalloc,100010,keys,671,True,,3.14.3,Windows-11-10.0.26200-SP0,
7048cc1674dc4038a8e42c87818b9088,2026-08-24T01:36:20.889468+00:00,evaluation,large-hot,Snapshot,ok,measured,7,20270826,100000,10,100,hot,32,3c4c8d842d2ea99f124b6054107cce1a851fd9dcf95b7098f70748f6f3245882,full-scan,full-scan,4096,310.9088,301.9127,351.3983,103.0362,56100011,54064246,incremental Python allocations via tracemalloc,100010,keys,671,True,,3.14.3,Windows-11-10.0.26200-SP0,
7048cc1674dc4038a8e42c87818b9088,2026-08-24T01:36:21.677436+00:00,evaluation,large-hot,Log-only,ok,warmup,1,20270826,100000,10,100,hot,32,3c4c8d842d2ea99f124b6054107cce1a851fd9dcf95b7098f70748f6f3245882,operation-log,operation-log,4096,308.1233,4.2555499999999995,5.4724,100.2268,5241683,25943108,incremental Python allocations via tracemalloc,1000,operations,671,True,,3.14.3,Windows-11-10.0.26200-SP0,
7048cc1674dc4038a8e42c87818b9088,2026-08-24T01:36:22.420366+00:00,evaluation,large-hot,Log-only,ok,warmup,2,20270826,100000,10,100,hot,32,3c4c8d842d2ea99f124b6054107cce1a851fd9dcf95b7098f70748f6f3245882,operation-log,operation-log,4096,305.284,4.1408000000000005,4.9285,97.485,5241683,25943108,incremental Python allocations via tracemalloc,1000,operations,671,True,,3.14.3,Windows-11-10.0.26200-SP0,
7048cc1674dc4038a8e42c87818b9088,2026-08-24T01:36:23.164748+00:00,evaluation,large-hot,Log-only,ok,measured,1,20270826,100000,10,100,hot,32,3c4c8d842d2ea99f124b6054107cce1a851fd9dcf95b7098f70748f6f3245882,operation-log,operation-log,4096,300.1562,4.22855,4.1635,106.1559,5241683,25943108,incremental Python allocations via tracemalloc,1000,operations,671,True,,3.14.3,Windows-11-10.0.26200-SP0,
7048cc1674dc4038a8e42c87818b9088,2026-08-24T01:36:23.905165+00:00,evaluation,large-hot,Log-only,ok,measured,2,20270826,100000,10,100,hot,32,3c4c8d842d2ea99f124b6054107cce1a851fd9dcf95b7098f70748f6f3245882,operation-log,operation-log,4096,291.4596,4.381399999999999,4.907,98.7843,5241683,25943108,incremental Python allocations via tracemalloc,1000,operations,671,True,,3.14.3,Windows-11-10.0.26200-SP0,
7048cc1674dc4038a8e42c87818b9088,2026-08-24T01:36:24.706494+00:00,evaluation,large-hot,Log-only,ok,measured,3,20270826,100000,10,100,hot,32,3c4c8d842d2ea99f124b6054107cce1a851fd9dcf95b7098f70748f6f3245882,operation-log,operation-log,4096,310.6164,4.035,4.6828,109.5964,5241683,25943108,incremental Python allocations via tracemalloc,1000,operations,671,True,,3.14.3,Windows-11-10.0.26200-SP0,
7048cc1674dc4038a8e42c87818b9088,2026-08-24T01:36:25.501489+00:00,evaluation,large-hot,Log-only,ok,measured,4,20270826,100000,10,100,hot,32,3c4c8d842d2ea99f124b6054107cce1a851fd9dcf95b7098f70748f6f3245882,operation-log,operation-log,4096,310.4371,4.2545,4.5264,110.1084,5241683,25943108,incremental Python allocations via tracemalloc,1000,operations,671,True,,3.14.3,Windows-11-10.0.26200-SP0,
7048cc1674dc4038a8e42c87818b9088,2026-08-24T01:36:26.228398+00:00,evaluation,large-hot,Log-only,ok,measured,5,20270826,100000,10,100,hot,32,3c4c8d842d2ea99f124b6054107cce1a851fd9dcf95b7098f70748f6f3245882,operation-log,operation-log,4096,277.6897,4.1831499999999995,4.9003,107.2383,5241683,25943108,incremental Python allocations via tracemalloc,1000,operations,671,True,,3.14.3,Windows-11-10.0.26200-SP0,
7048cc1674dc4038a8e42c87818b9088,2026-08-24T01:36:26.973247+00:00,evaluation,large-hot,Log-only,ok,measured,6,20270826,100000,10,100,hot,32,3c4c8d842d2ea99f124b6054107cce1a851fd9dcf95b7098f70748f6f3245882,operation-log,operation-log,4096,301.7301,4.1107,4.7139,95.3565,5241683,25943108,incremental Python allocations via tracemalloc,1000,operations,671,True,,3.14.3,Windows-11-10.0.26200-SP0,
7048cc1674dc4038a8e42c87818b9088,2026-08-24T01:36:27.704718+00:00,evaluation,large-hot,Log-only,ok,measured,7,20270826,100000,10,100,hot,32,3c4c8d842d2ea99f124b6054107cce1a851fd9dcf95b7098f70748f6f3245882,operation-log,operation-log,4096,295.5484,4.103249999999999,4.6815,98.0139,5241683,25943108,incremental Python allocations via tracemalloc,1000,operations,671,True,,3.14.3,Windows-11-10.0.26200-SP0,
7048cc1674dc4038a8e42c87818b9088,2026-08-24T01:36:34.432233+00:00,evaluation,large-hot,Chronos-M (forced Merkle),ok,warmup,1,20270826,100000,10,100,hot,32,3c4c8d842d2ea99f124b6054107cce1a851fd9dcf95b7098f70748f6f3245882,merkle,merkle,4096,4731.3262,125.35034999999999,19.8094,17.3304,36098048,81061444,incremental Python allocations via tracemalloc,3489,tree node pairs,671,True,,3.14.3,Windows-11-10.0.26200-SP0,
7048cc1674dc4038a8e42c87818b9088,2026-08-24T01:36:42.012121+00:00,evaluation,large-hot,Chronos-M (forced Merkle),ok,warmup,2,20270826,100000,10,100,hot,32,3c4c8d842d2ea99f124b6054107cce1a851fd9dcf95b7098f70748f6f3245882,merkle,merkle,4096,4711.9966,128.52185,20.6365,21.4019,36106240,81061416,incremental Python allocations via tracemalloc,3489,tree node pairs,671,True,,3.14.3,Windows-11-10.0.26200-SP0,
7048cc1674dc4038a8e42c87818b9088,2026-08-24T01:36:48.841118+00:00,evaluation,large-hot,Chronos-M (forced Merkle),ok,measured,1,20270826,100000,10,100,hot,32,3c4c8d842d2ea99f124b6054107cce1a851fd9dcf95b7098f70748f6f3245882,merkle,merkle,4096,4750.1278,122.86365,19.3459,18.3867,36106240,81061416,incremental Python allocations via tracemalloc,3489,tree node pairs,671,True,,3.14.3,Windows-11-10.0.26200-SP0,
7048cc1674dc4038a8e42c87818b9088,2026-08-24T01:36:55.677866+00:00,evaluation,large-hot,Chronos-M (forced Merkle),ok,measured,2,20270826,100000,10,100,hot,32,3c4c8d842d2ea99f124b6054107cce1a851fd9dcf95b7098f70748f6f3245882,merkle,merkle,4096,4752.5663,124.59514999999999,20.6464,20.9237,36093952,81061416,incremental Python allocations via tracemalloc,3489,tree node pairs,671,True,,3.14.3,Windows-11-10.0.26200-SP0,
7048cc1674dc4038a8e42c87818b9088,2026-08-24T01:37:02.451696+00:00,evaluation,large-hot,Chronos-M (forced Merkle),ok,measured,3,20270826,100000,10,100,hot,32,3c4c8d842d2ea99f124b6054107cce1a851fd9dcf95b7098f70748f6f3245882,merkle,merkle,4096,4692.9928,126.54814999999999,21.1929,24.2444,36110336,81061416,incremental Python allocations via tracemalloc,3489,tree node pairs,671,True,,3.14.3,Windows-11-10.0.26200-SP0,
7048cc1674dc4038a8e42c87818b9088,2026-08-24T01:37:09.257301+00:00,evaluation,large-hot,Chronos-M (forced Merkle),ok,measured,4,20270826,100000,10,100,hot,32,3c4c8d842d2ea99f124b6054107cce1a851fd9dcf95b7098f70748f6f3245882,merkle,merkle,4096,4743.5146,124.76474999999999,19.8123,17.5932,36130816,81061416,incremental Python allocations via tracemalloc,3489,tree node pairs,671,True,,3.14.3,Windows-11-10.0.26200-SP0,
7048cc1674dc4038a8e42c87818b9088,2026-08-24T01:37:16.043907+00:00,evaluation,large-hot,Chronos-M (forced Merkle),ok,measured,5,20270826,100000,10,100,hot,32,3c4c8d842d2ea99f124b6054107cce1a851fd9dcf95b7098f70748f6f3245882,merkle,merkle,4096,4709.9844,125.80430000000001,22.3746,18.1178,36114432,81061416,incremental Python allocations via tracemalloc,3489,tree node pairs,671,True,,3.14.3,Windows-11-10.0.26200-SP0,
7048cc1674dc4038a8e42c87818b9088,2026-08-24T01:37:22.831340+00:00,evaluation,large-hot,Chronos-M (forced Merkle),ok,measured,6,20270826,100000,10,100,hot,32,3c4c8d842d2ea99f124b6054107cce1a851fd9dcf95b7098f70748f6f3245882,merkle,merkle,4096,4739.2714,122.51705,19.9481,21.0243,36163584,81061416,incremental Python allocations via tracemalloc,3489,tree node pairs,671,True,,3.14.3,Windows-11-10.0.26200-SP0,
7048cc1674dc4038a8e42c87818b9088,2026-08-24T01:37:29.874274+00:00,evaluation,large-hot,Chronos-M (forced Merkle),ok,measured,7,20270826,100000,10,100,hot,32,3c4c8d842d2ea99f124b6054107cce1a851fd9dcf95b7098f70748f6f3245882,merkle,merkle,4096,4978.2717,124.22125,20.3478,19.9216,36106240,81061416,incremental Python allocations via tracemalloc,3489,tree node pairs,671,True,,3.14.3,Windows-11-10.0.26200-SP0,
7048cc1674dc4038a8e42c87818b9088,2026-08-24T01:37:36.948561+00:00,evaluation,large-hot,Chronos-H,ok,warmup,1,20270826,100000,10,100,hot,32,3c4c8d842d2ea99f124b6054107cce1a851fd9dcf95b7098f70748f6f3245882,hybrid,log,4096,4982.7787,127.78485,1.7566,18.017,36102144,81061416,incremental Python allocations via tracemalloc,1000,log operations,671,True,,3.14.3,Windows-11-10.0.26200-SP0,
7048cc1674dc4038a8e42c87818b9088,2026-08-24T01:37:43.817272+00:00,evaluation,large-hot,Chronos-H,ok,warmup,2,20270826,100000,10,100,hot,32,3c4c8d842d2ea99f124b6054107cce1a851fd9dcf95b7098f70748f6f3245882,hybrid,log,4096,4812.9344,127.1254,2.0196,20.8948,36126720,81061416,incremental Python allocations via tracemalloc,1000,log operations,671,True,,3.14.3,Windows-11-10.0.26200-SP0,
7048cc1674dc4038a8e42c87818b9088,2026-08-24T01:37:50.645579+00:00,evaluation,large-hot,Chronos-H,ok,measured,1,20270826,100000,10,100,hot,32,3c4c8d842d2ea99f124b6054107cce1a851fd9dcf95b7098f70748f6f3245882,hybrid,log,4096,4786.4087,126.396,2.0491,19.2807,36139008,81061416,incremental Python allocations via tracemalloc,1000,log operations,671,True,,3.14.3,Windows-11-10.0.26200-SP0,
7048cc1674dc4038a8e42c87818b9088,2026-08-24T01:37:57.444707+00:00,evaluation,large-hot,Chronos-H,ok,measured,2,20270826,100000,10,100,hot,32,3c4c8d842d2ea99f124b6054107cce1a851fd9dcf95b7098f70748f6f3245882,hybrid,log,4096,4729.239,123.27924999999999,2.0022,18.2344,36118528,81061416,incremental Python allocations via tracemalloc,1000,log operations,671,True,,3.14.3,Windows-11-10.0.26200-SP0,
7048cc1674dc4038a8e42c87818b9088,2026-08-24T01:38:04.259094+00:00,evaluation,large-hot,Chronos-H,ok,measured,3,20270826,100000,10,100,hot,32,3c4c8d842d2ea99f124b6054107cce1a851fd9dcf95b7098f70748f6f3245882,hybrid,log,4096,4730.7653,126.93015,2.0306,18.2882,36102144,81061416,incremental Python allocations via tracemalloc,1000,log operations,671,True,,3.14.3,Windows-11-10.0.26200-SP0,
7048cc1674dc4038a8e42c87818b9088,2026-08-24T01:38:11.034266+00:00,evaluation,large-hot,Chronos-H,ok,measured,4,20270826,100000,10,100,hot,32,3c4c8d842d2ea99f124b6054107cce1a851fd9dcf95b7098f70748f6f3245882,hybrid,log,4096,4732.6569,123.59264999999999,2.0257,21.3878,36118528,81061416,incremental Python allocations via tracemalloc,1000,log operations,671,True,,3.14.3,Windows-11-10.0.26200-SP0,
7048cc1674dc4038a8e42c87818b9088,2026-08-24T01:38:17.893407+00:00,evaluation,large-hot,Chronos-H,ok,measured,5,20270826,100000,10,100,hot,32,3c4c8d842d2ea99f124b6054107cce1a851fd9dcf95b7098f70748f6f3245882,hybrid,log,4096,4763.4605,121.92269999999999,2.0273,18.9212,36110336,81061416,incremental Python allocations via tracemalloc,1000,log operations,671,True,,3.14.3,Windows-11-10.0.26200-SP0,
7048cc1674dc4038a8e42c87818b9088,2026-08-24T01:38:24.794297+00:00,evaluation,large-hot,Chronos-H,ok,measured,6,20270826,100000,10,100,hot,32,3c4c8d842d2ea99f124b6054107cce1a851fd9dcf95b7098f70748f6f3245882,hybrid,log,4096,4791.393,128.1356,3.2329,20.8445,36110336,81061416,incremental Python allocations via tracemalloc,1000,log operations,671,True,,3.14.3,Windows-11-10.0.26200-SP0,
7048cc1674dc4038a8e42c87818b9088,2026-08-24T01:38:31.656526+00:00,evaluation,large-hot,Chronos-H,ok,measured,7,20270826,100000,10,100,hot,32,3c4c8d842d2ea99f124b6054107cce1a851fd9dcf95b7098f70748f6f3245882,hybrid,log,4096,4748.0921,126.81575000000001,2.0509,18.7999,36102144,81061416,incremental Python allocations via tracemalloc,1000,log operations,671,True,,3.14.3,Windows-11-10.0.26200-SP0,
7048cc1674dc4038a8e42c87818b9088,2026-08-24T01:38:42.245762+00:00,evaluation,large-hot,Dolt,ok,warmup,1,20270826,100000,10,100,hot,32,3c4c8d842d2ea99f124b6054107cce1a851fd9dcf95b7098f70748f6f3245882,dolt-native,dolt-native,4096,1614.9755,647.61675,168.8284,727.0485,5612979,,unavailable (install psutil),,not exposed by Dolt CLI,671,True,,3.14.3,Windows-11-10.0.26200-SP0,dolt version 2.3.1
7048cc1674dc4038a8e42c87818b9088,2026-08-24T01:38:52.573310+00:00,evaluation,large-hot,Dolt,ok,warmup,2,20270826,100000,10,100,hot,32,3c4c8d842d2ea99f124b6054107cce1a851fd9dcf95b7098f70748f6f3245882,dolt-native,dolt-native,4096,1795.1937,623.8968,190.9117,694.1176,5615291,,unavailable (install psutil),,not exposed by Dolt CLI,671,True,,3.14.3,Windows-11-10.0.26200-SP0,dolt version 2.3.1
7048cc1674dc4038a8e42c87818b9088,2026-08-24T01:39:02.744033+00:00,evaluation,large-hot,Dolt,ok,measured,1,20270826,100000,10,100,hot,32,3c4c8d842d2ea99f124b6054107cce1a851fd9dcf95b7098f70748f6f3245882,dolt-native,dolt-native,4096,1740.2775,627.9388,187.5737,731.5746,5612208,,unavailable (install psutil),,not exposed by Dolt CLI,671,True,,3.14.3,Windows-11-10.0.26200-SP0,dolt version 2.3.1
7048cc1674dc4038a8e42c87818b9088,2026-08-24T01:39:12.820681+00:00,evaluation,large-hot,Dolt,ok,measured,2,20270826,100000,10,100,hot,32,3c4c8d842d2ea99f124b6054107cce1a851fd9dcf95b7098f70748f6f3245882,dolt-native,dolt-native,4096,1759.5243,607.98375,182.4091,755.6994,5612948,,unavailable (install psutil),,not exposed by Dolt CLI,671,True,,3.14.3,Windows-11-10.0.26200-SP0,dolt version 2.3.1
7048cc1674dc4038a8e42c87818b9088,2026-08-24T01:39:23.291993+00:00,evaluation,large-hot,Dolt,ok,measured,3,20270826,100000,10,100,hot,32,3c4c8d842d2ea99f124b6054107cce1a851fd9dcf95b7098f70748f6f3245882,dolt-native,dolt-native,4096,1710.5112,690.69755,183.658,695.5429,5612640,,unavailable (install psutil),,not exposed by Dolt CLI,671,True,,3.14.3,Windows-11-10.0.26200-SP0,dolt version 2.3.1
7048cc1674dc4038a8e42c87818b9088,2026-08-24T01:39:33.397909+00:00,evaluation,large-hot,Dolt,ok,measured,4,20270826,100000,10,100,hot,32,3c4c8d842d2ea99f124b6054107cce1a851fd9dcf95b7098f70748f6f3245882,dolt-native,dolt-native,4096,1738.6693,618.473,174.2413,739.3651,5612115,,unavailable (install psutil),,not exposed by Dolt CLI,671,True,,3.14.3,Windows-11-10.0.26200-SP0,dolt version 2.3.1
7048cc1674dc4038a8e42c87818b9088,2026-08-24T01:39:43.956940+00:00,evaluation,large-hot,Dolt,ok,measured,5,20270826,100000,10,100,hot,32,3c4c8d842d2ea99f124b6054107cce1a851fd9dcf95b7098f70748f6f3245882,dolt-native,dolt-native,4096,1672.9049,662.86245,218.7592,745.6325,5612484,,unavailable (install psutil),,not exposed by Dolt CLI,671,True,,3.14.3,Windows-11-10.0.26200-SP0,dolt version 2.3.1
7048cc1674dc4038a8e42c87818b9088,2026-08-24T01:39:54.354339+00:00,evaluation,large-hot,Dolt,ok,measured,6,20270826,100000,10,100,hot,32,3c4c8d842d2ea99f124b6054107cce1a851fd9dcf95b7098f70748f6f3245882,dolt-native,dolt-native,4096,1782.5113,644.9473,176.3672,764.7306,5612789,,unavailable (install psutil),,not exposed by Dolt CLI,671,True,,3.14.3,Windows-11-10.0.26200-SP0,dolt version 2.3.1
7048cc1674dc4038a8e42c87818b9088,2026-08-24T01:40:04.608999+00:00,evaluation,large-hot,Dolt,ok,measured,7,20270826,100000,10,100,hot,32,3c4c8d842d2ea99f124b6054107cce1a851fd9dcf95b7098f70748f6f3245882,dolt-native,dolt-native,4096,1709.1737,643.6076,169.5566,761.7332,5613174,,unavailable (install psutil),,not exposed by Dolt CLI,671,True,,3.14.3,Windows-11-10.0.26200-SP0,dolt version 2.3.1
