run_id,timestamp_utc,phase,scenario,model,status,trial_kind,trial,seed,rows,commits,changes_per_commit,locality,payload_bytes,workload_sha256,strategy_requested,strategy_selected,hybrid_threshold,initial_import_ms,incremental_commit_ms,diff_ms,checkout_ms,storage_bytes,peak_memory_bytes,memory_method,work_examined,work_unit,changed_keys,correctness,notes,python_version,platform,dolt_version
7b7f117bed93430da1e1060d0727f7dc,2026-09-22T22:18:48.909749+00:00,calibration,calibration-c1,Revon-log calibration,ok,warmup,1,20260822,10000,4,1,spread,32,bbb013782fb23e93e848ca04036af792b8c3863430dfc1d4e6ef4135df4db3e5,log,log,0,1256.0959,20.98625,0.2055,12.6057,2621440,9864107,incremental Python allocations via tracemalloc,4,log operations,4,True,,3.12.14,Windows-11-10.0.26200-SP0,
7b7f117bed93430da1e1060d0727f7dc,2026-09-22T22:18:51.051086+00:00,calibration,calibration-c1,Revon-log calibration,ok,warmup,2,20260822,10000,4,1,spread,32,bbb013782fb23e93e848ca04036af792b8c3863430dfc1d4e6ef4135df4db3e5,log,log,0,1601.8699,15.1051,0.1283,7.621,2621440,9861539,incremental Python allocations via tracemalloc,4,log operations,4,True,,3.12.14,Windows-11-10.0.26200-SP0,
7b7f117bed93430da1e1060d0727f7dc,2026-09-22T22:18:52.663844+00:00,calibration,calibration-c1,Revon-log calibration,ok,measured,1,20260822,10000,4,1,spread,32,bbb013782fb23e93e848ca04036af792b8c3863430dfc1d4e6ef4135df4db3e5,log,log,0,1420.0987,13.69095,0.1024,7.1751,2629632,9861539,incremental Python allocations via tracemalloc,4,log operations,4,True,,3.12.14,Windows-11-10.0.26200-SP0,
7b7f117bed93430da1e1060d0727f7dc,2026-09-22T22:18:54.314963+00:00,calibration,calibration-c1,Revon-log calibration,ok,measured,2,20260822,10000,4,1,spread,32,bbb013782fb23e93e848ca04036af792b8c3863430dfc1d4e6ef4135df4db3e5,log,log,0,1453.0933,14.061350000000001,0.1173,7.7716,2633728,9861539,incremental Python allocations via tracemalloc,4,log operations,4,True,,3.12.14,Windows-11-10.0.26200-SP0,
7b7f117bed93430da1e1060d0727f7dc,2026-09-22T22:18:55.988694+00:00,calibration,calibration-c1,Revon-log calibration,ok,measured,3,20260822,10000,4,1,spread,32,bbb013782fb23e93e848ca04036af792b8c3863430dfc1d4e6ef4135df4db3e5,log,log,0,1477.6647,13.9072,0.1257,7.0626,2633728,9861539,incremental Python allocations via tracemalloc,4,log operations,4,True,,3.12.14,Windows-11-10.0.26200-SP0,
7b7f117bed93430da1e1060d0727f7dc,2026-09-22T22:18:57.621844+00:00,calibration,calibration-c1,Revon-log calibration,ok,measured,4,20260822,10000,4,1,spread,32,bbb013782fb23e93e848ca04036af792b8c3863430dfc1d4e6ef4135df4db3e5,log,log,0,1435.078,14.407,0.145,8.0595,2621440,9861539,incremental Python allocations via tracemalloc,4,log operations,4,True,,3.12.14,Windows-11-10.0.26200-SP0,
7b7f117bed93430da1e1060d0727f7dc,2026-09-22T22:18:59.370188+00:00,calibration,calibration-c1,Revon-log calibration,ok,measured,5,20260822,10000,4,1,spread,32,bbb013782fb23e93e848ca04036af792b8c3863430dfc1d4e6ef4135df4db3e5,log,log,0,1535.7338,15.1716,0.1399,7.6418,2617344,9861539,incremental Python allocations via tracemalloc,4,log operations,4,True,,3.12.14,Windows-11-10.0.26200-SP0,
7b7f117bed93430da1e1060d0727f7dc,2026-09-22T22:19:01.439930+00:00,calibration,calibration-c1,Revon-log calibration,ok,measured,6,20260822,10000,4,1,spread,32,bbb013782fb23e93e848ca04036af792b8c3863430dfc1d4e6ef4135df4db3e5,log,log,0,1818.8176,17.729950000000002,0.1263,9.2102,2629632,9861539,incremental Python allocations via tracemalloc,4,log operations,4,True,,3.12.14,Windows-11-10.0.26200-SP0,
7b7f117bed93430da1e1060d0727f7dc,2026-09-22T22:19:04.012232+00:00,calibration,calibration-c1,Revon-log calibration,ok,measured,7,20260822,10000,4,1,spread,32,bbb013782fb23e93e848ca04036af792b8c3863430dfc1d4e6ef4135df4db3e5,log,log,0,2264.6844,18.1637,0.1622,13.7611,2617344,9861539,incremental Python allocations via tracemalloc,4,log operations,4,True,,3.12.14,Windows-11-10.0.26200-SP0,
7b7f117bed93430da1e1060d0727f7dc,2026-09-22T22:19:06.302149+00:00,calibration,calibration-c1,Revon-M (forced Merkle),ok,warmup,1,20260822,10000,4,1,spread,32,bbb013782fb23e93e848ca04036af792b8c3863430dfc1d4e6ef4135df4db3e5,merkle,merkle,0,1976.4124,23.31135,1.1244,13.1806,2617344,9861539,incremental Python allocations via tracemalloc,104,tree node pairs,4,True,,3.12.14,Windows-11-10.0.26200-SP0,
7b7f117bed93430da1e1060d0727f7dc,2026-09-22T22:19:08.639805+00:00,calibration,calibration-c1,Revon-M (forced Merkle),ok,warmup,2,20260822,10000,4,1,spread,32,bbb013782fb23e93e848ca04036af792b8c3863430dfc1d4e6ef4135df4db3e5,merkle,merkle,0,2102.1953,15.19555,0.5995,7.3129,2625536,9861539,incremental Python allocations via tracemalloc,104,tree node pairs,4,True,,3.12.14,Windows-11-10.0.26200-SP0,
7b7f117bed93430da1e1060d0727f7dc,2026-09-22T22:19:10.289800+00:00,calibration,calibration-c1,Revon-M (forced Merkle),ok,measured,1,20260822,10000,4,1,spread,32,bbb013782fb23e93e848ca04036af792b8c3863430dfc1d4e6ef4135df4db3e5,merkle,merkle,0,1434.5987,16.0393,0.6602,7.585,2621440,9861539,incremental Python allocations via tracemalloc,104,tree node pairs,4,True,,3.12.14,Windows-11-10.0.26200-SP0,
7b7f117bed93430da1e1060d0727f7dc,2026-09-22T22:19:12.002629+00:00,calibration,calibration-c1,Revon-M (forced Merkle),ok,measured,2,20260822,10000,4,1,spread,32,bbb013782fb23e93e848ca04036af792b8c3863430dfc1d4e6ef4135df4db3e5,merkle,merkle,0,1474.3206,16.08275,0.8209,8.8365,2617344,9861539,incremental Python allocations via tracemalloc,104,tree node pairs,4,True,,3.12.14,Windows-11-10.0.26200-SP0,
7b7f117bed93430da1e1060d0727f7dc,2026-09-22T22:19:13.863175+00:00,calibration,calibration-c1,Revon-M (forced Merkle),ok,measured,3,20260822,10000,4,1,spread,32,bbb013782fb23e93e848ca04036af792b8c3863430dfc1d4e6ef4135df4db3e5,merkle,merkle,0,1621.7535,17.1695,0.6507,8.6459,2621440,9861539,incremental Python allocations via tracemalloc,104,tree node pairs,4,True,,3.12.14,Windows-11-10.0.26200-SP0,
7b7f117bed93430da1e1060d0727f7dc,2026-09-22T22:19:15.667180+00:00,calibration,calibration-c1,Revon-M (forced Merkle),ok,measured,4,20260822,10000,4,1,spread,32,bbb013782fb23e93e848ca04036af792b8c3863430dfc1d4e6ef4135df4db3e5,merkle,merkle,0,1588.2389,14.8476,0.5288,7.7723,2621440,9861539,incremental Python allocations via tracemalloc,104,tree node pairs,4,True,,3.12.14,Windows-11-10.0.26200-SP0,
7b7f117bed93430da1e1060d0727f7dc,2026-09-22T22:19:17.278338+00:00,calibration,calibration-c1,Revon-M (forced Merkle),ok,measured,5,20260822,10000,4,1,spread,32,bbb013782fb23e93e848ca04036af792b8c3863430dfc1d4e6ef4135df4db3e5,merkle,merkle,0,1422.3744,14.3413,0.5589,6.4783,2633728,9861539,incremental Python allocations via tracemalloc,104,tree node pairs,4,True,,3.12.14,Windows-11-10.0.26200-SP0,
7b7f117bed93430da1e1060d0727f7dc,2026-09-22T22:19:19.181184+00:00,calibration,calibration-c1,Revon-M (forced Merkle),ok,measured,6,20260822,10000,4,1,spread,32,bbb013782fb23e93e848ca04036af792b8c3863430dfc1d4e6ef4135df4db3e5,merkle,merkle,0,1671.892,17.4908,0.7655,11.1173,2621440,9861539,incremental Python allocations via tracemalloc,104,tree node pairs,4,True,,3.12.14,Windows-11-10.0.26200-SP0,
7b7f117bed93430da1e1060d0727f7dc,2026-09-22T22:19:21.118737+00:00,calibration,calibration-c1,Revon-M (forced Merkle),ok,measured,7,20260822,10000,4,1,spread,32,bbb013782fb23e93e848ca04036af792b8c3863430dfc1d4e6ef4135df4db3e5,merkle,merkle,0,1688.0332,16.0232,0.7982,11.4465,2625536,9861539,incremental Python allocations via tracemalloc,104,tree node pairs,4,True,,3.12.14,Windows-11-10.0.26200-SP0,
7b7f117bed93430da1e1060d0727f7dc,2026-09-22T22:19:22.911588+00:00,calibration,calibration-c4,Revon-log calibration,ok,warmup,1,20260823,10000,4,4,spread,32,c95352c92bb8395bb3542492372581739e11b3dc09d53484c45b4e637edffc0f,log,log,0,1480.2699,24.477249999999998,0.2181,8.1267,2719744,9861539,incremental Python allocations via tracemalloc,16,log operations,16,True,,3.12.14,Windows-11-10.0.26200-SP0,
7b7f117bed93430da1e1060d0727f7dc,2026-09-22T22:19:24.828175+00:00,calibration,calibration-c4,Revon-log calibration,ok,warmup,2,20260823,10000,4,4,spread,32,c95352c92bb8395bb3542492372581739e11b3dc09d53484c45b4e637edffc0f,log,log,0,1657.592,24.850450000000002,0.23,8.4816,2723840,9861539,incremental Python allocations via tracemalloc,16,log operations,16,True,,3.12.14,Windows-11-10.0.26200-SP0,
7b7f117bed93430da1e1060d0727f7dc,2026-09-22T22:19:26.941281+00:00,calibration,calibration-c4,Revon-log calibration,ok,measured,1,20260823,10000,4,4,spread,32,c95352c92bb8395bb3542492372581739e11b3dc09d53484c45b4e637edffc0f,log,log,0,1877.092,21.7282,0.1782,7.6397,2719744,9861539,incremental Python allocations via tracemalloc,16,log operations,16,True,,3.12.14,Windows-11-10.0.26200-SP0,
7b7f117bed93430da1e1060d0727f7dc,2026-09-22T22:19:28.912601+00:00,calibration,calibration-c4,Revon-log calibration,ok,measured,2,20260823,10000,4,4,spread,32,c95352c92bb8395bb3542492372581739e11b3dc09d53484c45b4e637edffc0f,log,log,0,1754.3283,20.923000000000002,0.1631,6.2485,2719744,9861539,incremental Python allocations via tracemalloc,16,log operations,16,True,,3.12.14,Windows-11-10.0.26200-SP0,
7b7f117bed93430da1e1060d0727f7dc,2026-09-22T22:19:30.558731+00:00,calibration,calibration-c4,Revon-log calibration,ok,measured,3,20260823,10000,4,4,spread,32,c95352c92bb8395bb3542492372581739e11b3dc09d53484c45b4e637edffc0f,log,log,0,1422.5773,21.640749999999997,0.1712,8.9315,2727936,9861539,incremental Python allocations via tracemalloc,16,log operations,16,True,,3.12.14,Windows-11-10.0.26200-SP0,
7b7f117bed93430da1e1060d0727f7dc,2026-09-22T22:19:32.171047+00:00,calibration,calibration-c4,Revon-log calibration,ok,measured,4,20260823,10000,4,4,spread,32,c95352c92bb8395bb3542492372581739e11b3dc09d53484c45b4e637edffc0f,log,log,0,1369.6399,23.97585,0.2075,7.7007,2727936,9861539,incremental Python allocations via tracemalloc,16,log operations,16,True,,3.12.14,Windows-11-10.0.26200-SP0,
7b7f117bed93430da1e1060d0727f7dc,2026-09-22T22:19:34.157191+00:00,calibration,calibration-c4,Revon-log calibration,ok,measured,5,20260823,10000,4,4,spread,32,c95352c92bb8395bb3542492372581739e11b3dc09d53484c45b4e637edffc0f,log,log,0,1722.8108,26.540399999999998,0.2679,8.89,2719744,9861539,incremental Python allocations via tracemalloc,16,log operations,16,True,,3.12.14,Windows-11-10.0.26200-SP0,
7b7f117bed93430da1e1060d0727f7dc,2026-09-22T22:19:35.999258+00:00,calibration,calibration-c4,Revon-log calibration,ok,measured,6,20260823,10000,4,4,spread,32,c95352c92bb8395bb3542492372581739e11b3dc09d53484c45b4e637edffc0f,log,log,0,1595.8987,22.3401,0.1996,7.7887,2719744,9861539,incremental Python allocations via tracemalloc,16,log operations,16,True,,3.12.14,Windows-11-10.0.26200-SP0,
7b7f117bed93430da1e1060d0727f7dc,2026-09-22T22:19:38.148180+00:00,calibration,calibration-c4,Revon-log calibration,ok,measured,7,20260823,10000,4,4,spread,32,c95352c92bb8395bb3542492372581739e11b3dc09d53484c45b4e637edffc0f,log,log,0,1765.0846,35.6913,0.268,15.5653,2723840,9861539,incremental Python allocations via tracemalloc,16,log operations,16,True,,3.12.14,Windows-11-10.0.26200-SP0,
7b7f117bed93430da1e1060d0727f7dc,2026-09-22T22:19:40.856394+00:00,calibration,calibration-c4,Revon-M (forced Merkle),ok,warmup,1,20260823,10000,4,4,spread,32,c95352c92bb8395bb3542492372581739e11b3dc09d53484c45b4e637edffc0f,merkle,merkle,0,1509.3038,22.3614,1.4554,6.5782,2723840,9861539,incremental Python allocations via tracemalloc,289,tree node pairs,16,True,,3.12.14,Windows-11-10.0.26200-SP0,
7b7f117bed93430da1e1060d0727f7dc,2026-09-22T22:19:42.894485+00:00,calibration,calibration-c4,Revon-M (forced Merkle),ok,warmup,2,20260823,10000,4,4,spread,32,c95352c92bb8395bb3542492372581739e11b3dc09d53484c45b4e637edffc0f,merkle,merkle,0,1782.4701,24.45995,2.6622,9.2405,2723840,9861539,incremental Python allocations via tracemalloc,289,tree node pairs,16,True,,3.12.14,Windows-11-10.0.26200-SP0,
7b7f117bed93430da1e1060d0727f7dc,2026-09-22T22:19:44.635356+00:00,calibration,calibration-c4,Revon-M (forced Merkle),ok,measured,1,20260823,10000,4,4,spread,32,c95352c92bb8395bb3542492372581739e11b3dc09d53484c45b4e637edffc0f,merkle,merkle,0,1488.1247,23.952199999999998,1.6519,8.284,2723840,9861539,incremental Python allocations via tracemalloc,289,tree node pairs,16,True,,3.12.14,Windows-11-10.0.26200-SP0,
7b7f117bed93430da1e1060d0727f7dc,2026-09-22T22:19:46.804930+00:00,calibration,calibration-c4,Revon-M (forced Merkle),ok,measured,2,20260823,10000,4,4,spread,32,c95352c92bb8395bb3542492372581739e11b3dc09d53484c45b4e637edffc0f,merkle,merkle,0,1834.8942,31.591299999999997,1.9791,16.0669,2727936,9861539,incremental Python allocations via tracemalloc,289,tree node pairs,16,True,,3.12.14,Windows-11-10.0.26200-SP0,
7b7f117bed93430da1e1060d0727f7dc,2026-09-22T22:19:49.648668+00:00,calibration,calibration-c4,Revon-M (forced Merkle),ok,measured,3,20260823,10000,4,4,spread,32,c95352c92bb8395bb3542492372581739e11b3dc09d53484c45b4e637edffc0f,merkle,merkle,0,1708.8692,21.38745,1.6234,8.2688,2719744,9861539,incremental Python allocations via tracemalloc,289,tree node pairs,16,True,,3.12.14,Windows-11-10.0.26200-SP0,
7b7f117bed93430da1e1060d0727f7dc,2026-09-22T22:19:52.405788+00:00,calibration,calibration-c4,Revon-M (forced Merkle),ok,measured,4,20260823,10000,4,4,spread,32,c95352c92bb8395bb3542492372581739e11b3dc09d53484c45b4e637edffc0f,merkle,merkle,0,2381.6557,41.489900000000006,2.3445,14.3781,2723840,9861539,incremental Python allocations via tracemalloc,289,tree node pairs,16,True,,3.12.14,Windows-11-10.0.26200-SP0,
7b7f117bed93430da1e1060d0727f7dc,2026-09-22T22:19:54.707790+00:00,calibration,calibration-c4,Revon-M (forced Merkle),ok,measured,5,20260823,10000,4,4,spread,32,c95352c92bb8395bb3542492372581739e11b3dc09d53484c45b4e637edffc0f,merkle,merkle,0,1967.7856,27.82685,1.7815,8.3909,2732032,9861539,incremental Python allocations via tracemalloc,289,tree node pairs,16,True,,3.12.14,Windows-11-10.0.26200-SP0,
7b7f117bed93430da1e1060d0727f7dc,2026-09-22T22:19:56.617848+00:00,calibration,calibration-c4,Revon-M (forced Merkle),ok,measured,6,20260823,10000,4,4,spread,32,c95352c92bb8395bb3542492372581739e11b3dc09d53484c45b4e637edffc0f,merkle,merkle,0,1634.8876,28.1802,1.6266,8.6807,2727936,9861539,incremental Python allocations via tracemalloc,289,tree node pairs,16,True,,3.12.14,Windows-11-10.0.26200-SP0,
7b7f117bed93430da1e1060d0727f7dc,2026-09-22T22:19:58.625036+00:00,calibration,calibration-c4,Revon-M (forced Merkle),ok,measured,7,20260823,10000,4,4,spread,32,c95352c92bb8395bb3542492372581739e11b3dc09d53484c45b4e637edffc0f,merkle,merkle,0,1682.4548,26.303150000000002,2.0897,9.3869,2719744,9861539,incremental Python allocations via tracemalloc,289,tree node pairs,16,True,,3.12.14,Windows-11-10.0.26200-SP0,
7b7f117bed93430da1e1060d0727f7dc,2026-09-22T22:20:00.953740+00:00,calibration,calibration-c16,Revon-log calibration,ok,warmup,1,20260824,10000,4,16,spread,32,813d583e534cb953a3ffc9c536c0b901ae0b9d647909c4b21f11e00dab7f29bc,log,log,0,1870.6402,52.12925,0.52,8.5314,2887680,9861539,incremental Python allocations via tracemalloc,64,log operations,64,True,,3.12.14,Windows-11-10.0.26200-SP0,
7b7f117bed93430da1e1060d0727f7dc,2026-09-22T22:20:02.931198+00:00,calibration,calibration-c16,Revon-log calibration,ok,warmup,2,20260824,10000,4,16,spread,32,813d583e534cb953a3ffc9c536c0b901ae0b9d647909c4b21f11e00dab7f29bc,log,log,0,1621.6523,43.52935,0.6279,7.6189,2887680,9861539,incremental Python allocations via tracemalloc,64,log operations,64,True,,3.12.14,Windows-11-10.0.26200-SP0,
7b7f117bed93430da1e1060d0727f7dc,2026-09-22T22:20:05.362127+00:00,calibration,calibration-c16,Revon-log calibration,ok,measured,1,20260824,10000,4,16,spread,32,813d583e534cb953a3ffc9c536c0b901ae0b9d647909c4b21f11e00dab7f29bc,log,log,0,2087.5779,43.882999999999996,0.4837,7.9731,2887680,9861539,incremental Python allocations via tracemalloc,64,log operations,64,True,,3.12.14,Windows-11-10.0.26200-SP0,
7b7f117bed93430da1e1060d0727f7dc,2026-09-22T22:20:07.205922+00:00,calibration,calibration-c16,Revon-log calibration,ok,measured,2,20260824,10000,4,16,spread,32,813d583e534cb953a3ffc9c536c0b901ae0b9d647909c4b21f11e00dab7f29bc,log,log,0,1528.1936,38.634,0.432,7.1429,2895872,9861539,incremental Python allocations via tracemalloc,64,log operations,64,True,,3.12.14,Windows-11-10.0.26200-SP0,
7b7f117bed93430da1e1060d0727f7dc,2026-09-22T22:20:08.970164+00:00,calibration,calibration-c16,Revon-log calibration,ok,measured,3,20260824,10000,4,16,spread,32,813d583e534cb953a3ffc9c536c0b901ae0b9d647909c4b21f11e00dab7f29bc,log,log,0,1484.9386,37.0317,0.6765,6.1638,2899968,9861539,incremental Python allocations via tracemalloc,64,log operations,64,True,,3.12.14,Windows-11-10.0.26200-SP0,
7b7f117bed93430da1e1060d0727f7dc,2026-09-22T22:20:10.937659+00:00,calibration,calibration-c16,Revon-log calibration,ok,measured,4,20260824,10000,4,16,spread,32,813d583e534cb953a3ffc9c536c0b901ae0b9d647909c4b21f11e00dab7f29bc,log,log,0,1528.3318,62.9461,0.5225,10.8671,2895872,9861539,incremental Python allocations via tracemalloc,64,log operations,64,True,,3.12.14,Windows-11-10.0.26200-SP0,
7b7f117bed93430da1e1060d0727f7dc,2026-09-22T22:20:14.110664+00:00,calibration,calibration-c16,Revon-log calibration,ok,measured,5,20260824,10000,4,16,spread,32,813d583e534cb953a3ffc9c536c0b901ae0b9d647909c4b21f11e00dab7f29bc,log,log,0,2629.6859,76.2993,0.5583,10.337,2891776,9861539,incremental Python allocations via tracemalloc,64,log operations,64,True,,3.12.14,Windows-11-10.0.26200-SP0,
7b7f117bed93430da1e1060d0727f7dc,2026-09-22T22:20:16.196248+00:00,calibration,calibration-c16,Revon-log calibration,ok,measured,6,20260824,10000,4,16,spread,32,813d583e534cb953a3ffc9c536c0b901ae0b9d647909c4b21f11e00dab7f29bc,log,log,0,1745.5721,43.498149999999995,0.4158,7.0589,2899968,9861539,incremental Python allocations via tracemalloc,64,log operations,64,True,,3.12.14,Windows-11-10.0.26200-SP0,
7b7f117bed93430da1e1060d0727f7dc,2026-09-22T22:20:18.186843+00:00,calibration,calibration-c16,Revon-log calibration,ok,measured,7,20260824,10000,4,16,spread,32,813d583e534cb953a3ffc9c536c0b901ae0b9d647909c4b21f11e00dab7f29bc,log,log,0,1625.5438,43.86635,0.5963,12.7261,2883584,9861539,incremental Python allocations via tracemalloc,64,log operations,64,True,,3.12.14,Windows-11-10.0.26200-SP0,
7b7f117bed93430da1e1060d0727f7dc,2026-09-22T22:20:20.377347+00:00,calibration,calibration-c16,Revon-M (forced Merkle),ok,warmup,1,20260824,10000,4,16,spread,32,813d583e534cb953a3ffc9c536c0b901ae0b9d647909c4b21f11e00dab7f29bc,merkle,merkle,0,1827.2476,45.54155,5.6747,8.3174,2899968,9861539,incremental Python allocations via tracemalloc,812,tree node pairs,64,True,,3.12.14,Windows-11-10.0.26200-SP0,
7b7f117bed93430da1e1060d0727f7dc,2026-09-22T22:20:22.371056+00:00,calibration,calibration-c16,Revon-M (forced Merkle),ok,warmup,2,20260824,10000,4,16,spread,32,813d583e534cb953a3ffc9c536c0b901ae0b9d647909c4b21f11e00dab7f29bc,merkle,merkle,0,1662.2854,41.27575,5.3402,7.8842,2887680,9861539,incremental Python allocations via tracemalloc,812,tree node pairs,64,True,,3.12.14,Windows-11-10.0.26200-SP0,
7b7f117bed93430da1e1060d0727f7dc,2026-09-22T22:20:24.296301+00:00,calibration,calibration-c16,Revon-M (forced Merkle),ok,measured,1,20260824,10000,4,16,spread,32,813d583e534cb953a3ffc9c536c0b901ae0b9d647909c4b21f11e00dab7f29bc,merkle,merkle,0,1619.3451,38.2406,4.7105,8.3333,2891776,9861539,incremental Python allocations via tracemalloc,812,tree node pairs,64,True,,3.12.14,Windows-11-10.0.26200-SP0,
7b7f117bed93430da1e1060d0727f7dc,2026-09-22T22:20:26.533217+00:00,calibration,calibration-c16,Revon-M (forced Merkle),ok,measured,2,20260824,10000,4,16,spread,32,813d583e534cb953a3ffc9c536c0b901ae0b9d647909c4b21f11e00dab7f29bc,merkle,merkle,0,1895.4499,42.73155,5.3173,8.0882,2899968,9861539,incremental Python allocations via tracemalloc,812,tree node pairs,64,True,,3.12.14,Windows-11-10.0.26200-SP0,
7b7f117bed93430da1e1060d0727f7dc,2026-09-22T22:20:28.365966+00:00,calibration,calibration-c16,Revon-M (forced Merkle),ok,measured,3,20260824,10000,4,16,spread,32,813d583e534cb953a3ffc9c536c0b901ae0b9d647909c4b21f11e00dab7f29bc,merkle,merkle,0,1490.3972,43.406549999999996,5.9713,10.5538,2891776,9861539,incremental Python allocations via tracemalloc,812,tree node pairs,64,True,,3.12.14,Windows-11-10.0.26200-SP0,
7b7f117bed93430da1e1060d0727f7dc,2026-09-22T22:20:30.821224+00:00,calibration,calibration-c16,Revon-M (forced Merkle),ok,measured,4,20260824,10000,4,16,spread,32,813d583e534cb953a3ffc9c536c0b901ae0b9d647909c4b21f11e00dab7f29bc,merkle,merkle,0,1984.1251,62.5294,7.3014,11.313,2899968,9861539,incremental Python allocations via tracemalloc,812,tree node pairs,64,True,,3.12.14,Windows-11-10.0.26200-SP0,
7b7f117bed93430da1e1060d0727f7dc,2026-09-22T22:20:32.806402+00:00,calibration,calibration-c16,Revon-M (forced Merkle),ok,measured,5,20260824,10000,4,16,spread,32,813d583e534cb953a3ffc9c536c0b901ae0b9d647909c4b21f11e00dab7f29bc,merkle,merkle,0,1644.5375,40.1083,5.1731,8.3687,2891776,9861539,incremental Python allocations via tracemalloc,812,tree node pairs,64,True,,3.12.14,Windows-11-10.0.26200-SP0,
7b7f117bed93430da1e1060d0727f7dc,2026-09-22T22:20:34.853274+00:00,calibration,calibration-c16,Revon-M (forced Merkle),ok,measured,6,20260824,10000,4,16,spread,32,813d583e534cb953a3ffc9c536c0b901ae0b9d647909c4b21f11e00dab7f29bc,merkle,merkle,0,1734.5802,39.92575,4.7067,7.2753,2895872,9861539,incremental Python allocations via tracemalloc,812,tree node pairs,64,True,,3.12.14,Windows-11-10.0.26200-SP0,
7b7f117bed93430da1e1060d0727f7dc,2026-09-22T22:20:36.899490+00:00,calibration,calibration-c16,Revon-M (forced Merkle),ok,measured,7,20260824,10000,4,16,spread,32,813d583e534cb953a3ffc9c536c0b901ae0b9d647909c4b21f11e00dab7f29bc,merkle,merkle,0,1700.2618,42.14485,5.3376,7.3955,2891776,9861539,incremental Python allocations via tracemalloc,812,tree node pairs,64,True,,3.12.14,Windows-11-10.0.26200-SP0,
7b7f117bed93430da1e1060d0727f7dc,2026-09-22T22:20:40.121957+00:00,calibration,calibration-c64,Revon-log calibration,ok,warmup,1,20260825,10000,4,64,spread,32,9a38158292f473ea28015b96280016786a698df71330b20a4d808c0ec2ea179c,log,log,0,1855.1955,132.10345,3.0781,15.9053,3198976,9861539,incremental Python allocations via tracemalloc,256,log operations,256,True,,3.12.14,Windows-11-10.0.26200-SP0,
7b7f117bed93430da1e1060d0727f7dc,2026-09-22T22:20:43.323314+00:00,calibration,calibration-c64,Revon-log calibration,ok,warmup,2,20260825,10000,4,64,spread,32,9a38158292f473ea28015b96280016786a698df71330b20a4d808c0ec2ea179c,log,log,0,2271.1308,161.016,2.2696,11.343,3219456,9861539,incremental Python allocations via tracemalloc,256,log operations,256,True,,3.12.14,Windows-11-10.0.26200-SP0,
7b7f117bed93430da1e1060d0727f7dc,2026-09-22T22:20:46.845962+00:00,calibration,calibration-c64,Revon-log calibration,ok,measured,1,20260825,10000,4,64,spread,32,9a38158292f473ea28015b96280016786a698df71330b20a4d808c0ec2ea179c,log,log,0,2845.2994,113.62415,2.3576,9.1585,3203072,9861539,incremental Python allocations via tracemalloc,256,log operations,256,True,,3.12.14,Windows-11-10.0.26200-SP0,
7b7f117bed93430da1e1060d0727f7dc,2026-09-22T22:20:49.539611+00:00,calibration,calibration-c64,Revon-log calibration,ok,measured,2,20260825,10000,4,64,spread,32,9a38158292f473ea28015b96280016786a698df71330b20a4d808c0ec2ea179c,log,log,0,1960.1375,126.3547,2.4024,12.7833,3194880,9861539,incremental Python allocations via tracemalloc,256,log operations,256,True,,3.12.14,Windows-11-10.0.26200-SP0,
7b7f117bed93430da1e1060d0727f7dc,2026-09-22T22:20:52.456584+00:00,calibration,calibration-c64,Revon-log calibration,ok,measured,3,20260825,10000,4,64,spread,32,9a38158292f473ea28015b96280016786a698df71330b20a4d808c0ec2ea179c,log,log,0,2180.5381,114.17375,1.8508,11.0668,3211264,9861539,incremental Python allocations via tracemalloc,256,log operations,256,True,,3.12.14,Windows-11-10.0.26200-SP0,
7b7f117bed93430da1e1060d0727f7dc,2026-09-22T22:20:55.130932+00:00,calibration,calibration-c64,Revon-log calibration,ok,measured,4,20260825,10000,4,64,spread,32,9a38158292f473ea28015b96280016786a698df71330b20a4d808c0ec2ea179c,log,log,0,1954.3386,113.67535000000001,1.7486,16.5023,3207168,9861539,incremental Python allocations via tracemalloc,256,log operations,256,True,,3.12.14,Windows-11-10.0.26200-SP0,
7b7f117bed93430da1e1060d0727f7dc,2026-09-22T22:20:58.753757+00:00,calibration,calibration-c64,Revon-log calibration,ok,measured,5,20260825,10000,4,64,spread,32,9a38158292f473ea28015b96280016786a698df71330b20a4d808c0ec2ea179c,log,log,0,2298.6633,200.13465000000002,2.9268,16.7898,3207168,9861539,incremental Python allocations via tracemalloc,256,log operations,256,True,,3.12.14,Windows-11-10.0.26200-SP0,
7b7f117bed93430da1e1060d0727f7dc,2026-09-22T22:21:02.336524+00:00,calibration,calibration-c64,Revon-log calibration,ok,measured,6,20260825,10000,4,64,spread,32,9a38158292f473ea28015b96280016786a698df71330b20a4d808c0ec2ea179c,log,log,0,2766.6404,120.25445,2.9037,16.2061,3211264,9861539,incremental Python allocations via tracemalloc,256,log operations,256,True,,3.12.14,Windows-11-10.0.26200-SP0,
7b7f117bed93430da1e1060d0727f7dc,2026-09-22T22:21:05.267476+00:00,calibration,calibration-c64,Revon-log calibration,ok,measured,7,20260825,10000,4,64,spread,32,9a38158292f473ea28015b96280016786a698df71330b20a4d808c0ec2ea179c,log,log,0,2092.752,122.2959,3.4612,15.6592,3203072,9861539,incremental Python allocations via tracemalloc,256,log operations,256,True,,3.12.14,Windows-11-10.0.26200-SP0,
7b7f117bed93430da1e1060d0727f7dc,2026-09-22T22:21:08.120630+00:00,calibration,calibration-c64,Revon-M (forced Merkle),ok,warmup,1,20260825,10000,4,64,spread,32,9a38158292f473ea28015b96280016786a698df71330b20a4d808c0ec2ea179c,merkle,merkle,0,2013.4727,134.54955,33.3926,17.4253,3207168,9861539,incremental Python allocations via tracemalloc,2057,tree node pairs,256,True,,3.12.14,Windows-11-10.0.26200-SP0,
7b7f117bed93430da1e1060d0727f7dc,2026-09-22T22:21:10.999861+00:00,calibration,calibration-c64,Revon-M (forced Merkle),ok,warmup,2,20260825,10000,4,64,spread,32,9a38158292f473ea28015b96280016786a698df71330b20a4d808c0ec2ea179c,merkle,merkle,0,2149.0868,100.9906,21.2001,7.6481,3203072,9861539,incremental Python allocations via tracemalloc,2057,tree node pairs,256,True,,3.12.14,Windows-11-10.0.26200-SP0,
7b7f117bed93430da1e1060d0727f7dc,2026-09-22T22:21:13.770880+00:00,calibration,calibration-c64,Revon-M (forced Merkle),ok,measured,1,20260825,10000,4,64,spread,32,9a38158292f473ea28015b96280016786a698df71330b20a4d808c0ec2ea179c,merkle,merkle,0,1997.348,132.64585,33.0428,9.5462,3207168,9861539,incremental Python allocations via tracemalloc,2057,tree node pairs,256,True,,3.12.14,Windows-11-10.0.26200-SP0,
7b7f117bed93430da1e1060d0727f7dc,2026-09-22T22:21:16.706809+00:00,calibration,calibration-c64,Revon-M (forced Merkle),ok,measured,2,20260825,10000,4,64,spread,32,9a38158292f473ea28015b96280016786a698df71330b20a4d808c0ec2ea179c,merkle,merkle,0,2149.0265,118.845,27.9624,17.0681,3194880,9861539,incremental Python allocations via tracemalloc,2057,tree node pairs,256,True,,3.12.14,Windows-11-10.0.26200-SP0,
7b7f117bed93430da1e1060d0727f7dc,2026-09-22T22:21:19.976915+00:00,calibration,calibration-c64,Revon-M (forced Merkle),ok,measured,3,20260825,10000,4,64,spread,32,9a38158292f473ea28015b96280016786a698df71330b20a4d808c0ec2ea179c,merkle,merkle,0,2348.8178,139.85145,19.9977,19.434,3207168,9861539,incremental Python allocations via tracemalloc,2057,tree node pairs,256,True,,3.12.14,Windows-11-10.0.26200-SP0,
7b7f117bed93430da1e1060d0727f7dc,2026-09-22T22:21:22.712254+00:00,calibration,calibration-c64,Revon-M (forced Merkle),ok,measured,4,20260825,10000,4,64,spread,32,9a38158292f473ea28015b96280016786a698df71330b20a4d808c0ec2ea179c,merkle,merkle,0,2083.5398,99.7002,19.6401,10.7617,3198976,9861539,incremental Python allocations via tracemalloc,2057,tree node pairs,256,True,,3.12.14,Windows-11-10.0.26200-SP0,
7b7f117bed93430da1e1060d0727f7dc,2026-09-22T22:21:25.661942+00:00,calibration,calibration-c64,Revon-M (forced Merkle),ok,measured,5,20260825,10000,4,64,spread,32,9a38158292f473ea28015b96280016786a698df71330b20a4d808c0ec2ea179c,merkle,merkle,0,2054.1616,143.43810000000002,31.3476,18.2408,3207168,9861539,incremental Python allocations via tracemalloc,2057,tree node pairs,256,True,,3.12.14,Windows-11-10.0.26200-SP0,
7b7f117bed93430da1e1060d0727f7dc,2026-09-22T22:21:28.551009+00:00,calibration,calibration-c64,Revon-M (forced Merkle),ok,measured,6,20260825,10000,4,64,spread,32,9a38158292f473ea28015b96280016786a698df71330b20a4d808c0ec2ea179c,merkle,merkle,0,2121.1943,114.5592,29.4592,14.4465,3190784,9861539,incremental Python allocations via tracemalloc,2057,tree node pairs,256,True,,3.12.14,Windows-11-10.0.26200-SP0,
7b7f117bed93430da1e1060d0727f7dc,2026-09-22T22:21:32.406587+00:00,calibration,calibration-c64,Revon-M (forced Merkle),ok,measured,7,20260825,10000,4,64,spread,32,9a38158292f473ea28015b96280016786a698df71330b20a4d808c0ec2ea179c,merkle,merkle,0,3226.8534,96.00395,17.6716,9.4204,3207168,9861539,incremental Python allocations via tracemalloc,2057,tree node pairs,256,True,,3.12.14,Windows-11-10.0.26200-SP0,
7b7f117bed93430da1e1060d0727f7dc,2026-09-22T22:21:36.862175+00:00,calibration,calibration-c256,Revon-log calibration,ok,warmup,1,20260826,10000,4,256,spread,32,bc2d8512136ee6c77f822c3c481d8605812da56cedec897a9558db6865c84608,log,log,0,2658.4005,349.4135,8.2503,12.5101,4083712,9861539,incremental Python allocations via tracemalloc,1024,log operations,990,True,,3.12.14,Windows-11-10.0.26200-SP0,
7b7f117bed93430da1e1060d0727f7dc,2026-09-22T22:21:40.787967+00:00,calibration,calibration-c256,Revon-log calibration,ok,warmup,2,20260826,10000,4,256,spread,32,bc2d8512136ee6c77f822c3c481d8605812da56cedec897a9558db6865c84608,log,log,0,2320.4217,331.26890000000003,7.8676,9.7054,4079616,9861539,incremental Python allocations via tracemalloc,1024,log operations,990,True,,3.12.14,Windows-11-10.0.26200-SP0,
7b7f117bed93430da1e1060d0727f7dc,2026-09-22T22:21:44.651320+00:00,calibration,calibration-c256,Revon-log calibration,ok,measured,1,20260826,10000,4,256,spread,32,bc2d8512136ee6c77f822c3c481d8605812da56cedec897a9558db6865c84608,log,log,0,2244.3243,332.90430000000003,7.5294,12.5401,4055040,9861539,incremental Python allocations via tracemalloc,1024,log operations,990,True,,3.12.14,Windows-11-10.0.26200-SP0,
7b7f117bed93430da1e1060d0727f7dc,2026-09-22T22:21:47.906599+00:00,calibration,calibration-c256,Revon-log calibration,ok,measured,2,20260826,10000,4,256,spread,32,bc2d8512136ee6c77f822c3c481d8605812da56cedec897a9558db6865c84608,log,log,0,1882.1838,265.15425,7.2477,9.8076,4075520,9861539,incremental Python allocations via tracemalloc,1024,log operations,990,True,,3.12.14,Windows-11-10.0.26200-SP0,
7b7f117bed93430da1e1060d0727f7dc,2026-09-22T22:21:51.140617+00:00,calibration,calibration-c256,Revon-log calibration,ok,measured,3,20260826,10000,4,256,spread,32,bc2d8512136ee6c77f822c3c481d8605812da56cedec897a9558db6865c84608,log,log,0,1977.0824,252.4029,8.0646,9.7809,4050944,9861539,incremental Python allocations via tracemalloc,1024,log operations,990,True,,3.12.14,Windows-11-10.0.26200-SP0,
7b7f117bed93430da1e1060d0727f7dc,2026-09-22T22:21:54.478002+00:00,calibration,calibration-c256,Revon-log calibration,ok,measured,4,20260826,10000,4,256,spread,32,bc2d8512136ee6c77f822c3c481d8605812da56cedec897a9558db6865c84608,log,log,0,1986.3268,256.29380000000003,10.4929,15.8006,4067328,9861539,incremental Python allocations via tracemalloc,1024,log operations,990,True,,3.12.14,Windows-11-10.0.26200-SP0,
7b7f117bed93430da1e1060d0727f7dc,2026-09-22T22:21:58.530224+00:00,calibration,calibration-c256,Revon-log calibration,ok,measured,5,20260826,10000,4,256,spread,32,bc2d8512136ee6c77f822c3c481d8605812da56cedec897a9558db6865c84608,log,log,0,2557.8921,298.52279999999996,5.8496,8.611,4071424,9861539,incremental Python allocations via tracemalloc,1024,log operations,990,True,,3.12.14,Windows-11-10.0.26200-SP0,
7b7f117bed93430da1e1060d0727f7dc,2026-09-22T22:22:02.751735+00:00,calibration,calibration-c256,Revon-log calibration,ok,measured,6,20260826,10000,4,256,spread,32,bc2d8512136ee6c77f822c3c481d8605812da56cedec897a9558db6865c84608,log,log,0,2212.6585,405.7446,9.5729,18.0026,4079616,9861539,incremental Python allocations via tracemalloc,1024,log operations,990,True,,3.12.14,Windows-11-10.0.26200-SP0,
7b7f117bed93430da1e1060d0727f7dc,2026-09-22T22:22:06.509415+00:00,calibration,calibration-c256,Revon-log calibration,ok,measured,7,20260826,10000,4,256,spread,32,bc2d8512136ee6c77f822c3c481d8605812da56cedec897a9558db6865c84608,log,log,0,2046.753,269.43835,15.6085,24.6177,4067328,9861539,incremental Python allocations via tracemalloc,1024,log operations,990,True,,3.12.14,Windows-11-10.0.26200-SP0,
7b7f117bed93430da1e1060d0727f7dc,2026-09-22T22:22:12.671808+00:00,calibration,calibration-c256,Revon-M (forced Merkle),ok,warmup,1,20260826,10000,4,256,spread,32,bc2d8512136ee6c77f822c3c481d8605812da56cedec897a9558db6865c84608,merkle,merkle,0,3859.3938,428.56665,77.5064,23.7215,4075520,9861539,incremental Python allocations via tracemalloc,3744,tree node pairs,990,True,,3.12.14,Windows-11-10.0.26200-SP0,
7b7f117bed93430da1e1060d0727f7dc,2026-09-22T22:22:16.892721+00:00,calibration,calibration-c256,Revon-M (forced Merkle),ok,warmup,2,20260826,10000,4,256,spread,32,bc2d8512136ee6c77f822c3c481d8605812da56cedec897a9558db6865c84608,merkle,merkle,0,2395.4983,329.58799999999997,53.4179,17.1914,4075520,9861539,incremental Python allocations via tracemalloc,3744,tree node pairs,990,True,,3.12.14,Windows-11-10.0.26200-SP0,
7b7f117bed93430da1e1060d0727f7dc,2026-09-22T22:22:21.153543+00:00,calibration,calibration-c256,Revon-M (forced Merkle),ok,measured,1,20260826,10000,4,256,spread,32,bc2d8512136ee6c77f822c3c481d8605812da56cedec897a9558db6865c84608,merkle,merkle,0,2442.4292,355.28895,53.9015,14.0128,4108288,9861539,incremental Python allocations via tracemalloc,3744,tree node pairs,990,True,,3.12.14,Windows-11-10.0.26200-SP0,
7b7f117bed93430da1e1060d0727f7dc,2026-09-22T22:22:25.400069+00:00,calibration,calibration-c256,Revon-M (forced Merkle),ok,measured,2,20260826,10000,4,256,spread,32,bc2d8512136ee6c77f822c3c481d8605812da56cedec897a9558db6865c84608,merkle,merkle,0,2519.2294,319.24019999999996,79.1827,9.4257,4071424,9861539,incremental Python allocations via tracemalloc,3744,tree node pairs,990,True,,3.12.14,Windows-11-10.0.26200-SP0,
7b7f117bed93430da1e1060d0727f7dc,2026-09-22T22:22:30.051010+00:00,calibration,calibration-c256,Revon-M (forced Merkle),ok,measured,3,20260826,10000,4,256,spread,32,bc2d8512136ee6c77f822c3c481d8605812da56cedec897a9558db6865c84608,merkle,merkle,0,2383.0887,393.25350000000003,69.734,17.1531,4071424,9861539,incremental Python allocations via tracemalloc,3744,tree node pairs,990,True,,3.12.14,Windows-11-10.0.26200-SP0,
7b7f117bed93430da1e1060d0727f7dc,2026-09-22T22:22:34.261079+00:00,calibration,calibration-c256,Revon-M (forced Merkle),ok,measured,4,20260826,10000,4,256,spread,32,bc2d8512136ee6c77f822c3c481d8605812da56cedec897a9558db6865c84608,merkle,merkle,0,2557.3162,324.2246,46.7436,8.3715,4075520,9861539,incremental Python allocations via tracemalloc,3744,tree node pairs,990,True,,3.12.14,Windows-11-10.0.26200-SP0,
7b7f117bed93430da1e1060d0727f7dc,2026-09-22T22:22:38.776531+00:00,calibration,calibration-c256,Revon-M (forced Merkle),ok,measured,5,20260826,10000,4,256,spread,32,bc2d8512136ee6c77f822c3c481d8605812da56cedec897a9558db6865c84608,merkle,merkle,0,2282.4382,485.46355,55.976,16.4042,4091904,9861539,incremental Python allocations via tracemalloc,3744,tree node pairs,990,True,,3.12.14,Windows-11-10.0.26200-SP0,
7b7f117bed93430da1e1060d0727f7dc,2026-09-22T22:22:43.468529+00:00,calibration,calibration-c256,Revon-M (forced Merkle),ok,measured,6,20260826,10000,4,256,spread,32,bc2d8512136ee6c77f822c3c481d8605812da56cedec897a9558db6865c84608,merkle,merkle,0,2448.9289,408.69745,57.7675,17.3736,4075520,9861539,incremental Python allocations via tracemalloc,3744,tree node pairs,990,True,,3.12.14,Windows-11-10.0.26200-SP0,
7b7f117bed93430da1e1060d0727f7dc,2026-09-22T22:22:48.764683+00:00,calibration,calibration-c256,Revon-M (forced Merkle),ok,measured,7,20260826,10000,4,256,spread,32,bc2d8512136ee6c77f822c3c481d8605812da56cedec897a9558db6865c84608,merkle,merkle,0,3056.6055,384.94764999999995,93.3958,33.8036,4091904,9861539,incremental Python allocations via tracemalloc,3744,tree node pairs,990,True,,3.12.14,Windows-11-10.0.26200-SP0,
7b7f117bed93430da1e1060d0727f7dc,2026-09-22T22:22:55.087604+00:00,calibration,calibration-c1024,Revon-log calibration,ok,warmup,1,20260827,10000,4,1024,spread,32,4d5800fe5848a6636a2019c87d4c4a7b6e0a11d38079de1bc5543c336965b7c1,log,log,0,2891.9511,696.9908499999999,29.2278,11.2471,6025216,9861539,incremental Python allocations via tracemalloc,4096,log operations,3528,True,,3.12.14,Windows-11-10.0.26200-SP0,
7b7f117bed93430da1e1060d0727f7dc,2026-09-22T22:22:59.754440+00:00,calibration,calibration-c1024,Revon-log calibration,ok,warmup,2,20260827,10000,4,1024,spread,32,4d5800fe5848a6636a2019c87d4c4a7b6e0a11d38079de1bc5543c336965b7c1,log,log,0,1982.2268,572.9602500000001,29.2704,12.4484,6057984,9861539,incremental Python allocations via tracemalloc,4096,log operations,3528,True,,3.12.14,Windows-11-10.0.26200-SP0,
7b7f117bed93430da1e1060d0727f7dc,2026-09-22T22:23:05.725051+00:00,calibration,calibration-c1024,Revon-log calibration,ok,measured,1,20260827,10000,4,1024,spread,32,4d5800fe5848a6636a2019c87d4c4a7b6e0a11d38079de1bc5543c336965b7c1,log,log,0,2266.1136,798.5343,35.8196,12.0359,6041600,9861539,incremental Python allocations via tracemalloc,4096,log operations,3528,True,,3.12.14,Windows-11-10.0.26200-SP0,
7b7f117bed93430da1e1060d0727f7dc,2026-09-22T22:23:10.940691+00:00,calibration,calibration-c1024,Revon-log calibration,ok,measured,2,20260827,10000,4,1024,spread,32,4d5800fe5848a6636a2019c87d4c4a7b6e0a11d38079de1bc5543c336965b7c1,log,log,0,2271.1345,613.4300499999999,35.5212,9.2289,6041600,9861539,incremental Python allocations via tracemalloc,4096,log operations,3528,True,,3.12.14,Windows-11-10.0.26200-SP0,
7b7f117bed93430da1e1060d0727f7dc,2026-09-22T22:23:16.347351+00:00,calibration,calibration-c1024,Revon-log calibration,ok,measured,3,20260827,10000,4,1024,spread,32,4d5800fe5848a6636a2019c87d4c4a7b6e0a11d38079de1bc5543c336965b7c1,log,log,0,2106.2809,586.682,37.7752,26.6525,6074368,9861539,incremental Python allocations via tracemalloc,4096,log operations,3528,True,,3.12.14,Windows-11-10.0.26200-SP0,
7b7f117bed93430da1e1060d0727f7dc,2026-09-22T22:23:20.169649+00:00,calibration,calibration-c1024,Revon-log calibration,ok,measured,4,20260827,10000,4,1024,spread,32,4d5800fe5848a6636a2019c87d4c4a7b6e0a11d38079de1bc5543c336965b7c1,log,log,0,1766.1397,427.84245,29.5203,11.0777,6041600,9861539,incremental Python allocations via tracemalloc,4096,log operations,3528,True,,3.12.14,Windows-11-10.0.26200-SP0,
7b7f117bed93430da1e1060d0727f7dc,2026-09-22T22:23:25.573813+00:00,calibration,calibration-c1024,Revon-log calibration,ok,measured,5,20260827,10000,4,1024,spread,32,4d5800fe5848a6636a2019c87d4c4a7b6e0a11d38079de1bc5543c336965b7c1,log,log,0,2268.9288,619.41935,35.7355,22.2754,6049792,9861539,incremental Python allocations via tracemalloc,4096,log operations,3528,True,,3.12.14,Windows-11-10.0.26200-SP0,
7b7f117bed93430da1e1060d0727f7dc,2026-09-22T22:23:29.973272+00:00,calibration,calibration-c1024,Revon-log calibration,ok,measured,6,20260827,10000,4,1024,spread,32,4d5800fe5848a6636a2019c87d4c4a7b6e0a11d38079de1bc5543c336965b7c1,log,log,0,1786.3371,518.3833,27.3853,14.6003,6037504,9861539,incremental Python allocations via tracemalloc,4096,log operations,3528,True,,3.12.14,Windows-11-10.0.26200-SP0,
7b7f117bed93430da1e1060d0727f7dc,2026-09-22T22:23:34.351756+00:00,calibration,calibration-c1024,Revon-log calibration,ok,measured,7,20260827,10000,4,1024,spread,32,4d5800fe5848a6636a2019c87d4c4a7b6e0a11d38079de1bc5543c336965b7c1,log,log,0,2012.5883,570.7695,23.6863,10.5929,6045696,9861539,incremental Python allocations via tracemalloc,4096,log operations,3528,True,,3.12.14,Windows-11-10.0.26200-SP0,
7b7f117bed93430da1e1060d0727f7dc,2026-09-22T22:23:38.700476+00:00,calibration,calibration-c1024,Revon-M (forced Merkle),ok,warmup,1,20260827,10000,4,1024,spread,32,4d5800fe5848a6636a2019c87d4c4a7b6e0a11d38079de1bc5543c336965b7c1,merkle,merkle,0,1769.1898,522.52625,95.3723,7.4418,6062080,9861539,incremental Python allocations via tracemalloc,4299,tree node pairs,3528,True,,3.12.14,Windows-11-10.0.26200-SP0,
7b7f117bed93430da1e1060d0727f7dc,2026-09-22T22:23:42.880603+00:00,calibration,calibration-c1024,Revon-M (forced Merkle),ok,warmup,2,20260827,10000,4,1024,spread,32,4d5800fe5848a6636a2019c87d4c4a7b6e0a11d38079de1bc5543c336965b7c1,merkle,merkle,0,1874.7774,471.7451,107.42,13.9216,6049792,9861539,incremental Python allocations via tracemalloc,4299,tree node pairs,3528,True,,3.12.14,Windows-11-10.0.26200-SP0,
7b7f117bed93430da1e1060d0727f7dc,2026-09-22T22:23:46.898698+00:00,calibration,calibration-c1024,Revon-M (forced Merkle),ok,measured,1,20260827,10000,4,1024,spread,32,4d5800fe5848a6636a2019c87d4c4a7b6e0a11d38079de1bc5543c336965b7c1,merkle,merkle,0,1721.2229,496.86585,99.2067,9.464,6033408,9861539,incremental Python allocations via tracemalloc,4299,tree node pairs,3528,True,,3.12.14,Windows-11-10.0.26200-SP0,
7b7f117bed93430da1e1060d0727f7dc,2026-09-22T22:23:51.353256+00:00,calibration,calibration-c1024,Revon-M (forced Merkle),ok,measured,2,20260827,10000,4,1024,spread,32,4d5800fe5848a6636a2019c87d4c4a7b6e0a11d38079de1bc5543c336965b7c1,merkle,merkle,0,1839.6336,599.4567,80.6068,7.969,6066176,9861539,incremental Python allocations via tracemalloc,4299,tree node pairs,3528,True,,3.12.14,Windows-11-10.0.26200-SP0,
7b7f117bed93430da1e1060d0727f7dc,2026-09-22T22:23:56.238830+00:00,calibration,calibration-c1024,Revon-M (forced Merkle),ok,measured,3,20260827,10000,4,1024,spread,32,4d5800fe5848a6636a2019c87d4c4a7b6e0a11d38079de1bc5543c336965b7c1,merkle,merkle,0,1683.2614,729.2735,93.8568,11.1252,6057984,9861539,incremental Python allocations via tracemalloc,4299,tree node pairs,3528,True,,3.12.14,Windows-11-10.0.26200-SP0,
7b7f117bed93430da1e1060d0727f7dc,2026-09-22T22:24:01.223673+00:00,calibration,calibration-c1024,Revon-M (forced Merkle),ok,measured,4,20260827,10000,4,1024,spread,32,4d5800fe5848a6636a2019c87d4c4a7b6e0a11d38079de1bc5543c336965b7c1,merkle,merkle,0,1976.0055,647.6961,85.7243,9.9025,6094848,9861539,incremental Python allocations via tracemalloc,4299,tree node pairs,3528,True,,3.12.14,Windows-11-10.0.26200-SP0,
7b7f117bed93430da1e1060d0727f7dc,2026-09-22T22:24:05.812858+00:00,calibration,calibration-c1024,Revon-M (forced Merkle),ok,measured,5,20260827,10000,4,1024,spread,32,4d5800fe5848a6636a2019c87d4c4a7b6e0a11d38079de1bc5543c336965b7c1,merkle,merkle,0,1670.1961,655.8045999999999,96.9823,11.5192,6041600,9861539,incremental Python allocations via tracemalloc,4299,tree node pairs,3528,True,,3.12.14,Windows-11-10.0.26200-SP0,
7b7f117bed93430da1e1060d0727f7dc,2026-09-22T22:24:11.525245+00:00,calibration,calibration-c1024,Revon-M (forced Merkle),ok,measured,6,20260827,10000,4,1024,spread,32,4d5800fe5848a6636a2019c87d4c4a7b6e0a11d38079de1bc5543c336965b7c1,merkle,merkle,0,1964.5542,669.05465,74.3603,7.7156,6000640,9861539,incremental Python allocations via tracemalloc,4299,tree node pairs,3528,True,,3.12.14,Windows-11-10.0.26200-SP0,
7b7f117bed93430da1e1060d0727f7dc,2026-09-22T22:24:16.709207+00:00,calibration,calibration-c1024,Revon-M (forced Merkle),ok,measured,7,20260827,10000,4,1024,spread,32,4d5800fe5848a6636a2019c87d4c4a7b6e0a11d38079de1bc5543c336965b7c1,merkle,merkle,0,1773.5162,756.6493,81.0627,9.5794,6041600,9861539,incremental Python allocations via tracemalloc,4299,tree node pairs,3528,True,,3.12.14,Windows-11-10.0.26200-SP0,
7b7f117bed93430da1e1060d0727f7dc,2026-09-22T22:24:16.911615+00:00,evaluation,small-sparse,Snapshot,ok,warmup,1,20270822,1000,10,10,spread,32,0c7d0c62a33fc0504bb64032e27fd0a6ee3287574615274ec862000f47f28255,full-scan,full-scan,4096,9.7789,9.335799999999999,34.3094,2.0119,561011,472462,incremental Python allocations via tracemalloc,1010,keys,95,True,,3.12.14,Windows-11-10.0.26200-SP0,
7b7f117bed93430da1e1060d0727f7dc,2026-09-22T22:24:17.112595+00:00,evaluation,small-sparse,Snapshot,ok,warmup,2,20270822,1000,10,10,spread,32,0c7d0c62a33fc0504bb64032e27fd0a6ee3287574615274ec862000f47f28255,full-scan,full-scan,4096,9.5563,10.2575,24.4083,2.0705,561011,472462,incremental Python allocations via tracemalloc,1010,keys,95,True,,3.12.14,Windows-11-10.0.26200-SP0,
7b7f117bed93430da1e1060d0727f7dc,2026-09-22T22:24:17.306367+00:00,evaluation,small-sparse,Snapshot,ok,measured,1,20270822,1000,10,10,spread,32,0c7d0c62a33fc0504bb64032e27fd0a6ee3287574615274ec862000f47f28255,full-scan,full-scan,4096,9.4761,9.32395,23.6906,2.0231,561011,472462,incremental Python allocations via tracemalloc,1010,keys,95,True,,3.12.14,Windows-11-10.0.26200-SP0,
7b7f117bed93430da1e1060d0727f7dc,2026-09-22T22:24:17.510523+00:00,evaluation,small-sparse,Snapshot,ok,measured,2,20270822,1000,10,10,spread,32,0c7d0c62a33fc0504bb64032e27fd0a6ee3287574615274ec862000f47f28255,full-scan,full-scan,4096,9.2115,9.67075,28.6952,1.9728,561011,472462,incremental Python allocations via tracemalloc,1010,keys,95,True,,3.12.14,Windows-11-10.0.26200-SP0,
7b7f117bed93430da1e1060d0727f7dc,2026-09-22T22:24:17.699109+00:00,evaluation,small-sparse,Snapshot,ok,measured,3,20270822,1000,10,10,spread,32,0c7d0c62a33fc0504bb64032e27fd0a6ee3287574615274ec862000f47f28255,full-scan,full-scan,4096,8.9844,9.986,30.7156,2.034,561011,472462,incremental Python allocations via tracemalloc,1010,keys,95,True,,3.12.14,Windows-11-10.0.26200-SP0,
7b7f117bed93430da1e1060d0727f7dc,2026-09-22T22:24:17.919478+00:00,evaluation,small-sparse,Snapshot,ok,measured,4,20270822,1000,10,10,spread,32,0c7d0c62a33fc0504bb64032e27fd0a6ee3287574615274ec862000f47f28255,full-scan,full-scan,4096,11.7266,10.0014,35.5288,2.2885,561011,472462,incremental Python allocations via tracemalloc,1010,keys,95,True,,3.12.14,Windows-11-10.0.26200-SP0,
7b7f117bed93430da1e1060d0727f7dc,2026-09-22T22:24:18.144302+00:00,evaluation,small-sparse,Snapshot,ok,measured,5,20270822,1000,10,10,spread,32,0c7d0c62a33fc0504bb64032e27fd0a6ee3287574615274ec862000f47f28255,full-scan,full-scan,4096,9.8628,9.606549999999999,43.0111,3.766,561011,472462,incremental Python allocations via tracemalloc,1010,keys,95,True,,3.12.14,Windows-11-10.0.26200-SP0,
7b7f117bed93430da1e1060d0727f7dc,2026-09-22T22:24:18.325714+00:00,evaluation,small-sparse,Snapshot,ok,measured,6,20270822,1000,10,10,spread,32,0c7d0c62a33fc0504bb64032e27fd0a6ee3287574615274ec862000f47f28255,full-scan,full-scan,4096,9.1717,9.2478,23.6001,2.0178,561011,472462,incremental Python allocations via tracemalloc,1010,keys,95,True,,3.12.14,Windows-11-10.0.26200-SP0,
7b7f117bed93430da1e1060d0727f7dc,2026-09-22T22:24:18.522570+00:00,evaluation,small-sparse,Snapshot,ok,measured,7,20270822,1000,10,10,spread,32,0c7d0c62a33fc0504bb64032e27fd0a6ee3287574615274ec862000f47f28255,full-scan,full-scan,4096,9.027,9.46245,25.9947,1.9933,561011,472462,incremental Python allocations via tracemalloc,1010,keys,95,True,,3.12.14,Windows-11-10.0.26200-SP0,
7b7f117bed93430da1e1060d0727f7dc,2026-09-22T22:24:18.883151+00:00,evaluation,small-sparse,Log-only,ok,warmup,1,20270822,1000,10,10,spread,32,0c7d0c62a33fc0504bb64032e27fd0a6ee3287574615274ec862000f47f28255,operation-log,operation-log,4096,149.9182,3.4894499999999997,9.7602,13.6502,64883,240282,incremental Python allocations via tracemalloc,100,operations,95,True,,3.12.14,Windows-11-10.0.26200-SP0,
7b7f117bed93430da1e1060d0727f7dc,2026-09-22T22:24:19.024969+00:00,evaluation,small-sparse,Log-only,ok,warmup,2,20270822,1000,10,10,spread,32,0c7d0c62a33fc0504bb64032e27fd0a6ee3287574615274ec862000f47f28255,operation-log,operation-log,4096,11.1194,3.50515,12.652,13.6615,64883,240282,incremental Python allocations via tracemalloc,100,operations,95,True,,3.12.14,Windows-11-10.0.26200-SP0,
7b7f117bed93430da1e1060d0727f7dc,2026-09-22T22:24:19.136726+00:00,evaluation,small-sparse,Log-only,ok,measured,1,20270822,1000,10,10,spread,32,0c7d0c62a33fc0504bb64032e27fd0a6ee3287574615274ec862000f47f28255,operation-log,operation-log,4096,9.8468,3.53195,10.4252,12.2578,64883,240282,incremental Python allocations via tracemalloc,100,operations,95,True,,3.12.14,Windows-11-10.0.26200-SP0,
7b7f117bed93430da1e1060d0727f7dc,2026-09-22T22:24:19.260474+00:00,evaluation,small-sparse,Log-only,ok,measured,2,20270822,1000,10,10,spread,32,0c7d0c62a33fc0504bb64032e27fd0a6ee3287574615274ec862000f47f28255,operation-log,operation-log,4096,10.2884,3.4997,9.2691,13.1439,64883,240282,incremental Python allocations via tracemalloc,100,operations,95,True,,3.12.14,Windows-11-10.0.26200-SP0,
7b7f117bed93430da1e1060d0727f7dc,2026-09-22T22:24:19.382070+00:00,evaluation,small-sparse,Log-only,ok,measured,3,20270822,1000,10,10,spread,32,0c7d0c62a33fc0504bb64032e27fd0a6ee3287574615274ec862000f47f28255,operation-log,operation-log,4096,13.5789,3.9003,10.6542,13.7771,64883,240282,incremental Python allocations via tracemalloc,100,operations,95,True,,3.12.14,Windows-11-10.0.26200-SP0,
7b7f117bed93430da1e1060d0727f7dc,2026-09-22T22:24:19.488013+00:00,evaluation,small-sparse,Log-only,ok,measured,4,20270822,1000,10,10,spread,32,0c7d0c62a33fc0504bb64032e27fd0a6ee3287574615274ec862000f47f28255,operation-log,operation-log,4096,7.9054,3.69945,13.1737,14.4382,64883,240282,incremental Python allocations via tracemalloc,100,operations,95,True,,3.12.14,Windows-11-10.0.26200-SP0,
7b7f117bed93430da1e1060d0727f7dc,2026-09-22T22:24:19.616619+00:00,evaluation,small-sparse,Log-only,ok,measured,5,20270822,1000,10,10,spread,32,0c7d0c62a33fc0504bb64032e27fd0a6ee3287574615274ec862000f47f28255,operation-log,operation-log,4096,9.8136,3.3629,11.2691,13.5292,64883,240282,incremental Python allocations via tracemalloc,100,operations,95,True,,3.12.14,Windows-11-10.0.26200-SP0,
7b7f117bed93430da1e1060d0727f7dc,2026-09-22T22:24:19.729078+00:00,evaluation,small-sparse,Log-only,ok,measured,6,20270822,1000,10,10,spread,32,0c7d0c62a33fc0504bb64032e27fd0a6ee3287574615274ec862000f47f28255,operation-log,operation-log,4096,9.8115,3.5484999999999998,11.1467,13.3816,64883,240282,incremental Python allocations via tracemalloc,100,operations,95,True,,3.12.14,Windows-11-10.0.26200-SP0,
7b7f117bed93430da1e1060d0727f7dc,2026-09-22T22:24:19.840346+00:00,evaluation,small-sparse,Log-only,ok,measured,7,20270822,1000,10,10,spread,32,0c7d0c62a33fc0504bb64032e27fd0a6ee3287574615274ec862000f47f28255,operation-log,operation-log,4096,10.0668,3.41105,9.7471,13.9865,64883,240282,incremental Python allocations via tracemalloc,100,operations,95,True,,3.12.14,Windows-11-10.0.26200-SP0,
7b7f117bed93430da1e1060d0727f7dc,2026-09-22T22:24:20.540710+00:00,evaluation,small-sparse,Revon-M (forced Merkle),ok,warmup,1,20270822,1000,10,10,spread,32,0c7d0c62a33fc0504bb64032e27fd0a6ee3287574615274ec862000f47f28255,merkle,merkle,4096,312.2395,24.2822,4.8535,2.1924,737280,1655148,incremental Python allocations via tracemalloc,635,tree node pairs,95,True,,3.12.14,Windows-11-10.0.26200-SP0,
7b7f117bed93430da1e1060d0727f7dc,2026-09-22T22:24:21.274982+00:00,evaluation,small-sparse,Revon-M (forced Merkle),ok,warmup,2,20270822,1000,10,10,spread,32,0c7d0c62a33fc0504bb64032e27fd0a6ee3287574615274ec862000f47f28255,merkle,merkle,4096,322.1743,26.658450000000002,5.829,2.6642,745472,1655148,incremental Python allocations via tracemalloc,635,tree node pairs,95,True,,3.12.14,Windows-11-10.0.26200-SP0,
7b7f117bed93430da1e1060d0727f7dc,2026-09-22T22:24:22.012093+00:00,evaluation,small-sparse,Revon-M (forced Merkle),ok,measured,1,20270822,1000,10,10,spread,32,0c7d0c62a33fc0504bb64032e27fd0a6ee3287574615274ec862000f47f28255,merkle,merkle,4096,340.1288,25.314300000000003,5.2539,2.4268,745472,1655148,incremental Python allocations via tracemalloc,635,tree node pairs,95,True,,3.12.14,Windows-11-10.0.26200-SP0,
7b7f117bed93430da1e1060d0727f7dc,2026-09-22T22:24:22.726656+00:00,evaluation,small-sparse,Revon-M (forced Merkle),ok,measured,2,20270822,1000,10,10,spread,32,0c7d0c62a33fc0504bb64032e27fd0a6ee3287574615274ec862000f47f28255,merkle,merkle,4096,321.8978,25.09745,5.4828,2.4991,741376,1655148,incremental Python allocations via tracemalloc,635,tree node pairs,95,True,,3.12.14,Windows-11-10.0.26200-SP0,
7b7f117bed93430da1e1060d0727f7dc,2026-09-22T22:24:23.367034+00:00,evaluation,small-sparse,Revon-M (forced Merkle),ok,measured,3,20270822,1000,10,10,spread,32,0c7d0c62a33fc0504bb64032e27fd0a6ee3287574615274ec862000f47f28255,merkle,merkle,4096,303.2579,22.098399999999998,5.3176,3.1938,741376,1655148,incremental Python allocations via tracemalloc,635,tree node pairs,95,True,,3.12.14,Windows-11-10.0.26200-SP0,
7b7f117bed93430da1e1060d0727f7dc,2026-09-22T22:24:23.985849+00:00,evaluation,small-sparse,Revon-M (forced Merkle),ok,measured,4,20270822,1000,10,10,spread,32,0c7d0c62a33fc0504bb64032e27fd0a6ee3287574615274ec862000f47f28255,merkle,merkle,4096,282.8604,22.34095,5.3716,1.8861,745472,1655148,incremental Python allocations via tracemalloc,635,tree node pairs,95,True,,3.12.14,Windows-11-10.0.26200-SP0,
7b7f117bed93430da1e1060d0727f7dc,2026-09-22T22:24:25.280706+00:00,evaluation,small-sparse,Revon-M (forced Merkle),ok,measured,5,20270822,1000,10,10,spread,32,0c7d0c62a33fc0504bb64032e27fd0a6ee3287574615274ec862000f47f28255,merkle,merkle,4096,857.5063,23.804000000000002,7.4243,2.1598,741376,1655148,incremental Python allocations via tracemalloc,635,tree node pairs,95,True,,3.12.14,Windows-11-10.0.26200-SP0,
7b7f117bed93430da1e1060d0727f7dc,2026-09-22T22:24:25.935704+00:00,evaluation,small-sparse,Revon-M (forced Merkle),ok,measured,6,20270822,1000,10,10,spread,32,0c7d0c62a33fc0504bb64032e27fd0a6ee3287574615274ec862000f47f28255,merkle,merkle,4096,293.2211,23.899099999999997,4.8579,2.0968,745472,1655148,incremental Python allocations via tracemalloc,635,tree node pairs,95,True,,3.12.14,Windows-11-10.0.26200-SP0,
7b7f117bed93430da1e1060d0727f7dc,2026-09-22T22:24:26.619673+00:00,evaluation,small-sparse,Revon-M (forced Merkle),ok,measured,7,20270822,1000,10,10,spread,32,0c7d0c62a33fc0504bb64032e27fd0a6ee3287574615274ec862000f47f28255,merkle,merkle,4096,297.9085,24.901699999999998,4.9077,2.2264,745472,1655148,incremental Python allocations via tracemalloc,635,tree node pairs,95,True,,3.12.14,Windows-11-10.0.26200-SP0,
7b7f117bed93430da1e1060d0727f7dc,2026-09-22T22:24:27.238133+00:00,evaluation,small-sparse,Revon-H,ok,warmup,1,20270822,1000,10,10,spread,32,0c7d0c62a33fc0504bb64032e27fd0a6ee3287574615274ec862000f47f28255,hybrid,log,4096,276.8731,22.7331,0.6185,2.2201,745472,1655148,incremental Python allocations via tracemalloc,100,log operations,95,True,,3.12.14,Windows-11-10.0.26200-SP0,
7b7f117bed93430da1e1060d0727f7dc,2026-09-22T22:24:27.887292+00:00,evaluation,small-sparse,Revon-H,ok,warmup,2,20270822,1000,10,10,spread,32,0c7d0c62a33fc0504bb64032e27fd0a6ee3287574615274ec862000f47f28255,hybrid,log,4096,305.0309,23.082700000000003,0.8382,3.0706,745472,1655148,incremental Python allocations via tracemalloc,100,log operations,95,True,,3.12.14,Windows-11-10.0.26200-SP0,
7b7f117bed93430da1e1060d0727f7dc,2026-09-22T22:24:28.524279+00:00,evaluation,small-sparse,Revon-H,ok,measured,1,20270822,1000,10,10,spread,32,0c7d0c62a33fc0504bb64032e27fd0a6ee3287574615274ec862000f47f28255,hybrid,log,4096,280.709,23.1892,0.7109,4.4269,745472,1655148,incremental Python allocations via tracemalloc,100,log operations,95,True,,3.12.14,Windows-11-10.0.26200-SP0,
7b7f117bed93430da1e1060d0727f7dc,2026-09-22T22:24:29.149086+00:00,evaluation,small-sparse,Revon-H,ok,measured,2,20270822,1000,10,10,spread,32,0c7d0c62a33fc0504bb64032e27fd0a6ee3287574615274ec862000f47f28255,hybrid,log,4096,288.2169,22.04605,0.6128,2.4258,733184,1655148,incremental Python allocations via tracemalloc,100,log operations,95,True,,3.12.14,Windows-11-10.0.26200-SP0,
7b7f117bed93430da1e1060d0727f7dc,2026-09-22T22:24:31.340049+00:00,evaluation,small-sparse,Revon-H,ok,measured,3,20270822,1000,10,10,spread,32,0c7d0c62a33fc0504bb64032e27fd0a6ee3287574615274ec862000f47f28255,hybrid,log,4096,263.2172,22.718,0.9881,3.5109,761856,1655148,incremental Python allocations via tracemalloc,100,log operations,95,True,,3.12.14,Windows-11-10.0.26200-SP0,
7b7f117bed93430da1e1060d0727f7dc,2026-09-22T22:24:31.969418+00:00,evaluation,small-sparse,Revon-H,ok,measured,4,20270822,1000,10,10,spread,32,0c7d0c62a33fc0504bb64032e27fd0a6ee3287574615274ec862000f47f28255,hybrid,log,4096,288.3984,22.320349999999998,0.5568,2.0804,745472,1655148,incremental Python allocations via tracemalloc,100,log operations,95,True,,3.12.14,Windows-11-10.0.26200-SP0,
7b7f117bed93430da1e1060d0727f7dc,2026-09-22T22:24:32.582754+00:00,evaluation,small-sparse,Revon-H,ok,measured,5,20270822,1000,10,10,spread,32,0c7d0c62a33fc0504bb64032e27fd0a6ee3287574615274ec862000f47f28255,hybrid,log,4096,263.0468,23.679650000000002,0.7763,2.0532,741376,1655148,incremental Python allocations via tracemalloc,100,log operations,95,True,,3.12.14,Windows-11-10.0.26200-SP0,
7b7f117bed93430da1e1060d0727f7dc,2026-09-22T22:24:33.207467+00:00,evaluation,small-sparse,Revon-H,ok,measured,6,20270822,1000,10,10,spread,32,0c7d0c62a33fc0504bb64032e27fd0a6ee3287574615274ec862000f47f28255,hybrid,log,4096,278.6103,23.32465,0.5618,2.0432,741376,1655148,incremental Python allocations via tracemalloc,100,log operations,95,True,,3.12.14,Windows-11-10.0.26200-SP0,
7b7f117bed93430da1e1060d0727f7dc,2026-09-22T22:24:33.869618+00:00,evaluation,small-sparse,Revon-H,ok,measured,7,20270822,1000,10,10,spread,32,0c7d0c62a33fc0504bb64032e27fd0a6ee3287574615274ec862000f47f28255,hybrid,log,4096,304.6302,23.96995,0.5452,2.0492,753664,1655148,incremental Python allocations via tracemalloc,100,log operations,95,True,,3.12.14,Windows-11-10.0.26200-SP0,
7b7f117bed93430da1e1060d0727f7dc,2026-09-22T22:24:47.749293+00:00,evaluation,small-sparse,Dolt,ok,warmup,1,20270822,1000,10,10,spread,32,0c7d0c62a33fc0504bb64032e27fd0a6ee3287574615274ec862000f47f28255,dolt-native,dolt-native,4096,1031.2845,1074.93095,317.7918,281.4428,403537,,unavailable (install psutil),,not exposed by Dolt CLI,95,True,,3.12.14,Windows-11-10.0.26200-SP0,dolt version 2.3.1 Warning: unable to query latest released Dolt version
7b7f117bed93430da1e1060d0727f7dc,2026-09-22T22:25:02.208947+00:00,evaluation,small-sparse,Dolt,ok,warmup,2,20270822,1000,10,10,spread,32,0c7d0c62a33fc0504bb64032e27fd0a6ee3287574615274ec862000f47f28255,dolt-native,dolt-native,4096,1152.9442,1133.49555,338.2139,261.8864,404158,,unavailable (install psutil),,not exposed by Dolt CLI,95,True,,3.12.14,Windows-11-10.0.26200-SP0,dolt version 2.3.1 Warning: unable to query latest released Dolt version
7b7f117bed93430da1e1060d0727f7dc,2026-09-22T22:25:17.742609+00:00,evaluation,small-sparse,Dolt,ok,measured,1,20270822,1000,10,10,spread,32,0c7d0c62a33fc0504bb64032e27fd0a6ee3287574615274ec862000f47f28255,dolt-native,dolt-native,4096,1242.1267,1167.3442,517.6374,309.4251,404300,,unavailable (install psutil),,not exposed by Dolt CLI,95,True,,3.12.14,Windows-11-10.0.26200-SP0,dolt version 2.3.1 Warning: unable to query latest released Dolt version
7b7f117bed93430da1e1060d0727f7dc,2026-09-22T22:25:33.716821+00:00,evaluation,small-sparse,Dolt,ok,measured,2,20270822,1000,10,10,spread,32,0c7d0c62a33fc0504bb64032e27fd0a6ee3287574615274ec862000f47f28255,dolt-native,dolt-native,4096,983.8237,1214.76685,369.4284,408.0416,404167,,unavailable (install psutil),,not exposed by Dolt CLI,95,True,,3.12.14,Windows-11-10.0.26200-SP0,dolt version 2.3.1 Warning: unable to query latest released Dolt version
7b7f117bed93430da1e1060d0727f7dc,2026-09-22T22:25:55.588532+00:00,evaluation,small-sparse,Dolt,ok,measured,3,20270822,1000,10,10,spread,32,0c7d0c62a33fc0504bb64032e27fd0a6ee3287574615274ec862000f47f28255,dolt-native,dolt-native,4096,2493.0805,1605.8236499999998,337.02,403.5723,404303,,unavailable (install psutil),,not exposed by Dolt CLI,95,True,,3.12.14,Windows-11-10.0.26200-SP0,dolt version 2.3.1 Warning: unable to query latest released Dolt version
7b7f117bed93430da1e1060d0727f7dc,2026-09-22T22:26:23.310192+00:00,evaluation,small-sparse,Dolt,ok,measured,4,20270822,1000,10,10,spread,32,0c7d0c62a33fc0504bb64032e27fd0a6ee3287574615274ec862000f47f28255,dolt-native,dolt-native,4096,1455.7573,2097.32965,815.0638,639.3383,405449,,unavailable (install psutil),,not exposed by Dolt CLI,95,True,,3.12.14,Windows-11-10.0.26200-SP0,dolt version 2.3.1 Warning: unable to query latest released Dolt version
7b7f117bed93430da1e1060d0727f7dc,2026-09-22T22:26:40.340332+00:00,evaluation,small-sparse,Dolt,ok,measured,5,20270822,1000,10,10,spread,32,0c7d0c62a33fc0504bb64032e27fd0a6ee3287574615274ec862000f47f28255,dolt-native,dolt-native,4096,1650.9047,1197.0593,290.9682,308.1213,404009,,unavailable (install psutil),,not exposed by Dolt CLI,95,True,,3.12.14,Windows-11-10.0.26200-SP0,dolt version 2.3.1 Warning: unable to query latest released Dolt version
7b7f117bed93430da1e1060d0727f7dc,2026-09-22T22:26:58.579413+00:00,evaluation,small-sparse,Dolt,ok,measured,6,20270822,1000,10,10,spread,32,0c7d0c62a33fc0504bb64032e27fd0a6ee3287574615274ec862000f47f28255,dolt-native,dolt-native,4096,2148.4157,1329.76775,301.788,290.4035,404661,,unavailable (install psutil),,not exposed by Dolt CLI,95,True,,3.12.14,Windows-11-10.0.26200-SP0,dolt version 2.3.1 Warning: unable to query latest released Dolt version
7b7f117bed93430da1e1060d0727f7dc,2026-09-22T22:27:14.063495+00:00,evaluation,small-sparse,Dolt,ok,measured,7,20270822,1000,10,10,spread,32,0c7d0c62a33fc0504bb64032e27fd0a6ee3287574615274ec862000f47f28255,dolt-native,dolt-native,4096,1040.9022,1126.8550500000001,362.8532,349.9176,404559,,unavailable (install psutil),,not exposed by Dolt CLI,95,True,,3.12.14,Windows-11-10.0.26200-SP0,dolt version 2.3.1 Warning: unable to query latest released Dolt version
7b7f117bed93430da1e1060d0727f7dc,2026-09-22T22:27:15.492073+00:00,evaluation,medium-sparse,Snapshot,ok,warmup,1,20270823,10000,10,10,spread,32,5b37053c578c35f2e5d54ca72adc0c72b6fb2afcf6b80ee78c1e7be454403192,full-scan,full-scan,4096,108.3966,88.81845,77.9824,23.3602,5610011,5579230,incremental Python allocations via tracemalloc,10010,keys,100,True,,3.12.14,Windows-11-10.0.26200-SP0,
7b7f117bed93430da1e1060d0727f7dc,2026-09-22T22:27:16.304521+00:00,evaluation,medium-sparse,Snapshot,ok,warmup,2,20270823,10000,10,10,spread,32,5b37053c578c35f2e5d54ca72adc0c72b6fb2afcf6b80ee78c1e7be454403192,full-scan,full-scan,4096,54.7944,57.43315,60.5842,16.8172,5610011,5579230,incremental Python allocations via tracemalloc,10010,keys,100,True,,3.12.14,Windows-11-10.0.26200-SP0,
7b7f117bed93430da1e1060d0727f7dc,2026-09-22T22:27:17.201394+00:00,evaluation,medium-sparse,Snapshot,ok,measured,1,20270823,10000,10,10,spread,32,5b37053c578c35f2e5d54ca72adc0c72b6fb2afcf6b80ee78c1e7be454403192,full-scan,full-scan,4096,60.2993,63.125249999999994,89.2379,20.7332,5610011,5579230,incremental Python allocations via tracemalloc,10010,keys,100,True,,3.12.14,Windows-11-10.0.26200-SP0,
7b7f117bed93430da1e1060d0727f7dc,2026-09-22T22:27:18.206318+00:00,evaluation,medium-sparse,Snapshot,ok,measured,2,20270823,10000,10,10,spread,32,5b37053c578c35f2e5d54ca72adc0c72b6fb2afcf6b80ee78c1e7be454403192,full-scan,full-scan,4096,65.7543,70.64134999999999,120.2313,17.1151,5610011,5579230,incremental Python allocations via tracemalloc,10010,keys,100,True,,3.12.14,Windows-11-10.0.26200-SP0,
7b7f117bed93430da1e1060d0727f7dc,2026-09-22T22:27:19.063974+00:00,evaluation,medium-sparse,Snapshot,ok,measured,3,20270823,10000,10,10,spread,32,5b37053c578c35f2e5d54ca72adc0c72b6fb2afcf6b80ee78c1e7be454403192,full-scan,full-scan,4096,82.9392,58.83125,77.2053,19.3545,5610011,5579230,incremental Python allocations via tracemalloc,10010,keys,100,True,,3.12.14,Windows-11-10.0.26200-SP0,
7b7f117bed93430da1e1060d0727f7dc,2026-09-22T22:27:19.883560+00:00,evaluation,medium-sparse,Snapshot,ok,measured,4,20270823,10000,10,10,spread,32,5b37053c578c35f2e5d54ca72adc0c72b6fb2afcf6b80ee78c1e7be454403192,full-scan,full-scan,4096,56.9624,61.9392,57.2241,15.879,5610011,5579230,incremental Python allocations via tracemalloc,10010,keys,100,True,,3.12.14,Windows-11-10.0.26200-SP0,
7b7f117bed93430da1e1060d0727f7dc,2026-09-22T22:27:20.710419+00:00,evaluation,medium-sparse,Snapshot,ok,measured,5,20270823,10000,10,10,spread,32,5b37053c578c35f2e5d54ca72adc0c72b6fb2afcf6b80ee78c1e7be454403192,full-scan,full-scan,4096,52.0402,63.3835,72.2561,10.8621,5610011,5579230,incremental Python allocations via tracemalloc,10010,keys,100,True,,3.12.14,Windows-11-10.0.26200-SP0,
7b7f117bed93430da1e1060d0727f7dc,2026-09-22T22:27:21.444456+00:00,evaluation,medium-sparse,Snapshot,ok,measured,6,20270823,10000,10,10,spread,32,5b37053c578c35f2e5d54ca72adc0c72b6fb2afcf6b80ee78c1e7be454403192,full-scan,full-scan,4096,82.5943,49.18155,63.6448,14.2509,5610011,5579230,incremental Python allocations via tracemalloc,10010,keys,100,True,,3.12.14,Windows-11-10.0.26200-SP0,
7b7f117bed93430da1e1060d0727f7dc,2026-09-22T22:27:22.216308+00:00,evaluation,medium-sparse,Snapshot,ok,measured,7,20270823,10000,10,10,spread,32,5b37053c578c35f2e5d54ca72adc0c72b6fb2afcf6b80ee78c1e7be454403192,full-scan,full-scan,4096,65.831,54.713449999999995,57.7339,13.6533,5610011,5579230,incremental Python allocations via tracemalloc,10010,keys,100,True,,3.12.14,Windows-11-10.0.26200-SP0,
7b7f117bed93430da1e1060d0727f7dc,2026-09-22T22:27:22.410160+00:00,evaluation,medium-sparse,Log-only,ok,warmup,1,20270823,10000,10,10,spread,32,5b37053c578c35f2e5d54ca72adc0c72b6fb2afcf6b80ee78c1e7be454403192,operation-log,operation-log,4096,52.51,3.3810000000000002,11.4218,28.8696,523883,2205450,incremental Python allocations via tracemalloc,100,operations,100,True,,3.12.14,Windows-11-10.0.26200-SP0,
7b7f117bed93430da1e1060d0727f7dc,2026-09-22T22:27:22.607435+00:00,evaluation,medium-sparse,Log-only,ok,warmup,2,20270823,10000,10,10,spread,32,5b37053c578c35f2e5d54ca72adc0c72b6fb2afcf6b80ee78c1e7be454403192,operation-log,operation-log,4096,50.7762,3.2537000000000003,11.821,35.5563,523883,2205450,incremental Python allocations via tracemalloc,100,operations,100,True,,3.12.14,Windows-11-10.0.26200-SP0,
7b7f117bed93430da1e1060d0727f7dc,2026-09-22T22:27:22.816041+00:00,evaluation,medium-sparse,Log-only,ok,measured,1,20270823,10000,10,10,spread,32,5b37053c578c35f2e5d54ca72adc0c72b6fb2afcf6b80ee78c1e7be454403192,operation-log,operation-log,4096,57.5857,3.4785,10.733,29.975,523883,2205450,incremental Python allocations via tracemalloc,100,operations,100,True,,3.12.14,Windows-11-10.0.26200-SP0,
7b7f117bed93430da1e1060d0727f7dc,2026-09-22T22:27:23.048730+00:00,evaluation,medium-sparse,Log-only,ok,measured,2,20270823,10000,10,10,spread,32,5b37053c578c35f2e5d54ca72adc0c72b6fb2afcf6b80ee78c1e7be454403192,operation-log,operation-log,4096,66.2339,3.71945,17.5102,41.503,523883,2205450,incremental Python allocations via tracemalloc,100,operations,100,True,,3.12.14,Windows-11-10.0.26200-SP0,
7b7f117bed93430da1e1060d0727f7dc,2026-09-22T22:27:23.253930+00:00,evaluation,medium-sparse,Log-only,ok,measured,3,20270823,10000,10,10,spread,32,5b37053c578c35f2e5d54ca72adc0c72b6fb2afcf6b80ee78c1e7be454403192,operation-log,operation-log,4096,55.9434,3.3890000000000002,10.6346,39.4061,523883,2205450,incremental Python allocations via tracemalloc,100,operations,100,True,,3.12.14,Windows-11-10.0.26200-SP0,
7b7f117bed93430da1e1060d0727f7dc,2026-09-22T22:27:23.518909+00:00,evaluation,medium-sparse,Log-only,ok,measured,4,20270823,10000,10,10,spread,32,5b37053c578c35f2e5d54ca72adc0c72b6fb2afcf6b80ee78c1e7be454403192,operation-log,operation-log,4096,59.8422,4.585800000000001,14.3593,44.5184,523883,2205450,incremental Python allocations via tracemalloc,100,operations,100,True,,3.12.14,Windows-11-10.0.26200-SP0,
7b7f117bed93430da1e1060d0727f7dc,2026-09-22T22:27:23.853367+00:00,evaluation,medium-sparse,Log-only,ok,measured,5,20270823,10000,10,10,spread,32,5b37053c578c35f2e5d54ca72adc0c72b6fb2afcf6b80ee78c1e7be454403192,operation-log,operation-log,4096,59.7016,5.10125,22.9123,47.7769,523883,2205450,incremental Python allocations via tracemalloc,100,operations,100,True,,3.12.14,Windows-11-10.0.26200-SP0,
7b7f117bed93430da1e1060d0727f7dc,2026-09-22T22:27:24.322833+00:00,evaluation,medium-sparse,Log-only,ok,measured,6,20270823,10000,10,10,spread,32,5b37053c578c35f2e5d54ca72adc0c72b6fb2afcf6b80ee78c1e7be454403192,operation-log,operation-log,4096,95.9011,4.7244,38.9588,92.3953,523883,2205450,incremental Python allocations via tracemalloc,100,operations,100,True,,3.12.14,Windows-11-10.0.26200-SP0,
7b7f117bed93430da1e1060d0727f7dc,2026-09-22T22:27:24.774152+00:00,evaluation,medium-sparse,Log-only,ok,measured,7,20270823,10000,10,10,spread,32,5b37053c578c35f2e5d54ca72adc0c72b6fb2afcf6b80ee78c1e7be454403192,operation-log,operation-log,4096,100.063,5.6796,33.6616,71.7653,523883,2205450,incremental Python allocations via tracemalloc,100,operations,100,True,,3.12.14,Windows-11-10.0.26200-SP0,
7b7f117bed93430da1e1060d0727f7dc,2026-09-22T22:27:27.733990+00:00,evaluation,medium-sparse,Revon-M (forced Merkle),ok,warmup,1,20270823,10000,10,10,spread,32,5b37053c578c35f2e5d54ca72adc0c72b6fb2afcf6b80ee78c1e7be454403192,merkle,merkle,4096,2077.0399,53.28035,9.0836,13.9176,3055616,9861539,incremental Python allocations via tracemalloc,1141,tree node pairs,100,True,,3.12.14,Windows-11-10.0.26200-SP0,
7b7f117bed93430da1e1060d0727f7dc,2026-09-22T22:27:30.216704+00:00,evaluation,medium-sparse,Revon-M (forced Merkle),ok,warmup,2,20270823,10000,10,10,spread,32,5b37053c578c35f2e5d54ca72adc0c72b6fb2afcf6b80ee78c1e7be454403192,merkle,merkle,4096,1863.8187,37.351150000000004,9.6733,6.4734,3059712,9861539,incremental Python allocations via tracemalloc,1141,tree node pairs,100,True,,3.12.14,Windows-11-10.0.26200-SP0,
7b7f117bed93430da1e1060d0727f7dc,2026-09-22T22:27:32.268215+00:00,evaluation,medium-sparse,Revon-M (forced Merkle),ok,measured,1,20270823,10000,10,10,spread,32,5b37053c578c35f2e5d54ca72adc0c72b6fb2afcf6b80ee78c1e7be454403192,merkle,merkle,4096,1413.6421,40.14005,6.88,10.7284,3051520,9861539,incremental Python allocations via tracemalloc,1141,tree node pairs,100,True,,3.12.14,Windows-11-10.0.26200-SP0,
7b7f117bed93430da1e1060d0727f7dc,2026-09-22T22:27:34.382822+00:00,evaluation,medium-sparse,Revon-M (forced Merkle),ok,measured,2,20270823,10000,10,10,spread,32,5b37053c578c35f2e5d54ca72adc0c72b6fb2afcf6b80ee78c1e7be454403192,merkle,merkle,4096,1554.4885,34.4983,7.3954,9.2365,3035136,9861539,incremental Python allocations via tracemalloc,1141,tree node pairs,100,True,,3.12.14,Windows-11-10.0.26200-SP0,
7b7f117bed93430da1e1060d0727f7dc,2026-09-22T22:27:37.115474+00:00,evaluation,medium-sparse,Revon-M (forced Merkle),ok,measured,3,20270823,10000,10,10,spread,32,5b37053c578c35f2e5d54ca72adc0c72b6fb2afcf6b80ee78c1e7be454403192,merkle,merkle,4096,2108.9656,35.7736,10.1467,12.478,3055616,9861539,incremental Python allocations via tracemalloc,1141,tree node pairs,100,True,,3.12.14,Windows-11-10.0.26200-SP0,
7b7f117bed93430da1e1060d0727f7dc,2026-09-22T22:27:39.975046+00:00,evaluation,medium-sparse,Revon-M (forced Merkle),ok,measured,4,20270823,10000,10,10,spread,32,5b37053c578c35f2e5d54ca72adc0c72b6fb2afcf6b80ee78c1e7be454403192,merkle,merkle,4096,2099.9112,43.9547,9.4511,11.8726,3055616,9861539,incremental Python allocations via tracemalloc,1141,tree node pairs,100,True,,3.12.14,Windows-11-10.0.26200-SP0,
7b7f117bed93430da1e1060d0727f7dc,2026-09-22T22:27:42.603689+00:00,evaluation,medium-sparse,Revon-M (forced Merkle),ok,measured,5,20270823,10000,10,10,spread,32,5b37053c578c35f2e5d54ca72adc0c72b6fb2afcf6b80ee78c1e7be454403192,merkle,merkle,4096,1865.1773,44.334500000000006,16.456,12.1858,3055616,9861539,incremental Python allocations via tracemalloc,1141,tree node pairs,100,True,,3.12.14,Windows-11-10.0.26200-SP0,
7b7f117bed93430da1e1060d0727f7dc,2026-09-22T22:27:44.924660+00:00,evaluation,medium-sparse,Revon-M (forced Merkle),ok,measured,6,20270823,10000,10,10,spread,32,5b37053c578c35f2e5d54ca72adc0c72b6fb2afcf6b80ee78c1e7be454403192,merkle,merkle,4096,1607.5233,33.1271,12.6102,18.7543,3059712,9861539,incremental Python allocations via tracemalloc,1141,tree node pairs,100,True,,3.12.14,Windows-11-10.0.26200-SP0,
7b7f117bed93430da1e1060d0727f7dc,2026-09-22T22:27:48.323946+00:00,evaluation,medium-sparse,Revon-M (forced Merkle),ok,measured,7,20270823,10000,10,10,spread,32,5b37053c578c35f2e5d54ca72adc0c72b6fb2afcf6b80ee78c1e7be454403192,merkle,merkle,4096,2564.3592,46.86265,9.2962,11.4287,3072000,9861539,incremental Python allocations via tracemalloc,1141,tree node pairs,100,True,,3.12.14,Windows-11-10.0.26200-SP0,
7b7f117bed93430da1e1060d0727f7dc,2026-09-22T22:27:50.866656+00:00,evaluation,medium-sparse,Revon-H,ok,warmup,1,20270823,10000,10,10,spread,32,5b37053c578c35f2e5d54ca72adc0c72b6fb2afcf6b80ee78c1e7be454403192,hybrid,log,4096,1817.1097,38.15505,0.759,12.3016,3059712,9861539,incremental Python allocations via tracemalloc,100,log operations,100,True,,3.12.14,Windows-11-10.0.26200-SP0,
7b7f117bed93430da1e1060d0727f7dc,2026-09-22T22:27:53.097696+00:00,evaluation,medium-sparse,Revon-H,ok,warmup,2,20270823,10000,10,10,spread,32,5b37053c578c35f2e5d54ca72adc0c72b6fb2afcf6b80ee78c1e7be454403192,hybrid,log,4096,1720.0757,28.889400000000002,0.6912,6.5905,3063808,9861539,incremental Python allocations via tracemalloc,100,log operations,100,True,,3.12.14,Windows-11-10.0.26200-SP0,
7b7f117bed93430da1e1060d0727f7dc,2026-09-22T22:27:55.193650+00:00,evaluation,medium-sparse,Revon-H,ok,measured,1,20270823,10000,10,10,spread,32,5b37053c578c35f2e5d54ca72adc0c72b6fb2afcf6b80ee78c1e7be454403192,hybrid,log,4096,1485.9729,39.44845,0.6148,11.6227,3047424,9861539,incremental Python allocations via tracemalloc,100,log operations,100,True,,3.12.14,Windows-11-10.0.26200-SP0,
7b7f117bed93430da1e1060d0727f7dc,2026-09-22T22:27:57.433896+00:00,evaluation,medium-sparse,Revon-H,ok,measured,2,20270823,10000,10,10,spread,32,5b37053c578c35f2e5d54ca72adc0c72b6fb2afcf6b80ee78c1e7be454403192,hybrid,log,4096,1636.042,36.27395,0.8859,8.715,3051520,9861539,incremental Python allocations via tracemalloc,100,log operations,100,True,,3.12.14,Windows-11-10.0.26200-SP0,
7b7f117bed93430da1e1060d0727f7dc,2026-09-22T22:28:00.188101+00:00,evaluation,medium-sparse,Revon-H,ok,measured,3,20270823,10000,10,10,spread,32,5b37053c578c35f2e5d54ca72adc0c72b6fb2afcf6b80ee78c1e7be454403192,hybrid,log,4096,1872.5862,52.86105,4.4932,14.7376,3055616,9861539,incremental Python allocations via tracemalloc,100,log operations,100,True,,3.12.14,Windows-11-10.0.26200-SP0,
7b7f117bed93430da1e1060d0727f7dc,2026-09-22T22:28:02.658821+00:00,evaluation,medium-sparse,Revon-H,ok,measured,4,20270823,10000,10,10,spread,32,5b37053c578c35f2e5d54ca72adc0c72b6fb2afcf6b80ee78c1e7be454403192,hybrid,log,4096,1899.086,32.564499999999995,0.5851,8.3541,3051520,9861539,incremental Python allocations via tracemalloc,100,log operations,100,True,,3.12.14,Windows-11-10.0.26200-SP0,
7b7f117bed93430da1e1060d0727f7dc,2026-09-22T22:28:04.856010+00:00,evaluation,medium-sparse,Revon-H,ok,measured,5,20270823,10000,10,10,spread,32,5b37053c578c35f2e5d54ca72adc0c72b6fb2afcf6b80ee78c1e7be454403192,hybrid,log,4096,1569.1966,37.35255,0.6241,11.6735,3059712,9861539,incremental Python allocations via tracemalloc,100,log operations,100,True,,3.12.14,Windows-11-10.0.26200-SP0,
7b7f117bed93430da1e1060d0727f7dc,2026-09-22T22:28:06.988767+00:00,evaluation,medium-sparse,Revon-H,ok,measured,6,20270823,10000,10,10,spread,32,5b37053c578c35f2e5d54ca72adc0c72b6fb2afcf6b80ee78c1e7be454403192,hybrid,log,4096,1497.9795,36.1562,0.6754,7.7847,3063808,9861539,incremental Python allocations via tracemalloc,100,log operations,100,True,,3.12.14,Windows-11-10.0.26200-SP0,
7b7f117bed93430da1e1060d0727f7dc,2026-09-22T22:28:09.173158+00:00,evaluation,medium-sparse,Revon-H,ok,measured,7,20270823,10000,10,10,spread,32,5b37053c578c35f2e5d54ca72adc0c72b6fb2afcf6b80ee78c1e7be454403192,hybrid,log,4096,1635.7731,30.25995,0.7177,8.0563,3043328,9861539,incremental Python allocations via tracemalloc,100,log operations,100,True,,3.12.14,Windows-11-10.0.26200-SP0,
7b7f117bed93430da1e1060d0727f7dc,2026-09-22T22:28:30.981467+00:00,evaluation,medium-sparse,Dolt,ok,warmup,1,20270823,10000,10,10,spread,32,5b37053c578c35f2e5d54ca72adc0c72b6fb2afcf6b80ee78c1e7be454403192,dolt-native,dolt-native,4096,2853.5567,1598.00865,664.4328,746.1893,967973,,unavailable (install psutil),,not exposed by Dolt CLI,100,True,,3.12.14,Windows-11-10.0.26200-SP0,dolt version 2.3.1 Warning: unable to query latest released Dolt version
7b7f117bed93430da1e1060d0727f7dc,2026-09-22T22:28:52.607405+00:00,evaluation,medium-sparse,Dolt,ok,warmup,2,20270823,10000,10,10,spread,32,5b37053c578c35f2e5d54ca72adc0c72b6fb2afcf6b80ee78c1e7be454403192,dolt-native,dolt-native,4096,1703.0126,1624.86965,607.8204,613.3644,967763,,unavailable (install psutil),,not exposed by Dolt CLI,100,True,,3.12.14,Windows-11-10.0.26200-SP0,dolt version 2.3.1 Warning: unable to query latest released Dolt version
7b7f117bed93430da1e1060d0727f7dc,2026-09-22T22:29:15.674423+00:00,evaluation,medium-sparse,Dolt,ok,measured,1,20270823,10000,10,10,spread,32,5b37053c578c35f2e5d54ca72adc0c72b6fb2afcf6b80ee78c1e7be454403192,dolt-native,dolt-native,4096,2561.3436,1782.99065,343.7942,570.6441,967871,,unavailable (install psutil),,not exposed by Dolt CLI,100,True,,3.12.14,Windows-11-10.0.26200-SP0,dolt version 2.3.1 Warning: unable to query latest released Dolt version
7b7f117bed93430da1e1060d0727f7dc,2026-09-22T22:29:36.167900+00:00,evaluation,medium-sparse,Dolt,ok,measured,2,20270823,10000,10,10,spread,32,5b37053c578c35f2e5d54ca72adc0c72b6fb2afcf6b80ee78c1e7be454403192,dolt-native,dolt-native,4096,1720.251,1595.9801499999999,350.4729,679.1739,968538,,unavailable (install psutil),,not exposed by Dolt CLI,100,True,,3.12.14,Windows-11-10.0.26200-SP0,dolt version 2.3.1 Warning: unable to query latest released Dolt version
7b7f117bed93430da1e1060d0727f7dc,2026-09-22T22:30:11.800336+00:00,evaluation,medium-sparse,Dolt,ok,measured,3,20270823,10000,10,10,spread,32,5b37053c578c35f2e5d54ca72adc0c72b6fb2afcf6b80ee78c1e7be454403192,dolt-native,dolt-native,4096,1779.7472,2786.5518,560.1544,1187.8425,968977,,unavailable (install psutil),,not exposed by Dolt CLI,100,True,,3.12.14,Windows-11-10.0.26200-SP0,dolt version 2.3.1 Warning: unable to query latest released Dolt version
7b7f117bed93430da1e1060d0727f7dc,2026-09-22T22:30:40.293415+00:00,evaluation,medium-sparse,Dolt,ok,measured,4,20270823,10000,10,10,spread,32,5b37053c578c35f2e5d54ca72adc0c72b6fb2afcf6b80ee78c1e7be454403192,dolt-native,dolt-native,4096,3008.5985,1793.8721500000001,338.725,615.3655,968097,,unavailable (install psutil),,not exposed by Dolt CLI,100,True,,3.12.14,Windows-11-10.0.26200-SP0,dolt version 2.3.1 Warning: unable to query latest released Dolt version
7b7f117bed93430da1e1060d0727f7dc,2026-09-22T22:31:03.711357+00:00,evaluation,medium-sparse,Dolt,ok,measured,5,20270823,10000,10,10,spread,32,5b37053c578c35f2e5d54ca72adc0c72b6fb2afcf6b80ee78c1e7be454403192,dolt-native,dolt-native,4096,1622.8414,1694.5729999999999,357.097,585.5938,968514,,unavailable (install psutil),,not exposed by Dolt CLI,100,True,,3.12.14,Windows-11-10.0.26200-SP0,dolt version 2.3.1 Warning: unable to query latest released Dolt version
7b7f117bed93430da1e1060d0727f7dc,2026-09-22T22:31:24.406883+00:00,evaluation,medium-sparse,Dolt,ok,measured,6,20270823,10000,10,10,spread,32,5b37053c578c35f2e5d54ca72adc0c72b6fb2afcf6b80ee78c1e7be454403192,dolt-native,dolt-native,4096,1844.6824,1570.75295,360.6968,573.8323,968163,,unavailable (install psutil),,not exposed by Dolt CLI,100,True,,3.12.14,Windows-11-10.0.26200-SP0,dolt version 2.3.1 Warning: unable to query latest released Dolt version
7b7f117bed93430da1e1060d0727f7dc,2026-09-22T22:31:40.796404+00:00,evaluation,medium-sparse,Dolt,ok,measured,7,20270823,10000,10,10,spread,32,5b37053c578c35f2e5d54ca72adc0c72b6fb2afcf6b80ee78c1e7be454403192,dolt-native,dolt-native,4096,1619.5266,1160.17345,274.7354,472.1799,968019,,unavailable (install psutil),,not exposed by Dolt CLI,100,True,,3.12.14,Windows-11-10.0.26200-SP0,dolt version 2.3.1 Warning: unable to query latest released Dolt version
7b7f117bed93430da1e1060d0727f7dc,2026-09-22T22:31:42.023874+00:00,evaluation,medium-dense,Snapshot,ok,warmup,1,20270824,10000,10,1000,spread,32,53c484416da0adeed737d289063de17c35f8f0b1d6554eff2b120d8091ddb8f4,full-scan,full-scan,4096,129.6544,62.00985,79.81,17.6893,5610011,5579230,incremental Python allocations via tracemalloc,10010,keys,6502,True,,3.12.14,Windows-11-10.0.26200-SP0,
7b7f117bed93430da1e1060d0727f7dc,2026-09-22T22:31:42.855808+00:00,evaluation,medium-dense,Snapshot,ok,warmup,2,20270824,10000,10,1000,spread,32,53c484416da0adeed737d289063de17c35f8f0b1d6554eff2b120d8091ddb8f4,full-scan,full-scan,4096,58.2394,58.27565,69.1484,13.258,5610011,5579230,incremental Python allocations via tracemalloc,10010,keys,6502,True,,3.12.14,Windows-11-10.0.26200-SP0,
7b7f117bed93430da1e1060d0727f7dc,2026-09-22T22:31:43.648894+00:00,evaluation,medium-dense,Snapshot,ok,measured,1,20270824,10000,10,1000,spread,32,53c484416da0adeed737d289063de17c35f8f0b1d6554eff2b120d8091ddb8f4,full-scan,full-scan,4096,54.4099,53.3805,84.2241,12.9863,5610011,5579230,incremental Python allocations via tracemalloc,10010,keys,6502,True,,3.12.14,Windows-11-10.0.26200-SP0,
7b7f117bed93430da1e1060d0727f7dc,2026-09-22T22:31:44.674978+00:00,evaluation,medium-dense,Snapshot,ok,measured,2,20270824,10000,10,1000,spread,32,53c484416da0adeed737d289063de17c35f8f0b1d6554eff2b120d8091ddb8f4,full-scan,full-scan,4096,48.3698,58.5099,75.8419,18.7719,5610011,5579230,incremental Python allocations via tracemalloc,10010,keys,6502,True,,3.12.14,Windows-11-10.0.26200-SP0,
7b7f117bed93430da1e1060d0727f7dc,2026-09-22T22:31:45.552032+00:00,evaluation,medium-dense,Snapshot,ok,measured,3,20270824,10000,10,1000,spread,32,53c484416da0adeed737d289063de17c35f8f0b1d6554eff2b120d8091ddb8f4,full-scan,full-scan,4096,59.1938,60.495450000000005,86.0202,17.7519,5610011,5579230,incremental Python allocations via tracemalloc,10010,keys,6502,True,,3.12.14,Windows-11-10.0.26200-SP0,
7b7f117bed93430da1e1060d0727f7dc,2026-09-22T22:31:46.421460+00:00,evaluation,medium-dense,Snapshot,ok,measured,4,20270824,10000,10,1000,spread,32,53c484416da0adeed737d289063de17c35f8f0b1d6554eff2b120d8091ddb8f4,full-scan,full-scan,4096,68.6539,56.5072,66.5446,15.4742,5610011,5579230,incremental Python allocations via tracemalloc,10010,keys,6502,True,,3.12.14,Windows-11-10.0.26200-SP0,
7b7f117bed93430da1e1060d0727f7dc,2026-09-22T22:31:47.304000+00:00,evaluation,medium-dense,Snapshot,ok,measured,5,20270824,10000,10,1000,spread,32,53c484416da0adeed737d289063de17c35f8f0b1d6554eff2b120d8091ddb8f4,full-scan,full-scan,4096,65.061,60.14165,67.2451,19.484,5610011,5579230,incremental Python allocations via tracemalloc,10010,keys,6502,True,,3.12.14,Windows-11-10.0.26200-SP0,
7b7f117bed93430da1e1060d0727f7dc,2026-09-22T22:31:48.293632+00:00,evaluation,medium-dense,Snapshot,ok,measured,6,20270824,10000,10,1000,spread,32,53c484416da0adeed737d289063de17c35f8f0b1d6554eff2b120d8091ddb8f4,full-scan,full-scan,4096,88.8139,59.671499999999995,67.1448,21.9085,5610011,5579230,incremental Python allocations via tracemalloc,10010,keys,6502,True,,3.12.14,Windows-11-10.0.26200-SP0,
7b7f117bed93430da1e1060d0727f7dc,2026-09-22T22:31:49.131834+00:00,evaluation,medium-dense,Snapshot,ok,measured,7,20270824,10000,10,1000,spread,32,53c484416da0adeed737d289063de17c35f8f0b1d6554eff2b120d8091ddb8f4,full-scan,full-scan,4096,56.8454,55.3268,82.5566,19.9805,5610011,5579230,incremental Python allocations via tracemalloc,10010,keys,6502,True,,3.12.14,Windows-11-10.0.26200-SP0,
7b7f117bed93430da1e1060d0727f7dc,2026-09-22T22:31:49.883993+00:00,evaluation,medium-dense,Log-only,ok,warmup,1,20270824,10000,10,1000,spread,32,53c484416da0adeed737d289063de17c35f8f0b1d6554eff2b120d8091ddb8f4,operation-log,operation-log,4096,108.781,27.3754,99.9178,102.5685,1929683,5571903,incremental Python allocations via tracemalloc,10000,operations,6502,True,,3.12.14,Windows-11-10.0.26200-SP0,
7b7f117bed93430da1e1060d0727f7dc,2026-09-22T22:31:50.484795+00:00,evaluation,medium-dense,Log-only,ok,warmup,2,20270824,10000,10,1000,spread,32,53c484416da0adeed737d289063de17c35f8f0b1d6554eff2b120d8091ddb8f4,operation-log,operation-log,4096,58.9471,21.9762,97.8902,111.5763,1929683,5571903,incremental Python allocations via tracemalloc,10000,operations,6502,True,,3.12.14,Windows-11-10.0.26200-SP0,
7b7f117bed93430da1e1060d0727f7dc,2026-09-22T22:31:51.133920+00:00,evaluation,medium-dense,Log-only,ok,measured,1,20270824,10000,10,1000,spread,32,53c484416da0adeed737d289063de17c35f8f0b1d6554eff2b120d8091ddb8f4,operation-log,operation-log,4096,55.205,24.79725,117.8687,125.6542,1929683,5571903,incremental Python allocations via tracemalloc,10000,operations,6502,True,,3.12.14,Windows-11-10.0.26200-SP0,
7b7f117bed93430da1e1060d0727f7dc,2026-09-22T22:31:51.862639+00:00,evaluation,medium-dense,Log-only,ok,measured,2,20270824,10000,10,1000,spread,32,53c484416da0adeed737d289063de17c35f8f0b1d6554eff2b120d8091ddb8f4,operation-log,operation-log,4096,52.5302,26.5306,127.8603,141.6073,1929683,5571903,incremental Python allocations via tracemalloc,10000,operations,6502,True,,3.12.14,Windows-11-10.0.26200-SP0,
7b7f117bed93430da1e1060d0727f7dc,2026-09-22T22:31:52.556522+00:00,evaluation,medium-dense,Log-only,ok,measured,3,20270824,10000,10,1000,spread,32,53c484416da0adeed737d289063de17c35f8f0b1d6554eff2b120d8091ddb8f4,operation-log,operation-log,4096,63.7453,25.88605,121.8202,120.3137,1929683,5571903,incremental Python allocations via tracemalloc,10000,operations,6502,True,,3.12.14,Windows-11-10.0.26200-SP0,
7b7f117bed93430da1e1060d0727f7dc,2026-09-22T22:31:53.177458+00:00,evaluation,medium-dense,Log-only,ok,measured,4,20270824,10000,10,1000,spread,32,53c484416da0adeed737d289063de17c35f8f0b1d6554eff2b120d8091ddb8f4,operation-log,operation-log,4096,54.5622,23.41315,104.3759,117.1954,1929683,5571903,incremental Python allocations via tracemalloc,10000,operations,6502,True,,3.12.14,Windows-11-10.0.26200-SP0,
7b7f117bed93430da1e1060d0727f7dc,2026-09-22T22:31:53.941071+00:00,evaluation,medium-dense,Log-only,ok,measured,5,20270824,10000,10,1000,spread,32,53c484416da0adeed737d289063de17c35f8f0b1d6554eff2b120d8091ddb8f4,operation-log,operation-log,4096,51.1376,26.6962,123.4722,117.4934,1929683,5571903,incremental Python allocations via tracemalloc,10000,operations,6502,True,,3.12.14,Windows-11-10.0.26200-SP0,
7b7f117bed93430da1e1060d0727f7dc,2026-09-22T22:31:54.899159+00:00,evaluation,medium-dense,Log-only,ok,measured,6,20270824,10000,10,1000,spread,32,53c484416da0adeed737d289063de17c35f8f0b1d6554eff2b120d8091ddb8f4,operation-log,operation-log,4096,63.1302,28.32675,271.3375,157.7829,1929683,5571903,incremental Python allocations via tracemalloc,10000,operations,6502,True,,3.12.14,Windows-11-10.0.26200-SP0,
7b7f117bed93430da1e1060d0727f7dc,2026-09-22T22:31:55.826364+00:00,evaluation,medium-dense,Log-only,ok,measured,7,20270824,10000,10,1000,spread,32,53c484416da0adeed737d289063de17c35f8f0b1d6554eff2b120d8091ddb8f4,operation-log,operation-log,4096,65.1216,31.08375,170.9122,175.0014,1929683,5571903,incremental Python allocations via tracemalloc,10000,operations,6502,True,,3.12.14,Windows-11-10.0.26200-SP0,
7b7f117bed93430da1e1060d0727f7dc,2026-09-22T22:32:04.383910+00:00,evaluation,medium-dense,Revon-M (forced Merkle),ok,warmup,1,20270824,10000,10,1000,spread,32,53c484416da0adeed737d289063de17c35f8f0b1d6554eff2b120d8091ddb8f4,merkle,merkle,4096,2132.4748,621.2981500000001,102.2131,12.0607,11206656,9861539,incremental Python allocations via tracemalloc,4311,tree node pairs,6502,True,,3.12.14,Windows-11-10.0.26200-SP0,
7b7f117bed93430da1e1060d0727f7dc,2026-09-22T22:32:14.961637+00:00,evaluation,medium-dense,Revon-M (forced Merkle),ok,warmup,2,20270824,10000,10,1000,spread,32,53c484416da0adeed737d289063de17c35f8f0b1d6554eff2b120d8091ddb8f4,merkle,merkle,4096,1593.9656,613.12465,124.0708,9.0998,11210752,9861539,incremental Python allocations via tracemalloc,4311,tree node pairs,6502,True,,3.12.14,Windows-11-10.0.26200-SP0,
7b7f117bed93430da1e1060d0727f7dc,2026-09-22T22:32:23.427379+00:00,evaluation,medium-dense,Revon-M (forced Merkle),ok,measured,1,20270824,10000,10,1000,spread,32,53c484416da0adeed737d289063de17c35f8f0b1d6554eff2b120d8091ddb8f4,merkle,merkle,4096,1528.1303,660.678,113.0378,9.2478,11182080,9861539,incremental Python allocations via tracemalloc,4311,tree node pairs,6502,True,,3.12.14,Windows-11-10.0.26200-SP0,
7b7f117bed93430da1e1060d0727f7dc,2026-09-22T22:32:32.401818+00:00,evaluation,medium-dense,Revon-M (forced Merkle),ok,measured,2,20270824,10000,10,1000,spread,32,53c484416da0adeed737d289063de17c35f8f0b1d6554eff2b120d8091ddb8f4,merkle,merkle,4096,1653.1824,562.56785,109.2687,9.7479,11194368,9861539,incremental Python allocations via tracemalloc,4311,tree node pairs,6502,True,,3.12.14,Windows-11-10.0.26200-SP0,
7b7f117bed93430da1e1060d0727f7dc,2026-09-22T22:32:40.276169+00:00,evaluation,medium-dense,Revon-M (forced Merkle),ok,measured,3,20270824,10000,10,1000,spread,32,53c484416da0adeed737d289063de17c35f8f0b1d6554eff2b120d8091ddb8f4,merkle,merkle,4096,1488.0355,594.80825,100.4959,10.3603,11124736,9861539,incremental Python allocations via tracemalloc,4311,tree node pairs,6502,True,,3.12.14,Windows-11-10.0.26200-SP0,
7b7f117bed93430da1e1060d0727f7dc,2026-09-22T22:32:52.383915+00:00,evaluation,medium-dense,Revon-M (forced Merkle),ok,measured,4,20270824,10000,10,1000,spread,32,53c484416da0adeed737d289063de17c35f8f0b1d6554eff2b120d8091ddb8f4,merkle,merkle,4096,1744.2325,775.2536,113.6685,8.1283,11182080,9861539,incremental Python allocations via tracemalloc,4311,tree node pairs,6502,True,,3.12.14,Windows-11-10.0.26200-SP0,
7b7f117bed93430da1e1060d0727f7dc,2026-09-22T22:33:02.175913+00:00,evaluation,medium-dense,Revon-M (forced Merkle),ok,measured,5,20270824,10000,10,1000,spread,32,53c484416da0adeed737d289063de17c35f8f0b1d6554eff2b120d8091ddb8f4,merkle,merkle,4096,1805.5793,718.7076999999999,115.4479,12.9475,11161600,9861539,incremental Python allocations via tracemalloc,4311,tree node pairs,6502,True,,3.12.14,Windows-11-10.0.26200-SP0,
7b7f117bed93430da1e1060d0727f7dc,2026-09-22T22:33:10.743318+00:00,evaluation,medium-dense,Revon-M (forced Merkle),ok,measured,6,20270824,10000,10,1000,spread,32,53c484416da0adeed737d289063de17c35f8f0b1d6554eff2b120d8091ddb8f4,merkle,merkle,4096,1809.3474,616.3595499999999,114.1053,9.4211,11153408,9861539,incremental Python allocations via tracemalloc,4311,tree node pairs,6502,True,,3.12.14,Windows-11-10.0.26200-SP0,
7b7f117bed93430da1e1060d0727f7dc,2026-09-22T22:33:20.391764+00:00,evaluation,medium-dense,Revon-M (forced Merkle),ok,measured,7,20270824,10000,10,1000,spread,32,53c484416da0adeed737d289063de17c35f8f0b1d6554eff2b120d8091ddb8f4,merkle,merkle,4096,1581.9764,631.54315,119.2788,10.6645,11137024,9861539,incremental Python allocations via tracemalloc,4311,tree node pairs,6502,True,,3.12.14,Windows-11-10.0.26200-SP0,
7b7f117bed93430da1e1060d0727f7dc,2026-09-22T22:33:31.801740+00:00,evaluation,medium-dense,Revon-H,ok,warmup,1,20270824,10000,10,1000,spread,32,53c484416da0adeed737d289063de17c35f8f0b1d6554eff2b120d8091ddb8f4,hybrid,merkle,4096,1900.5865,575.1906,97.2969,7.65,11177984,9861539,incremental Python allocations via tracemalloc,4311,tree node pairs,6502,True,,3.12.14,Windows-11-10.0.26200-SP0,
7b7f117bed93430da1e1060d0727f7dc,2026-09-22T22:33:39.868658+00:00,evaluation,medium-dense,Revon-H,ok,warmup,2,20270824,10000,10,1000,spread,32,53c484416da0adeed737d289063de17c35f8f0b1d6554eff2b120d8091ddb8f4,hybrid,merkle,4096,1543.4303,614.40635,136.771,13.505,11206656,9861539,incremental Python allocations via tracemalloc,4311,tree node pairs,6502,True,,3.12.14,Windows-11-10.0.26200-SP0,
7b7f117bed93430da1e1060d0727f7dc,2026-09-22T22:33:47.447992+00:00,evaluation,medium-dense,Revon-H,ok,measured,1,20270824,10000,10,1000,spread,32,53c484416da0adeed737d289063de17c35f8f0b1d6554eff2b120d8091ddb8f4,hybrid,merkle,4096,1699.4197,562.3905,106.274,8.9261,11137024,9861539,incremental Python allocations via tracemalloc,4311,tree node pairs,6502,True,,3.12.14,Windows-11-10.0.26200-SP0,
7b7f117bed93430da1e1060d0727f7dc,2026-09-22T22:33:57.391350+00:00,evaluation,medium-dense,Revon-H,ok,measured,2,20270824,10000,10,1000,spread,32,53c484416da0adeed737d289063de17c35f8f0b1d6554eff2b120d8091ddb8f4,hybrid,merkle,4096,2039.9224,719.4853499999999,124.2344,11.4748,11116544,9861539,incremental Python allocations via tracemalloc,4311,tree node pairs,6502,True,,3.12.14,Windows-11-10.0.26200-SP0,
7b7f117bed93430da1e1060d0727f7dc,2026-09-22T22:34:07.237016+00:00,evaluation,medium-dense,Revon-H,ok,measured,3,20270824,10000,10,1000,spread,32,53c484416da0adeed737d289063de17c35f8f0b1d6554eff2b120d8091ddb8f4,hybrid,merkle,4096,2063.4158,672.3499999999999,130.039,11.2814,11198464,9861539,incremental Python allocations via tracemalloc,4311,tree node pairs,6502,True,,3.12.14,Windows-11-10.0.26200-SP0,
7b7f117bed93430da1e1060d0727f7dc,2026-09-22T22:34:19.859144+00:00,evaluation,medium-dense,Revon-H,ok,measured,4,20270824,10000,10,1000,spread,32,53c484416da0adeed737d289063de17c35f8f0b1d6554eff2b120d8091ddb8f4,hybrid,merkle,4096,2313.8282,810.3825999999999,107.4103,11.922,11165696,9861539,incremental Python allocations via tracemalloc,4311,tree node pairs,6502,True,,3.12.14,Windows-11-10.0.26200-SP0,
7b7f117bed93430da1e1060d0727f7dc,2026-09-22T22:34:32.086951+00:00,evaluation,medium-dense,Revon-H,ok,measured,5,20270824,10000,10,1000,spread,32,53c484416da0adeed737d289063de17c35f8f0b1d6554eff2b120d8091ddb8f4,hybrid,merkle,4096,1683.6626,879.2754,193.7507,12.2345,11173888,9861539,incremental Python allocations via tracemalloc,4311,tree node pairs,6502,True,,3.12.14,Windows-11-10.0.26200-SP0,
7b7f117bed93430da1e1060d0727f7dc,2026-09-22T22:34:42.983547+00:00,evaluation,medium-dense,Revon-H,ok,measured,6,20270824,10000,10,1000,spread,32,53c484416da0adeed737d289063de17c35f8f0b1d6554eff2b120d8091ddb8f4,hybrid,merkle,4096,2093.0628,676.2050999999999,123.3688,11.2827,11161600,9861539,incremental Python allocations via tracemalloc,4311,tree node pairs,6502,True,,3.12.14,Windows-11-10.0.26200-SP0,
7b7f117bed93430da1e1060d0727f7dc,2026-09-22T22:34:52.119053+00:00,evaluation,medium-dense,Revon-H,ok,measured,7,20270824,10000,10,1000,spread,32,53c484416da0adeed737d289063de17c35f8f0b1d6554eff2b120d8091ddb8f4,hybrid,merkle,4096,1900.9473,694.3721499999999,114.3974,11.1767,11132928,9861539,incremental Python allocations via tracemalloc,4311,tree node pairs,6502,True,,3.12.14,Windows-11-10.0.26200-SP0,
7b7f117bed93430da1e1060d0727f7dc,2026-09-22T22:35:15.541494+00:00,evaluation,medium-dense,Dolt,ok,warmup,1,20270824,10000,10,1000,spread,32,53c484416da0adeed737d289063de17c35f8f0b1d6554eff2b120d8091ddb8f4,dolt-native,dolt-native,4096,1906.3268,1668.89095,864.6888,472.6928,5110259,,unavailable (install psutil),,not exposed by Dolt CLI,6502,True,,3.12.14,Windows-11-10.0.26200-SP0,dolt version 2.3.1 Warning: unable to query latest released Dolt version
7b7f117bed93430da1e1060d0727f7dc,2026-09-22T22:35:35.032839+00:00,evaluation,medium-dense,Dolt,ok,warmup,2,20270824,10000,10,1000,spread,32,53c484416da0adeed737d289063de17c35f8f0b1d6554eff2b120d8091ddb8f4,dolt-native,dolt-native,4096,1714.6459,1464.6300999999999,923.0888,500.0568,5109432,,unavailable (install psutil),,not exposed by Dolt CLI,6502,True,,3.12.14,Windows-11-10.0.26200-SP0,dolt version 2.3.1 Warning: unable to query latest released Dolt version
7b7f117bed93430da1e1060d0727f7dc,2026-09-22T22:35:54.540874+00:00,evaluation,medium-dense,Dolt,ok,measured,1,20270824,10000,10,1000,spread,32,53c484416da0adeed737d289063de17c35f8f0b1d6554eff2b120d8091ddb8f4,dolt-native,dolt-native,4096,1568.8057,1528.92615,848.3514,508.3041,5109908,,unavailable (install psutil),,not exposed by Dolt CLI,6502,True,,3.12.14,Windows-11-10.0.26200-SP0,dolt version 2.3.1 Warning: unable to query latest released Dolt version
7b7f117bed93430da1e1060d0727f7dc,2026-09-22T22:36:16.765396+00:00,evaluation,medium-dense,Dolt,ok,measured,2,20270824,10000,10,1000,spread,32,53c484416da0adeed737d289063de17c35f8f0b1d6554eff2b120d8091ddb8f4,dolt-native,dolt-native,4096,1601.0275,1685.9168,1440.5416,847.9516,5109919,,unavailable (install psutil),,not exposed by Dolt CLI,6502,True,,3.12.14,Windows-11-10.0.26200-SP0,dolt version 2.3.1 Warning: unable to query latest released Dolt version
7b7f117bed93430da1e1060d0727f7dc,2026-09-22T22:36:40.009572+00:00,evaluation,medium-dense,Dolt,ok,measured,3,20270824,10000,10,1000,spread,32,53c484416da0adeed737d289063de17c35f8f0b1d6554eff2b120d8091ddb8f4,dolt-native,dolt-native,4096,1868.5501,1656.8105500000001,1260.6105,577.5856,5109540,,unavailable (install psutil),,not exposed by Dolt CLI,6502,True,,3.12.14,Windows-11-10.0.26200-SP0,dolt version 2.3.1 Warning: unable to query latest released Dolt version
7b7f117bed93430da1e1060d0727f7dc,2026-09-22T22:37:00.904186+00:00,evaluation,medium-dense,Dolt,ok,measured,4,20270824,10000,10,1000,spread,32,53c484416da0adeed737d289063de17c35f8f0b1d6554eff2b120d8091ddb8f4,dolt-native,dolt-native,4096,1601.1855,1598.4971999999998,938.938,539.6847,5109666,,unavailable (install psutil),,not exposed by Dolt CLI,6502,True,,3.12.14,Windows-11-10.0.26200-SP0,dolt version 2.3.1 Warning: unable to query latest released Dolt version
7b7f117bed93430da1e1060d0727f7dc,2026-09-22T22:37:21.501207+00:00,evaluation,medium-dense,Dolt,ok,measured,5,20270824,10000,10,1000,spread,32,53c484416da0adeed737d289063de17c35f8f0b1d6554eff2b120d8091ddb8f4,dolt-native,dolt-native,4096,1518.0662,1581.8506,1175.0821,622.7042,5109830,,unavailable (install psutil),,not exposed by Dolt CLI,6502,True,,3.12.14,Windows-11-10.0.26200-SP0,dolt version 2.3.1 Warning: unable to query latest released Dolt version
7b7f117bed93430da1e1060d0727f7dc,2026-09-22T22:37:40.729540+00:00,evaluation,medium-dense,Dolt,ok,measured,6,20270824,10000,10,1000,spread,32,53c484416da0adeed737d289063de17c35f8f0b1d6554eff2b120d8091ddb8f4,dolt-native,dolt-native,4096,1418.9829,1517.2543500000002,949.9948,363.2144,5109657,,unavailable (install psutil),,not exposed by Dolt CLI,6502,True,,3.12.14,Windows-11-10.0.26200-SP0,dolt version 2.3.1 Warning: unable to query latest released Dolt version
7b7f117bed93430da1e1060d0727f7dc,2026-09-22T22:37:58.646510+00:00,evaluation,medium-dense,Dolt,ok,measured,7,20270824,10000,10,1000,spread,32,53c484416da0adeed737d289063de17c35f8f0b1d6554eff2b120d8091ddb8f4,dolt-native,dolt-native,4096,1131.5559,1387.36175,779.6186,368.6081,5109414,,unavailable (install psutil),,not exposed by Dolt CLI,6502,True,,3.12.14,Windows-11-10.0.26200-SP0,dolt version 2.3.1 Warning: unable to query latest released Dolt version
7b7f117bed93430da1e1060d0727f7dc,2026-09-22T22:38:06.238033+00:00,evaluation,large-sparse,Snapshot,ok,warmup,1,20270825,100000,10,100,spread,32,a74710e5f8cf1f176718c5b779baddb57dfd2a56d514d69f91c85cf401b0c83d,full-scan,full-scan,4096,553.685,487.29275,539.918,208.4861,56100011,54063806,incremental Python allocations via tracemalloc,100010,keys,995,True,,3.12.14,Windows-11-10.0.26200-SP0,
7b7f117bed93430da1e1060d0727f7dc,2026-09-22T22:38:12.513989+00:00,evaluation,large-sparse,Snapshot,ok,warmup,2,20270825,100000,10,100,spread,32,a74710e5f8cf1f176718c5b779baddb57dfd2a56d514d69f91c85cf401b0c83d,full-scan,full-scan,4096,491.4527,462.3598,594.9007,168.0732,56100011,54063806,incremental Python allocations via tracemalloc,100010,keys,995,True,,3.12.14,Windows-11-10.0.26200-SP0,
7b7f117bed93430da1e1060d0727f7dc,2026-09-22T22:38:18.801993+00:00,evaluation,large-sparse,Snapshot,ok,measured,1,20270825,100000,10,100,spread,32,a74710e5f8cf1f176718c5b779baddb57dfd2a56d514d69f91c85cf401b0c83d,full-scan,full-scan,4096,529.0459,466.94515,508.8055,189.1966,56100011,54063806,incremental Python allocations via tracemalloc,100010,keys,995,True,,3.12.14,Windows-11-10.0.26200-SP0,
7b7f117bed93430da1e1060d0727f7dc,2026-09-22T22:38:24.822120+00:00,evaluation,large-sparse,Snapshot,ok,measured,2,20270825,100000,10,100,spread,32,a74710e5f8cf1f176718c5b779baddb57dfd2a56d514d69f91c85cf401b0c83d,full-scan,full-scan,4096,502.6959,457.0211,484.9665,153.0437,56100011,54063806,incremental Python allocations via tracemalloc,100010,keys,995,True,,3.12.14,Windows-11-10.0.26200-SP0,
7b7f117bed93430da1e1060d0727f7dc,2026-09-22T22:38:30.899564+00:00,evaluation,large-sparse,Snapshot,ok,measured,3,20270825,100000,10,100,spread,32,a74710e5f8cf1f176718c5b779baddb57dfd2a56d514d69f91c85cf401b0c83d,full-scan,full-scan,4096,535.0214,467.2504,513.8489,146.4118,56100011,54063806,incremental Python allocations via tracemalloc,100010,keys,995,True,,3.12.14,Windows-11-10.0.26200-SP0,
7b7f117bed93430da1e1060d0727f7dc,2026-09-22T22:38:39.933682+00:00,evaluation,large-sparse,Snapshot,ok,measured,4,20270825,100000,10,100,spread,32,a74710e5f8cf1f176718c5b779baddb57dfd2a56d514d69f91c85cf401b0c83d,full-scan,full-scan,4096,484.3589,503.37694999999997,1407.2733,432.5988,56100011,54063806,incremental Python allocations via tracemalloc,100010,keys,995,True,,3.12.14,Windows-11-10.0.26200-SP0,
7b7f117bed93430da1e1060d0727f7dc,2026-09-22T22:38:46.471681+00:00,evaluation,large-sparse,Snapshot,ok,measured,5,20270825,100000,10,100,spread,32,a74710e5f8cf1f176718c5b779baddb57dfd2a56d514d69f91c85cf401b0c83d,full-scan,full-scan,4096,769.0799,409.1504,469.5859,228.0511,56100011,54063806,incremental Python allocations via tracemalloc,100010,keys,995,True,,3.12.14,Windows-11-10.0.26200-SP0,
7b7f117bed93430da1e1060d0727f7dc,2026-09-22T22:38:54.135069+00:00,evaluation,large-sparse,Snapshot,ok,measured,6,20270825,100000,10,100,spread,32,a74710e5f8cf1f176718c5b779baddb57dfd2a56d514d69f91c85cf401b0c83d,full-scan,full-scan,4096,700.491,530.5801,745.1085,290.3371,56100011,54063806,incremental Python allocations via tracemalloc,100010,keys,995,True,,3.12.14,Windows-11-10.0.26200-SP0,
7b7f117bed93430da1e1060d0727f7dc,2026-09-22T22:38:59.248087+00:00,evaluation,large-sparse,Snapshot,ok,measured,7,20270825,100000,10,100,spread,32,a74710e5f8cf1f176718c5b779baddb57dfd2a56d514d69f91c85cf401b0c83d,full-scan,full-scan,4096,345.3159,376.6538,522.3547,147.2898,56100011,54063806,incremental Python allocations via tracemalloc,100010,keys,995,True,,3.12.14,Windows-11-10.0.26200-SP0,
7b7f117bed93430da1e1060d0727f7dc,2026-09-22T22:39:00.082308+00:00,evaluation,large-sparse,Log-only,ok,warmup,1,20270825,100000,10,100,spread,32,a74710e5f8cf1f176718c5b779baddb57dfd2a56d514d69f91c85cf401b0c83d,operation-log,operation-log,4096,379.1522,4.3759999999999994,20.0009,163.226,5241683,25819876,incremental Python allocations via tracemalloc,1000,operations,995,True,,3.12.14,Windows-11-10.0.26200-SP0,
7b7f117bed93430da1e1060d0727f7dc,2026-09-22T22:39:00.819880+00:00,evaluation,large-sparse,Log-only,ok,warmup,2,20270825,100000,10,100,spread,32,a74710e5f8cf1f176718c5b779baddb57dfd2a56d514d69f91c85cf401b0c83d,operation-log,operation-log,4096,318.1594,4.0995,18.7177,153.2439,5241683,25819876,incremental Python allocations via tracemalloc,1000,operations,995,True,,3.12.14,Windows-11-10.0.26200-SP0,
7b7f117bed93430da1e1060d0727f7dc,2026-09-22T22:39:01.576837+00:00,evaluation,large-sparse,Log-only,ok,measured,1,20270825,100000,10,100,spread,32,a74710e5f8cf1f176718c5b779baddb57dfd2a56d514d69f91c85cf401b0c83d,operation-log,operation-log,4096,360.9017,4.06855,15.4643,135.7679,5241683,25819876,incremental Python allocations via tracemalloc,1000,operations,995,True,,3.12.14,Windows-11-10.0.26200-SP0,
7b7f117bed93430da1e1060d0727f7dc,2026-09-22T22:39:02.264617+00:00,evaluation,large-sparse,Log-only,ok,measured,2,20270825,100000,10,100,spread,32,a74710e5f8cf1f176718c5b779baddb57dfd2a56d514d69f91c85cf401b0c83d,operation-log,operation-log,4096,297.6162,3.9121,16.8557,144.7863,5241683,25819876,incremental Python allocations via tracemalloc,1000,operations,995,True,,3.12.14,Windows-11-10.0.26200-SP0,
7b7f117bed93430da1e1060d0727f7dc,2026-09-22T22:39:02.904247+00:00,evaluation,large-sparse,Log-only,ok,measured,3,20270825,100000,10,100,spread,32,a74710e5f8cf1f176718c5b779baddb57dfd2a56d514d69f91c85cf401b0c83d,operation-log,operation-log,4096,266.0328,3.67435,15.3493,137.2901,5241683,25819876,incremental Python allocations via tracemalloc,1000,operations,995,True,,3.12.14,Windows-11-10.0.26200-SP0,
7b7f117bed93430da1e1060d0727f7dc,2026-09-22T22:39:04.045021+00:00,evaluation,large-sparse,Log-only,ok,measured,4,20270825,100000,10,100,spread,32,a74710e5f8cf1f176718c5b779baddb57dfd2a56d514d69f91c85cf401b0c83d,operation-log,operation-log,4096,307.4271,4.225099999999999,20.6551,392.6419,5241683,25819876,incremental Python allocations via tracemalloc,1000,operations,995,True,,3.12.14,Windows-11-10.0.26200-SP0,
7b7f117bed93430da1e1060d0727f7dc,2026-09-22T22:39:05.446717+00:00,evaluation,large-sparse,Log-only,ok,measured,5,20270825,100000,10,100,spread,32,a74710e5f8cf1f176718c5b779baddb57dfd2a56d514d69f91c85cf401b0c83d,operation-log,operation-log,4096,671.2535,6.0351,26.6545,268.9313,5241683,25819876,incremental Python allocations via tracemalloc,1000,operations,995,True,,3.12.14,Windows-11-10.0.26200-SP0,
7b7f117bed93430da1e1060d0727f7dc,2026-09-22T22:39:06.949106+00:00,evaluation,large-sparse,Log-only,ok,measured,6,20270825,100000,10,100,spread,32,a74710e5f8cf1f176718c5b779baddb57dfd2a56d514d69f91c85cf401b0c83d,operation-log,operation-log,4096,633.3204,6.3576,26.107,318.8235,5241683,25819876,incremental Python allocations via tracemalloc,1000,operations,995,True,,3.12.14,Windows-11-10.0.26200-SP0,
7b7f117bed93430da1e1060d0727f7dc,2026-09-22T22:39:08.215137+00:00,evaluation,large-sparse,Log-only,ok,measured,7,20270825,100000,10,100,spread,32,a74710e5f8cf1f176718c5b779baddb57dfd2a56d514d69f91c85cf401b0c83d,operation-log,operation-log,4096,636.5071,6.42145,27.9893,247.8779,5241683,25819876,incremental Python allocations via tracemalloc,1000,operations,995,True,,3.12.14,Windows-11-10.0.26200-SP0,
7b7f117bed93430da1e1060d0727f7dc,2026-09-22T22:39:26.109837+00:00,evaluation,large-sparse,Revon-M (forced Merkle),ok,warmup,1,20270825,100000,10,100,spread,32,a74710e5f8cf1f176718c5b779baddb57dfd2a56d514d69f91c85cf401b0c83d,merkle,merkle,4096,13029.1186,325.85115,86.2744,51.2193,36134912,78530756,incremental Python allocations via tracemalloc,4169,tree node pairs,995,True,,3.12.14,Windows-11-10.0.26200-SP0,
7b7f117bed93430da1e1060d0727f7dc,2026-09-22T22:39:38.740606+00:00,evaluation,large-sparse,Revon-M (forced Merkle),ok,warmup,2,20270825,100000,10,100,spread,32,a74710e5f8cf1f176718c5b779baddb57dfd2a56d514d69f91c85cf401b0c83d,merkle,merkle,4096,9210.4968,207.2933,78.3931,45.6058,36143104,78530756,incremental Python allocations via tracemalloc,4169,tree node pairs,995,True,,3.12.14,Windows-11-10.0.26200-SP0,
7b7f117bed93430da1e1060d0727f7dc,2026-09-22T22:39:52.728334+00:00,evaluation,large-sparse,Revon-M (forced Merkle),ok,measured,1,20270825,100000,10,100,spread,32,a74710e5f8cf1f176718c5b779baddb57dfd2a56d514d69f91c85cf401b0c83d,merkle,merkle,4096,10425.4782,232.5046,67.8025,42.9735,36110336,78530756,incremental Python allocations via tracemalloc,4169,tree node pairs,995,True,,3.12.14,Windows-11-10.0.26200-SP0,
7b7f117bed93430da1e1060d0727f7dc,2026-09-22T22:40:08.066739+00:00,evaluation,large-sparse,Revon-M (forced Merkle),ok,measured,2,20270825,100000,10,100,spread,32,a74710e5f8cf1f176718c5b779baddb57dfd2a56d514d69f91c85cf401b0c83d,merkle,merkle,4096,11357.1031,232.47854999999998,88.5435,52.2793,36134912,78530756,incremental Python allocations via tracemalloc,4169,tree node pairs,995,True,,3.12.14,Windows-11-10.0.26200-SP0,
7b7f117bed93430da1e1060d0727f7dc,2026-09-22T22:40:22.168248+00:00,evaluation,large-sparse,Revon-M (forced Merkle),ok,measured,3,20270825,100000,10,100,spread,32,a74710e5f8cf1f176718c5b779baddb57dfd2a56d514d69f91c85cf401b0c83d,merkle,merkle,4096,10017.1156,243.8579,77.1261,50.6772,36106240,78530756,incremental Python allocations via tracemalloc,4169,tree node pairs,995,True,,3.12.14,Windows-11-10.0.26200-SP0,
7b7f117bed93430da1e1060d0727f7dc,2026-09-22T22:40:34.624013+00:00,evaluation,large-sparse,Revon-M (forced Merkle),ok,measured,4,20270825,100000,10,100,spread,32,a74710e5f8cf1f176718c5b779baddb57dfd2a56d514d69f91c85cf401b0c83d,merkle,merkle,4096,9346.6455,195.40654999999998,81.0856,35.6015,36106240,78530756,incremental Python allocations via tracemalloc,4169,tree node pairs,995,True,,3.12.14,Windows-11-10.0.26200-SP0,
7b7f117bed93430da1e1060d0727f7dc,2026-09-22T22:40:48.083782+00:00,evaluation,large-sparse,Revon-M (forced Merkle),ok,measured,5,20270825,100000,10,100,spread,32,a74710e5f8cf1f176718c5b779baddb57dfd2a56d514d69f91c85cf401b0c83d,merkle,merkle,4096,9665.5396,243.66899999999998,78.5873,58.2341,36130816,78530756,incremental Python allocations via tracemalloc,4169,tree node pairs,995,True,,3.12.14,Windows-11-10.0.26200-SP0,
7b7f117bed93430da1e1060d0727f7dc,2026-09-22T22:41:00.828816+00:00,evaluation,large-sparse,Revon-M (forced Merkle),ok,measured,6,20270825,100000,10,100,spread,32,a74710e5f8cf1f176718c5b779baddb57dfd2a56d514d69f91c85cf401b0c83d,merkle,merkle,4096,9499.894,188.315,79.1989,41.6655,36143104,78530756,incremental Python allocations via tracemalloc,4169,tree node pairs,995,True,,3.12.14,Windows-11-10.0.26200-SP0,
7b7f117bed93430da1e1060d0727f7dc,2026-09-22T22:41:11.900845+00:00,evaluation,large-sparse,Revon-M (forced Merkle),ok,measured,7,20270825,100000,10,100,spread,32,a74710e5f8cf1f176718c5b779baddb57dfd2a56d514d69f91c85cf401b0c83d,merkle,merkle,4096,8444.8364,165.9668,63.106,33.5588,36073472,78530756,incremental Python allocations via tracemalloc,4169,tree node pairs,995,True,,3.12.14,Windows-11-10.0.26200-SP0,
7b7f117bed93430da1e1060d0727f7dc,2026-09-22T22:41:25.061460+00:00,evaluation,large-sparse,Revon-H,ok,warmup,1,20270825,100000,10,100,spread,32,a74710e5f8cf1f176718c5b779baddb57dfd2a56d514d69f91c85cf401b0c83d,hybrid,log,4096,9413.6736,248.21935000000002,5.1772,41.6428,36102144,78530756,incremental Python allocations via tracemalloc,1000,log operations,995,True,,3.12.14,Windows-11-10.0.26200-SP0,
7b7f117bed93430da1e1060d0727f7dc,2026-09-22T22:41:38.334307+00:00,evaluation,large-sparse,Revon-H,ok,warmup,2,20270825,100000,10,100,spread,32,a74710e5f8cf1f176718c5b779baddb57dfd2a56d514d69f91c85cf401b0c83d,hybrid,log,4096,9461.1445,239.53359999999998,8.1747,53.3425,36089856,78530756,incremental Python allocations via tracemalloc,1000,log operations,995,True,,3.12.14,Windows-11-10.0.26200-SP0,
7b7f117bed93430da1e1060d0727f7dc,2026-09-22T22:41:51.743074+00:00,evaluation,large-sparse,Revon-H,ok,measured,1,20270825,100000,10,100,spread,32,a74710e5f8cf1f176718c5b779baddb57dfd2a56d514d69f91c85cf401b0c83d,hybrid,log,4096,9296.415,286.58545,6.7082,38.664,36130816,78530756,incremental Python allocations via tracemalloc,1000,log operations,995,True,,3.12.14,Windows-11-10.0.26200-SP0,
7b7f117bed93430da1e1060d0727f7dc,2026-09-22T22:42:05.741487+00:00,evaluation,large-sparse,Revon-H,ok,measured,2,20270825,100000,10,100,spread,32,a74710e5f8cf1f176718c5b779baddb57dfd2a56d514d69f91c85cf401b0c83d,hybrid,log,4096,10786.329,222.61795,6.7868,37.6092,36098048,78530756,incremental Python allocations via tracemalloc,1000,log operations,995,True,,3.12.14,Windows-11-10.0.26200-SP0,
7b7f117bed93430da1e1060d0727f7dc,2026-09-22T22:42:18.209412+00:00,evaluation,large-sparse,Revon-H,ok,measured,3,20270825,100000,10,100,spread,32,a74710e5f8cf1f176718c5b779baddb57dfd2a56d514d69f91c85cf401b0c83d,hybrid,log,4096,9922.9828,157.21665000000002,5.5911,33.7591,36110336,78530756,incremental Python allocations via tracemalloc,1000,log operations,995,True,,3.12.14,Windows-11-10.0.26200-SP0,
7b7f117bed93430da1e1060d0727f7dc,2026-09-22T22:42:27.870736+00:00,evaluation,large-sparse,Revon-H,ok,measured,4,20270825,100000,10,100,spread,32,a74710e5f8cf1f176718c5b779baddb57dfd2a56d514d69f91c85cf401b0c83d,hybrid,log,4096,7287.5416,142.72050000000002,4.0427,32.7168,36093952,78530756,incremental Python allocations via tracemalloc,1000,log operations,995,True,,3.12.14,Windows-11-10.0.26200-SP0,
7b7f117bed93430da1e1060d0727f7dc,2026-09-22T22:42:39.202042+00:00,evaluation,large-sparse,Revon-H,ok,measured,5,20270825,100000,10,100,spread,32,a74710e5f8cf1f176718c5b779baddb57dfd2a56d514d69f91c85cf401b0c83d,hybrid,log,4096,7943.6481,232.12005,7.4434,40.3871,36126720,78530756,incremental Python allocations via tracemalloc,1000,log operations,995,True,,3.12.14,Windows-11-10.0.26200-SP0,
7b7f117bed93430da1e1060d0727f7dc,2026-09-22T22:42:52.280128+00:00,evaluation,large-sparse,Revon-H,ok,measured,6,20270825,100000,10,100,spread,32,a74710e5f8cf1f176718c5b779baddb57dfd2a56d514d69f91c85cf401b0c83d,hybrid,log,4096,10200.99,189.7457,3.9801,26.5576,36102144,78530756,incremental Python allocations via tracemalloc,1000,log operations,995,True,,3.12.14,Windows-11-10.0.26200-SP0,
7b7f117bed93430da1e1060d0727f7dc,2026-09-22T22:43:04.464740+00:00,evaluation,large-sparse,Revon-H,ok,measured,7,20270825,100000,10,100,spread,32,a74710e5f8cf1f176718c5b779baddb57dfd2a56d514d69f91c85cf401b0c83d,hybrid,log,4096,9766.9022,151.4485,3.7844,28.0471,36134912,78530756,incremental Python allocations via tracemalloc,1000,log operations,995,True,,3.12.14,Windows-11-10.0.26200-SP0,
7b7f117bed93430da1e1060d0727f7dc,2026-09-22T22:43:43.086041+00:00,evaluation,large-sparse,Dolt,ok,warmup,1,20270825,100000,10,100,spread,32,a74710e5f8cf1f176718c5b779baddb57dfd2a56d514d69f91c85cf401b0c83d,dolt-native,dolt-native,4096,5234.9128,2905.3499,410.9055,1973.4127,8822902,,unavailable (install psutil),,not exposed by Dolt CLI,995,True,,3.12.14,Windows-11-10.0.26200-SP0,dolt version 2.3.1 Warning: unable to query latest released Dolt version
7b7f117bed93430da1e1060d0727f7dc,2026-09-22T22:44:07.391864+00:00,evaluation,large-sparse,Dolt,ok,warmup,2,20270825,100000,10,100,spread,32,a74710e5f8cf1f176718c5b779baddb57dfd2a56d514d69f91c85cf401b0c83d,dolt-native,dolt-native,4096,3501.0138,1557.0886500000001,746.5794,2539.6348,8822282,,unavailable (install psutil),,not exposed by Dolt CLI,995,True,,3.12.14,Windows-11-10.0.26200-SP0,dolt version 2.3.1 Warning: unable to query latest released Dolt version
7b7f117bed93430da1e1060d0727f7dc,2026-09-22T22:44:29.079027+00:00,evaluation,large-sparse,Dolt,ok,measured,1,20270825,100000,10,100,spread,32,a74710e5f8cf1f176718c5b779baddb57dfd2a56d514d69f91c85cf401b0c83d,dolt-native,dolt-native,4096,3029.7662,1388.3789,474.1657,1984.4454,8821486,,unavailable (install psutil),,not exposed by Dolt CLI,995,True,,3.12.14,Windows-11-10.0.26200-SP0,dolt version 2.3.1 Warning: unable to query latest released Dolt version
7b7f117bed93430da1e1060d0727f7dc,2026-09-22T22:44:52.539777+00:00,evaluation,large-sparse,Dolt,ok,measured,2,20270825,100000,10,100,spread,32,a74710e5f8cf1f176718c5b779baddb57dfd2a56d514d69f91c85cf401b0c83d,dolt-native,dolt-native,4096,4837.1495,1390.4209,431.2545,1883.7522,8821614,,unavailable (install psutil),,not exposed by Dolt CLI,995,True,,3.12.14,Windows-11-10.0.26200-SP0,dolt version 2.3.1 Warning: unable to query latest released Dolt version
7b7f117bed93430da1e1060d0727f7dc,2026-09-22T22:45:17.553097+00:00,evaluation,large-sparse,Dolt,ok,measured,3,20270825,100000,10,100,spread,32,a74710e5f8cf1f176718c5b779baddb57dfd2a56d514d69f91c85cf401b0c83d,dolt-native,dolt-native,4096,4337.6502,1666.7081,397.6403,1819.5463,8822604,,unavailable (install psutil),,not exposed by Dolt CLI,995,True,,3.12.14,Windows-11-10.0.26200-SP0,dolt version 2.3.1 Warning: unable to query latest released Dolt version
7b7f117bed93430da1e1060d0727f7dc,2026-09-22T22:45:40.974049+00:00,evaluation,large-sparse,Dolt,ok,measured,4,20270825,100000,10,100,spread,32,a74710e5f8cf1f176718c5b779baddb57dfd2a56d514d69f91c85cf401b0c83d,dolt-native,dolt-native,4096,3086.4009,1453.1536,761.7371,2165.7945,8822484,,unavailable (install psutil),,not exposed by Dolt CLI,995,True,,3.12.14,Windows-11-10.0.26200-SP0,dolt version 2.3.1 Warning: unable to query latest released Dolt version
7b7f117bed93430da1e1060d0727f7dc,2026-09-22T22:46:02.549701+00:00,evaluation,large-sparse,Dolt,ok,measured,5,20270825,100000,10,100,spread,32,a74710e5f8cf1f176718c5b779baddb57dfd2a56d514d69f91c85cf401b0c83d,dolt-native,dolt-native,4096,3278.032,1271.96165,516.3293,2356.6911,8821683,,unavailable (install psutil),,not exposed by Dolt CLI,995,True,,3.12.14,Windows-11-10.0.26200-SP0,dolt version 2.3.1 Warning: unable to query latest released Dolt version
7b7f117bed93430da1e1060d0727f7dc,2026-09-22T22:46:29.461137+00:00,evaluation,large-sparse,Dolt,ok,measured,6,20270825,100000,10,100,spread,32,a74710e5f8cf1f176718c5b779baddb57dfd2a56d514d69f91c85cf401b0c83d,dolt-native,dolt-native,4096,3536.2321,1784.5983999999999,909.0488,2227.4771,8821277,,unavailable (install psutil),,not exposed by Dolt CLI,995,True,,3.12.14,Windows-11-10.0.26200-SP0,dolt version 2.3.1 Warning: unable to query latest released Dolt version
7b7f117bed93430da1e1060d0727f7dc,2026-09-22T22:46:57.354828+00:00,evaluation,large-sparse,Dolt,ok,measured,7,20270825,100000,10,100,spread,32,a74710e5f8cf1f176718c5b779baddb57dfd2a56d514d69f91c85cf401b0c83d,dolt-native,dolt-native,4096,4554.5671,1761.4955,465.3325,2163.5988,8822166,,unavailable (install psutil),,not exposed by Dolt CLI,995,True,,3.12.14,Windows-11-10.0.26200-SP0,dolt version 2.3.1 Warning: unable to query latest released Dolt version
7b7f117bed93430da1e1060d0727f7dc,2026-09-22T22:47:05.239869+00:00,evaluation,large-hot,Snapshot,ok,warmup,1,20270826,100000,10,100,hot,32,3c4c8d842d2ea99f124b6054107cce1a851fd9dcf95b7098f70748f6f3245882,full-scan,full-scan,4096,569.4498,506.58645,673.2992,164.9476,56100011,54063806,incremental Python allocations via tracemalloc,100010,keys,671,True,,3.12.14,Windows-11-10.0.26200-SP0,
7b7f117bed93430da1e1060d0727f7dc,2026-09-22T22:47:12.074452+00:00,evaluation,large-hot,Snapshot,ok,warmup,2,20270826,100000,10,100,hot,32,3c4c8d842d2ea99f124b6054107cce1a851fd9dcf95b7098f70748f6f3245882,full-scan,full-scan,4096,569.4489,516.70515,562.0439,178.6695,56100011,54063806,incremental Python allocations via tracemalloc,100010,keys,671,True,,3.12.14,Windows-11-10.0.26200-SP0,
7b7f117bed93430da1e1060d0727f7dc,2026-09-22T22:47:18.817822+00:00,evaluation,large-hot,Snapshot,ok,measured,1,20270826,100000,10,100,hot,32,3c4c8d842d2ea99f124b6054107cce1a851fd9dcf95b7098f70748f6f3245882,full-scan,full-scan,4096,516.905,505.27665,607.5327,203.6193,56100011,54063806,incremental Python allocations via tracemalloc,100010,keys,671,True,,3.12.14,Windows-11-10.0.26200-SP0,
7b7f117bed93430da1e1060d0727f7dc,2026-09-22T22:47:26.383321+00:00,evaluation,large-hot,Snapshot,ok,measured,2,20270826,100000,10,100,hot,32,3c4c8d842d2ea99f124b6054107cce1a851fd9dcf95b7098f70748f6f3245882,full-scan,full-scan,4096,582.8978,580.8364,531.1881,143.0629,56100011,54063806,incremental Python allocations via tracemalloc,100010,keys,671,True,,3.12.14,Windows-11-10.0.26200-SP0,
7b7f117bed93430da1e1060d0727f7dc,2026-09-22T22:47:32.954966+00:00,evaluation,large-hot,Snapshot,ok,measured,3,20270826,100000,10,100,hot,32,3c4c8d842d2ea99f124b6054107cce1a851fd9dcf95b7098f70748f6f3245882,full-scan,full-scan,4096,479.0711,509.10204999999996,508.0649,181.105,56100011,54063806,incremental Python allocations via tracemalloc,100010,keys,671,True,,3.12.14,Windows-11-10.0.26200-SP0,
7b7f117bed93430da1e1060d0727f7dc,2026-09-22T22:47:39.406645+00:00,evaluation,large-hot,Snapshot,ok,measured,4,20270826,100000,10,100,hot,32,3c4c8d842d2ea99f124b6054107cce1a851fd9dcf95b7098f70748f6f3245882,full-scan,full-scan,4096,506.2562,477.09925,583.7975,198.3404,56100011,54063806,incremental Python allocations via tracemalloc,100010,keys,671,True,,3.12.14,Windows-11-10.0.26200-SP0,
7b7f117bed93430da1e1060d0727f7dc,2026-09-22T22:47:46.324620+00:00,evaluation,large-hot,Snapshot,ok,measured,5,20270826,100000,10,100,hot,32,3c4c8d842d2ea99f124b6054107cce1a851fd9dcf95b7098f70748f6f3245882,full-scan,full-scan,4096,543.9117,505.30425,637.0311,212.8281,56100011,54063806,incremental Python allocations via tracemalloc,100010,keys,671,True,,3.12.14,Windows-11-10.0.26200-SP0,
7b7f117bed93430da1e1060d0727f7dc,2026-09-22T22:47:53.104769+00:00,evaluation,large-hot,Snapshot,ok,measured,6,20270826,100000,10,100,hot,32,3c4c8d842d2ea99f124b6054107cce1a851fd9dcf95b7098f70748f6f3245882,full-scan,full-scan,4096,619.8219,520.1311499999999,523.4987,175.6462,56100011,54063806,incremental Python allocations via tracemalloc,100010,keys,671,True,,3.12.14,Windows-11-10.0.26200-SP0,
7b7f117bed93430da1e1060d0727f7dc,2026-09-22T22:47:59.529458+00:00,evaluation,large-hot,Snapshot,ok,measured,7,20270826,100000,10,100,hot,32,3c4c8d842d2ea99f124b6054107cce1a851fd9dcf95b7098f70748f6f3245882,full-scan,full-scan,4096,534.0625,477.01890000000003,568.7291,161.4008,56100011,54063806,incremental Python allocations via tracemalloc,100010,keys,671,True,,3.12.14,Windows-11-10.0.26200-SP0,
7b7f117bed93430da1e1060d0727f7dc,2026-09-22T22:48:00.530318+00:00,evaluation,large-hot,Log-only,ok,warmup,1,20270826,100000,10,100,hot,32,3c4c8d842d2ea99f124b6054107cce1a851fd9dcf95b7098f70748f6f3245882,operation-log,operation-log,4096,527.011,5.4989,18.062,176.4757,5241683,25819876,incremental Python allocations via tracemalloc,1000,operations,671,True,,3.12.14,Windows-11-10.0.26200-SP0,
7b7f117bed93430da1e1060d0727f7dc,2026-09-22T22:48:01.493761+00:00,evaluation,large-hot,Log-only,ok,warmup,2,20270826,100000,10,100,hot,32,3c4c8d842d2ea99f124b6054107cce1a851fd9dcf95b7098f70748f6f3245882,operation-log,operation-log,4096,466.4893,5.281499999999999,17.3485,208.1018,5241683,25819876,incremental Python allocations via tracemalloc,1000,operations,671,True,,3.12.14,Windows-11-10.0.26200-SP0,
7b7f117bed93430da1e1060d0727f7dc,2026-09-22T22:48:02.454105+00:00,evaluation,large-hot,Log-only,ok,measured,1,20270826,100000,10,100,hot,32,3c4c8d842d2ea99f124b6054107cce1a851fd9dcf95b7098f70748f6f3245882,operation-log,operation-log,4096,473.9887,5.1682500000000005,17.5441,181.3099,5241683,25819876,incremental Python allocations via tracemalloc,1000,operations,671,True,,3.12.14,Windows-11-10.0.26200-SP0,
7b7f117bed93430da1e1060d0727f7dc,2026-09-22T22:48:03.410455+00:00,evaluation,large-hot,Log-only,ok,measured,2,20270826,100000,10,100,hot,32,3c4c8d842d2ea99f124b6054107cce1a851fd9dcf95b7098f70748f6f3245882,operation-log,operation-log,4096,473.8915,4.97655,18.149,172.5112,5241683,25819876,incremental Python allocations via tracemalloc,1000,operations,671,True,,3.12.14,Windows-11-10.0.26200-SP0,
7b7f117bed93430da1e1060d0727f7dc,2026-09-22T22:48:04.454270+00:00,evaluation,large-hot,Log-only,ok,measured,3,20270826,100000,10,100,hot,32,3c4c8d842d2ea99f124b6054107cce1a851fd9dcf95b7098f70748f6f3245882,operation-log,operation-log,4096,528.9389,5.0803,19.8243,197.9376,5241683,25819876,incremental Python allocations via tracemalloc,1000,operations,671,True,,3.12.14,Windows-11-10.0.26200-SP0,
7b7f117bed93430da1e1060d0727f7dc,2026-09-22T22:48:05.656106+00:00,evaluation,large-hot,Log-only,ok,measured,4,20270826,100000,10,100,hot,32,3c4c8d842d2ea99f124b6054107cce1a851fd9dcf95b7098f70748f6f3245882,operation-log,operation-log,4096,563.6926,6.236000000000001,26.8021,220.0042,5241683,25819876,incremental Python allocations via tracemalloc,1000,operations,671,True,,3.12.14,Windows-11-10.0.26200-SP0,
7b7f117bed93430da1e1060d0727f7dc,2026-09-22T22:48:06.831309+00:00,evaluation,large-hot,Log-only,ok,measured,5,20270826,100000,10,100,hot,32,3c4c8d842d2ea99f124b6054107cce1a851fd9dcf95b7098f70748f6f3245882,operation-log,operation-log,4096,631.3129,5.7332,22.4415,205.4641,5241683,25819876,incremental Python allocations via tracemalloc,1000,operations,671,True,,3.12.14,Windows-11-10.0.26200-SP0,
7b7f117bed93430da1e1060d0727f7dc,2026-09-22T22:48:07.849638+00:00,evaluation,large-hot,Log-only,ok,measured,6,20270826,100000,10,100,hot,32,3c4c8d842d2ea99f124b6054107cce1a851fd9dcf95b7098f70748f6f3245882,operation-log,operation-log,4096,478.1799,5.2946,22.2019,224.0429,5241683,25819876,incremental Python allocations via tracemalloc,1000,operations,671,True,,3.12.14,Windows-11-10.0.26200-SP0,
7b7f117bed93430da1e1060d0727f7dc,2026-09-22T22:48:08.925078+00:00,evaluation,large-hot,Log-only,ok,measured,7,20270826,100000,10,100,hot,32,3c4c8d842d2ea99f124b6054107cce1a851fd9dcf95b7098f70748f6f3245882,operation-log,operation-log,4096,557.4534,5.7484,22.3157,208.0082,5241683,25819876,incremental Python allocations via tracemalloc,1000,operations,671,True,,3.12.14,Windows-11-10.0.26200-SP0,
7b7f117bed93430da1e1060d0727f7dc,2026-09-22T22:48:22.108515+00:00,evaluation,large-hot,Revon-M (forced Merkle),ok,warmup,1,20270826,100000,10,100,hot,32,3c4c8d842d2ea99f124b6054107cce1a851fd9dcf95b7098f70748f6f3245882,merkle,merkle,4096,9389.6478,199.35825,79.7744,70.1833,36151296,78530756,incremental Python allocations via tracemalloc,3489,tree node pairs,671,True,,3.12.14,Windows-11-10.0.26200-SP0,
7b7f117bed93430da1e1060d0727f7dc,2026-09-22T22:48:34.723887+00:00,evaluation,large-hot,Revon-M (forced Merkle),ok,warmup,2,20270826,100000,10,100,hot,32,3c4c8d842d2ea99f124b6054107cce1a851fd9dcf95b7098f70748f6f3245882,merkle,merkle,4096,9374.5539,208.5155,50.3706,43.3702,36098048,78530756,incremental Python allocations via tracemalloc,3489,tree node pairs,671,True,,3.12.14,Windows-11-10.0.26200-SP0,
7b7f117bed93430da1e1060d0727f7dc,2026-09-22T22:48:48.629383+00:00,evaluation,large-hot,Revon-M (forced Merkle),ok,measured,1,20270826,100000,10,100,hot,32,3c4c8d842d2ea99f124b6054107cce1a851fd9dcf95b7098f70748f6f3245882,merkle,merkle,4096,10232.237,239.38954999999999,49.9753,41.0992,36089856,78530756,incremental Python allocations via tracemalloc,3489,tree node pairs,671,True,,3.12.14,Windows-11-10.0.26200-SP0,
7b7f117bed93430da1e1060d0727f7dc,2026-09-22T22:49:01.110768+00:00,evaluation,large-hot,Revon-M (forced Merkle),ok,measured,2,20270826,100000,10,100,hot,32,3c4c8d842d2ea99f124b6054107cce1a851fd9dcf95b7098f70748f6f3245882,merkle,merkle,4096,9388.5546,201.9918,44.4259,36.2544,36073472,78530756,incremental Python allocations via tracemalloc,3489,tree node pairs,671,True,,3.12.14,Windows-11-10.0.26200-SP0,
7b7f117bed93430da1e1060d0727f7dc,2026-09-22T22:49:13.601859+00:00,evaluation,large-hot,Revon-M (forced Merkle),ok,measured,3,20270826,100000,10,100,hot,32,3c4c8d842d2ea99f124b6054107cce1a851fd9dcf95b7098f70748f6f3245882,merkle,merkle,4096,9302.3388,210.2005,51.2202,43.8359,36077568,78530756,incremental Python allocations via tracemalloc,3489,tree node pairs,671,True,,3.12.14,Windows-11-10.0.26200-SP0,
7b7f117bed93430da1e1060d0727f7dc,2026-09-22T22:49:26.156432+00:00,evaluation,large-hot,Revon-M (forced Merkle),ok,measured,4,20270826,100000,10,100,hot,32,3c4c8d842d2ea99f124b6054107cce1a851fd9dcf95b7098f70748f6f3245882,merkle,merkle,4096,9410.9166,212.7326,49.2193,38.4363,36098048,78530756,incremental Python allocations via tracemalloc,3489,tree node pairs,671,True,,3.12.14,Windows-11-10.0.26200-SP0,
7b7f117bed93430da1e1060d0727f7dc,2026-09-22T22:49:38.523890+00:00,evaluation,large-hot,Revon-M (forced Merkle),ok,measured,5,20270826,100000,10,100,hot,32,3c4c8d842d2ea99f124b6054107cce1a851fd9dcf95b7098f70748f6f3245882,merkle,merkle,4096,9204.1173,213.2502,49.1934,38.5037,36118528,78530756,incremental Python allocations via tracemalloc,3489,tree node pairs,671,True,,3.12.14,Windows-11-10.0.26200-SP0,
7b7f117bed93430da1e1060d0727f7dc,2026-09-22T22:49:51.586388+00:00,evaluation,large-hot,Revon-M (forced Merkle),ok,measured,6,20270826,100000,10,100,hot,32,3c4c8d842d2ea99f124b6054107cce1a851fd9dcf95b7098f70748f6f3245882,merkle,merkle,4096,9531.8766,239.85275000000001,58.0876,56.7566,36122624,78530756,incremental Python allocations via tracemalloc,3489,tree node pairs,671,True,,3.12.14,Windows-11-10.0.26200-SP0,
7b7f117bed93430da1e1060d0727f7dc,2026-09-22T22:50:06.150258+00:00,evaluation,large-hot,Revon-M (forced Merkle),ok,measured,7,20270826,100000,10,100,hot,32,3c4c8d842d2ea99f124b6054107cce1a851fd9dcf95b7098f70748f6f3245882,merkle,merkle,4096,10796.8219,232.80075,50.3995,53.1963,36102144,78530756,incremental Python allocations via tracemalloc,3489,tree node pairs,671,True,,3.12.14,Windows-11-10.0.26200-SP0,
7b7f117bed93430da1e1060d0727f7dc,2026-09-22T22:50:19.390502+00:00,evaluation,large-hot,Revon-H,ok,warmup,1,20270826,100000,10,100,hot,32,3c4c8d842d2ea99f124b6054107cce1a851fd9dcf95b7098f70748f6f3245882,hybrid,log,4096,10308.8602,190.91140000000001,4.5599,37.1774,36098048,78530756,incremental Python allocations via tracemalloc,1000,log operations,671,True,,3.12.14,Windows-11-10.0.26200-SP0,
7b7f117bed93430da1e1060d0727f7dc,2026-09-22T22:50:31.632746+00:00,evaluation,large-hot,Revon-H,ok,warmup,2,20270826,100000,10,100,hot,32,3c4c8d842d2ea99f124b6054107cce1a851fd9dcf95b7098f70748f6f3245882,hybrid,log,4096,9269.8856,197.88545,4.8298,41.0896,36110336,78530756,incremental Python allocations via tracemalloc,1000,log operations,671,True,,3.12.14,Windows-11-10.0.26200-SP0,
7b7f117bed93430da1e1060d0727f7dc,2026-09-22T22:50:43.789797+00:00,evaluation,large-hot,Revon-H,ok,measured,1,20270826,100000,10,100,hot,32,3c4c8d842d2ea99f124b6054107cce1a851fd9dcf95b7098f70748f6f3245882,hybrid,log,4096,9069.1318,199.31099999999998,5.1553,41.1439,36089856,78530756,incremental Python allocations via tracemalloc,1000,log operations,671,True,,3.12.14,Windows-11-10.0.26200-SP0,
7b7f117bed93430da1e1060d0727f7dc,2026-09-22T22:50:55.597951+00:00,evaluation,large-hot,Revon-H,ok,measured,2,20270826,100000,10,100,hot,32,3c4c8d842d2ea99f124b6054107cce1a851fd9dcf95b7098f70748f6f3245882,hybrid,log,4096,8897.5613,193.86615,5.6913,41.4611,36098048,78530756,incremental Python allocations via tracemalloc,1000,log operations,671,True,,3.12.14,Windows-11-10.0.26200-SP0,
7b7f117bed93430da1e1060d0727f7dc,2026-09-22T22:51:07.589845+00:00,evaluation,large-hot,Revon-H,ok,measured,3,20270826,100000,10,100,hot,32,3c4c8d842d2ea99f124b6054107cce1a851fd9dcf95b7098f70748f6f3245882,hybrid,log,4096,9108.6591,199.77089999999998,4.5439,37.3611,36036608,78530756,incremental Python allocations via tracemalloc,1000,log operations,671,True,,3.12.14,Windows-11-10.0.26200-SP0,
7b7f117bed93430da1e1060d0727f7dc,2026-09-22T22:51:20.377659+00:00,evaluation,large-hot,Revon-H,ok,measured,4,20270826,100000,10,100,hot,32,3c4c8d842d2ea99f124b6054107cce1a851fd9dcf95b7098f70748f6f3245882,hybrid,log,4096,9848.9295,204.86194999999998,4.3803,33.7452,36130816,78530756,incremental Python allocations via tracemalloc,1000,log operations,671,True,,3.12.14,Windows-11-10.0.26200-SP0,
7b7f117bed93430da1e1060d0727f7dc,2026-09-22T22:51:32.315430+00:00,evaluation,large-hot,Revon-H,ok,measured,5,20270826,100000,10,100,hot,32,3c4c8d842d2ea99f124b6054107cce1a851fd9dcf95b7098f70748f6f3245882,hybrid,log,4096,9124.7638,186.29555,4.6488,45.1577,36122624,78530756,incremental Python allocations via tracemalloc,1000,log operations,671,True,,3.12.14,Windows-11-10.0.26200-SP0,
7b7f117bed93430da1e1060d0727f7dc,2026-09-22T22:51:49.280353+00:00,evaluation,large-hot,Revon-H,ok,measured,6,20270826,100000,10,100,hot,32,3c4c8d842d2ea99f124b6054107cce1a851fd9dcf95b7098f70748f6f3245882,hybrid,log,4096,13426.5277,228.5924,4.3558,44.8866,36151296,78530756,incremental Python allocations via tracemalloc,1000,log operations,671,True,,3.12.14,Windows-11-10.0.26200-SP0,
7b7f117bed93430da1e1060d0727f7dc,2026-09-22T22:52:01.438191+00:00,evaluation,large-hot,Revon-H,ok,measured,7,20270826,100000,10,100,hot,32,3c4c8d842d2ea99f124b6054107cce1a851fd9dcf95b7098f70748f6f3245882,hybrid,log,4096,9175.9095,202.9084,4.3836,45.0649,36098048,78530756,incremental Python allocations via tracemalloc,1000,log operations,671,True,,3.12.14,Windows-11-10.0.26200-SP0,
7b7f117bed93430da1e1060d0727f7dc,2026-09-22T22:52:23.576791+00:00,evaluation,large-hot,Dolt,ok,warmup,1,20270826,100000,10,100,hot,32,3c4c8d842d2ea99f124b6054107cce1a851fd9dcf95b7098f70748f6f3245882,dolt-native,dolt-native,4096,3074.3962,1471.22735,442.4337,1898.2403,5613616,,unavailable (install psutil),,not exposed by Dolt CLI,671,True,,3.12.14,Windows-11-10.0.26200-SP0,dolt version 2.3.1 Warning: unable to query latest released Dolt version
7b7f117bed93430da1e1060d0727f7dc,2026-09-22T22:52:47.152899+00:00,evaluation,large-hot,Dolt,ok,warmup,2,20270826,100000,10,100,hot,32,3c4c8d842d2ea99f124b6054107cce1a851fd9dcf95b7098f70748f6f3245882,dolt-native,dolt-native,4096,3378.594,1499.89855,515.0846,2333.3764,5613179,,unavailable (install psutil),,not exposed by Dolt CLI,671,True,,3.12.14,Windows-11-10.0.26200-SP0,dolt version 2.3.1 Warning: unable to query latest released Dolt version
7b7f117bed93430da1e1060d0727f7dc,2026-09-22T22:53:09.945434+00:00,evaluation,large-hot,Dolt,ok,measured,1,20270826,100000,10,100,hot,32,3c4c8d842d2ea99f124b6054107cce1a851fd9dcf95b7098f70748f6f3245882,dolt-native,dolt-native,4096,3573.7574,1442.1871999999998,382.189,1915.9441,5612994,,unavailable (install psutil),,not exposed by Dolt CLI,671,True,,3.12.14,Windows-11-10.0.26200-SP0,dolt version 2.3.1 Warning: unable to query latest released Dolt version
7b7f117bed93430da1e1060d0727f7dc,2026-09-22T22:53:35.561110+00:00,evaluation,large-hot,Dolt,ok,measured,2,20270826,100000,10,100,hot,32,3c4c8d842d2ea99f124b6054107cce1a851fd9dcf95b7098f70748f6f3245882,dolt-native,dolt-native,4096,3641.9426,1553.4328500000001,509.4533,1953.1626,5612956,,unavailable (install psutil),,not exposed by Dolt CLI,671,True,,3.12.14,Windows-11-10.0.26200-SP0,dolt version 2.3.1 Warning: unable to query latest released Dolt version
7b7f117bed93430da1e1060d0727f7dc,2026-09-22T22:54:00.080527+00:00,evaluation,large-hot,Dolt,ok,measured,3,20270826,100000,10,100,hot,32,3c4c8d842d2ea99f124b6054107cce1a851fd9dcf95b7098f70748f6f3245882,dolt-native,dolt-native,4096,3603.2677,1590.10445,370.5237,2002.764,5613717,,unavailable (install psutil),,not exposed by Dolt CLI,671,True,,3.12.14,Windows-11-10.0.26200-SP0,dolt version 2.3.1 Warning: unable to query latest released Dolt version
7b7f117bed93430da1e1060d0727f7dc,2026-09-22T22:54:18.200245+00:00,evaluation,large-hot,Dolt,ok,measured,4,20270826,100000,10,100,hot,32,3c4c8d842d2ea99f124b6054107cce1a851fd9dcf95b7098f70748f6f3245882,dolt-native,dolt-native,4096,3268.8405,1071.67285,281.9525,1800.638,5613353,,unavailable (install psutil),,not exposed by Dolt CLI,671,True,,3.12.14,Windows-11-10.0.26200-SP0,dolt version 2.3.1 Warning: unable to query latest released Dolt version
7b7f117bed93430da1e1060d0727f7dc,2026-09-22T22:54:34.280217+00:00,evaluation,large-hot,Dolt,ok,measured,5,20270826,100000,10,100,hot,32,3c4c8d842d2ea99f124b6054107cce1a851fd9dcf95b7098f70748f6f3245882,dolt-native,dolt-native,4096,2610.7653,1011.18845,262.8275,1612.7821,5613166,,unavailable (install psutil),,not exposed by Dolt CLI,671,True,,3.12.14,Windows-11-10.0.26200-SP0,dolt version 2.3.1 Warning: unable to query latest released Dolt version
7b7f117bed93430da1e1060d0727f7dc,2026-09-22T22:54:51.665278+00:00,evaluation,large-hot,Dolt,ok,measured,6,20270826,100000,10,100,hot,32,3c4c8d842d2ea99f124b6054107cce1a851fd9dcf95b7098f70748f6f3245882,dolt-native,dolt-native,4096,2820.6026,1075.8852000000002,333.872,1617.9263,5612747,,unavailable (install psutil),,not exposed by Dolt CLI,671,True,,3.12.14,Windows-11-10.0.26200-SP0,dolt version 2.3.1 Warning: unable to query latest released Dolt version
7b7f117bed93430da1e1060d0727f7dc,2026-09-22T22:55:08.877556+00:00,evaluation,large-hot,Dolt,ok,measured,7,20270826,100000,10,100,hot,32,3c4c8d842d2ea99f124b6054107cce1a851fd9dcf95b7098f70748f6f3245882,dolt-native,dolt-native,4096,2704.8023,1093.50045,305.7748,1705.3691,5612735,,unavailable (install psutil),,not exposed by Dolt CLI,671,True,,3.12.14,Windows-11-10.0.26200-SP0,dolt version 2.3.1 Warning: unable to query latest released Dolt version
