run_id,timestamp_utc,phase,scenario,model,status,trial_kind,trial,execution_order,seed,rows,commits,changes_per_commit,locality,payload_bytes,workload_sha256,strategy_requested,strategy_selected,hybrid_threshold,initial_import_ms,incremental_commit_ms,diff_ms,checkout_ms,storage_bytes,logical_payload_bytes,storage_bytes_per_logical_payload_byte,storage_bytes_minus_logical_payload_bytes,storage_bytes_after_compaction,compaction_method,compaction_ms,process_tree_peak_rss_bytes,memory_method,work_examined,work_unit,changed_keys,correctness,notes,python_version,platform,dolt_version
4396fe06d7624623b767049064d24fb3,2026-09-23T08:29:49.897014+00:00,robustness,robust-s1-baseline,Revon-H,ok,warmup,1,1,20260923,10000,10,100,spread,32,06ffdcc9b45dd2ca383707f7dab8f409d51cbe975dba01c3511b69a00cb077b8,hybrid,log,4096,152.6698,27.834000000000003,5.6685,9.51,4464640,450000,9.921422222222223,4014640,,not sampled,,48955392,"external parent process-tree RSS sampler (psutil, 10 ms; isolated trial)",1000,log operations,962,True,,3.14.3,Windows-11-10.0.26200-SP0,
4396fe06d7624623b767049064d24fb3,2026-09-23T08:29:59.821666+00:00,robustness,robust-s1-baseline,Dolt,ok,warmup,1,2,20260923,10000,10,100,spread,32,06ffdcc9b45dd2ca383707f7dab8f409d51cbe975dba01c3511b69a00cb077b8,dolt-native,dolt-native,4096,821.7714,652.92815,240.9914,293.308,2974633,450000,6.610295555555555,2524633,,not sampled,,149045248,"external parent process-tree RSS sampler (psutil, 10 ms; isolated trial)",,not exposed by Dolt CLI,962,True,,3.14.3,Windows-11-10.0.26200-SP0,dolt version 2.3.1 Warning: you are on an old version of Dolt. The newest version is 2.3.5.
4396fe06d7624623b767049064d24fb3,2026-09-23T08:30:01.251637+00:00,robustness,robust-s1-baseline,Revon-M (forced Merkle),ok,warmup,1,3,20260923,10000,10,100,spread,32,06ffdcc9b45dd2ca383707f7dab8f409d51cbe975dba01c3511b69a00cb077b8,merkle,merkle,4096,199.3022,41.73525,14.2403,15.6818,4427776,450000,9.839502222222222,3977776,,not sampled,,48922624,"external parent process-tree RSS sampler (psutil, 10 ms; isolated trial)",3774,tree node pairs,962,True,,3.14.3,Windows-11-10.0.26200-SP0,
4396fe06d7624623b767049064d24fb3,2026-09-23T08:30:14.437572+00:00,robustness,robust-s1-baseline,Dolt,ok,warmup,2,1,20260923,10000,10,100,spread,32,06ffdcc9b45dd2ca383707f7dab8f409d51cbe975dba01c3511b69a00cb077b8,dolt-native,dolt-native,4096,979.5221,980.0890999999999,291.1716,322.9136,2974398,450000,6.609773333333333,2524398,,not sampled,,158158848,"external parent process-tree RSS sampler (psutil, 10 ms; isolated trial)",,not exposed by Dolt CLI,962,True,,3.14.3,Windows-11-10.0.26200-SP0,dolt version 2.3.1 Warning: you are on an old version of Dolt. The newest version is 2.3.5.
4396fe06d7624623b767049064d24fb3,2026-09-23T08:30:15.892579+00:00,robustness,robust-s1-baseline,Revon-M (forced Merkle),ok,warmup,2,2,20260923,10000,10,100,spread,32,06ffdcc9b45dd2ca383707f7dab8f409d51cbe975dba01c3511b69a00cb077b8,merkle,merkle,4096,203.0346,40.2732,15.5145,13.4863,4464640,450000,9.921422222222223,4014640,,not sampled,,48914432,"external parent process-tree RSS sampler (psutil, 10 ms; isolated trial)",3774,tree node pairs,962,True,,3.14.3,Windows-11-10.0.26200-SP0,
4396fe06d7624623b767049064d24fb3,2026-09-23T08:30:17.568271+00:00,robustness,robust-s1-baseline,Revon-H,ok,warmup,2,3,20260923,10000,10,100,spread,32,06ffdcc9b45dd2ca383707f7dab8f409d51cbe975dba01c3511b69a00cb077b8,hybrid,log,4096,187.1107,34.97935,13.7322,16.1898,4464640,450000,9.921422222222223,4014640,,not sampled,,48988160,"external parent process-tree RSS sampler (psutil, 10 ms; isolated trial)",1000,log operations,962,True,,3.14.3,Windows-11-10.0.26200-SP0,
4396fe06d7624623b767049064d24fb3,2026-09-23T08:30:19.253526+00:00,robustness,robust-s1-baseline,Revon-M (forced Merkle),ok,measured,1,1,20260923,10000,10,100,spread,32,06ffdcc9b45dd2ca383707f7dab8f409d51cbe975dba01c3511b69a00cb077b8,merkle,merkle,4096,175.4444,56.5227,18.5723,23.2443,4456448,450000,9.903217777777778,4006448,,not sampled,,49147904,"external parent process-tree RSS sampler (psutil, 10 ms; isolated trial)",3774,tree node pairs,962,True,,3.14.3,Windows-11-10.0.26200-SP0,
4396fe06d7624623b767049064d24fb3,2026-09-23T08:30:33.690838+00:00,robustness,robust-s1-baseline,Dolt,ok,measured,1,2,20260923,10000,10,100,spread,32,06ffdcc9b45dd2ca383707f7dab8f409d51cbe975dba01c3511b69a00cb077b8,dolt-native,dolt-native,4096,1224.8438,1006.7578000000001,420.5683,334.5979,2974476,450000,6.609946666666667,2524476,,not sampled,,149680128,"external parent process-tree RSS sampler (psutil, 10 ms; isolated trial)",,not exposed by Dolt CLI,962,True,,3.14.3,Windows-11-10.0.26200-SP0,dolt version 2.3.1 Warning: you are on an old version of Dolt. The newest version is 2.3.5.
4396fe06d7624623b767049064d24fb3,2026-09-23T08:30:35.300806+00:00,robustness,robust-s1-baseline,Revon-H,ok,measured,1,3,20260923,10000,10,100,spread,32,06ffdcc9b45dd2ca383707f7dab8f409d51cbe975dba01c3511b69a00cb077b8,hybrid,log,4096,188.4833,44.75135,11.5679,22.044,4505600,450000,10.012444444444444,4055600,,not sampled,,48975872,"external parent process-tree RSS sampler (psutil, 10 ms; isolated trial)",1000,log operations,962,True,,3.14.3,Windows-11-10.0.26200-SP0,
4396fe06d7624623b767049064d24fb3,2026-09-23T08:30:50.373244+00:00,robustness,robust-s1-baseline,Dolt,ok,measured,2,1,20260923,10000,10,100,spread,32,06ffdcc9b45dd2ca383707f7dab8f409d51cbe975dba01c3511b69a00cb077b8,dolt-native,dolt-native,4096,1320.1613,1013.68695,380.9652,375.9452,2975868,450000,6.61304,2525868,,not sampled,,158916608,"external parent process-tree RSS sampler (psutil, 10 ms; isolated trial)",,not exposed by Dolt CLI,962,True,,3.14.3,Windows-11-10.0.26200-SP0,dolt version 2.3.1 Warning: you are on an old version of Dolt. The newest version is 2.3.5.
4396fe06d7624623b767049064d24fb3,2026-09-23T08:30:52.441967+00:00,robustness,robust-s1-baseline,Revon-H,ok,measured,2,2,20260923,10000,10,100,spread,32,06ffdcc9b45dd2ca383707f7dab8f409d51cbe975dba01c3511b69a00cb077b8,hybrid,log,4096,203.0502,38.5254,15.8316,29.449,4452352,450000,9.894115555555556,4002352,,not sampled,,48824320,"external parent process-tree RSS sampler (psutil, 10 ms; isolated trial)",1000,log operations,962,True,,3.14.3,Windows-11-10.0.26200-SP0,
4396fe06d7624623b767049064d24fb3,2026-09-23T08:30:54.159388+00:00,robustness,robust-s1-baseline,Revon-M (forced Merkle),ok,measured,2,3,20260923,10000,10,100,spread,32,06ffdcc9b45dd2ca383707f7dab8f409d51cbe975dba01c3511b69a00cb077b8,merkle,merkle,4096,225.7594,57.89345,13.6354,12.9438,4464640,450000,9.921422222222223,4014640,,not sampled,,48300032,"external parent process-tree RSS sampler (psutil, 10 ms; isolated trial)",3774,tree node pairs,962,True,,3.14.3,Windows-11-10.0.26200-SP0,
4396fe06d7624623b767049064d24fb3,2026-09-23T08:30:55.862545+00:00,robustness,robust-s1-baseline,Revon-H,ok,measured,3,1,20260923,10000,10,100,spread,32,06ffdcc9b45dd2ca383707f7dab8f409d51cbe975dba01c3511b69a00cb077b8,hybrid,log,4096,251.4523,43.5747,19.1286,22.4815,4423680,450000,9.8304,3973680,,not sampled,,48353280,"external parent process-tree RSS sampler (psutil, 10 ms; isolated trial)",1000,log operations,962,True,,3.14.3,Windows-11-10.0.26200-SP0,
4396fe06d7624623b767049064d24fb3,2026-09-23T08:30:57.483558+00:00,robustness,robust-s1-baseline,Revon-M (forced Merkle),ok,measured,3,2,20260923,10000,10,100,spread,32,06ffdcc9b45dd2ca383707f7dab8f409d51cbe975dba01c3511b69a00cb077b8,merkle,merkle,4096,202.8517,55.58465,13.5861,20.0768,4489216,450000,9.976035555555555,4039216,,not sampled,,48701440,"external parent process-tree RSS sampler (psutil, 10 ms; isolated trial)",3774,tree node pairs,962,True,,3.14.3,Windows-11-10.0.26200-SP0,
4396fe06d7624623b767049064d24fb3,2026-09-23T08:31:11.878790+00:00,robustness,robust-s1-baseline,Dolt,ok,measured,3,3,20260923,10000,10,100,spread,32,06ffdcc9b45dd2ca383707f7dab8f409d51cbe975dba01c3511b69a00cb077b8,dolt-native,dolt-native,4096,1243.8892,1052.28565,355.1999,313.2814,2974659,450000,6.610353333333333,2524659,,not sampled,,151400448,"external parent process-tree RSS sampler (psutil, 10 ms; isolated trial)",,not exposed by Dolt CLI,962,True,,3.14.3,Windows-11-10.0.26200-SP0,dolt version 2.3.1 Warning: you are on an old version of Dolt. The newest version is 2.3.5.
4396fe06d7624623b767049064d24fb3,2026-09-23T08:31:13.632575+00:00,robustness,robust-s1-baseline,Revon-M (forced Merkle),ok,measured,4,1,20260923,10000,10,100,spread,32,06ffdcc9b45dd2ca383707f7dab8f409d51cbe975dba01c3511b69a00cb077b8,merkle,merkle,4096,281.7262,53.3127,15.1529,22.3486,4472832,450000,9.939626666666667,4022832,,not sampled,,48824320,"external parent process-tree RSS sampler (psutil, 10 ms; isolated trial)",3774,tree node pairs,962,True,,3.14.3,Windows-11-10.0.26200-SP0,
4396fe06d7624623b767049064d24fb3,2026-09-23T08:31:29.077031+00:00,robustness,robust-s1-baseline,Dolt,ok,measured,4,2,20260923,10000,10,100,spread,32,06ffdcc9b45dd2ca383707f7dab8f409d51cbe975dba01c3511b69a00cb077b8,dolt-native,dolt-native,4096,1602.5196,1005.73105,370.8335,405.2635,2974454,450000,6.609897777777777,2524454,,not sampled,,148971520,"external parent process-tree RSS sampler (psutil, 10 ms; isolated trial)",,not exposed by Dolt CLI,962,True,,3.14.3,Windows-11-10.0.26200-SP0,dolt version 2.3.1 Warning: you are on an old version of Dolt. The newest version is 2.3.5.
4396fe06d7624623b767049064d24fb3,2026-09-23T08:31:31.005815+00:00,robustness,robust-s1-baseline,Revon-H,ok,measured,4,3,20260923,10000,10,100,spread,32,06ffdcc9b45dd2ca383707f7dab8f409d51cbe975dba01c3511b69a00cb077b8,hybrid,log,4096,266.0171,62.96835,9.6024,22.0673,4460544,450000,9.91232,4010544,,not sampled,,48197632,"external parent process-tree RSS sampler (psutil, 10 ms; isolated trial)",1000,log operations,962,True,,3.14.3,Windows-11-10.0.26200-SP0,
4396fe06d7624623b767049064d24fb3,2026-09-23T08:31:45.848124+00:00,robustness,robust-s1-baseline,Dolt,ok,measured,5,1,20260923,10000,10,100,spread,32,06ffdcc9b45dd2ca383707f7dab8f409d51cbe975dba01c3511b69a00cb077b8,dolt-native,dolt-native,4096,1169.8002,1051.205,366.5157,368.2687,2975166,450000,6.61148,2525166,,not sampled,,148340736,"external parent process-tree RSS sampler (psutil, 10 ms; isolated trial)",,not exposed by Dolt CLI,962,True,,3.14.3,Windows-11-10.0.26200-SP0,dolt version 2.3.1 Warning: you are on an old version of Dolt. The newest version is 2.3.5.
4396fe06d7624623b767049064d24fb3,2026-09-23T08:31:48.110438+00:00,robustness,robust-s1-baseline,Revon-H,ok,measured,5,2,20260923,10000,10,100,spread,32,06ffdcc9b45dd2ca383707f7dab8f409d51cbe975dba01c3511b69a00cb077b8,hybrid,log,4096,300.4865,60.11425,9.8122,18.084,4472832,450000,9.939626666666667,4022832,,not sampled,,48226304,"external parent process-tree RSS sampler (psutil, 10 ms; isolated trial)",1000,log operations,962,True,,3.14.3,Windows-11-10.0.26200-SP0,
4396fe06d7624623b767049064d24fb3,2026-09-23T08:31:49.629099+00:00,robustness,robust-s1-baseline,Revon-M (forced Merkle),ok,measured,5,3,20260923,10000,10,100,spread,32,06ffdcc9b45dd2ca383707f7dab8f409d51cbe975dba01c3511b69a00cb077b8,merkle,merkle,4096,282.0035,42.982749999999996,12.135,18.0337,4468736,450000,9.930524444444444,4018736,,not sampled,,48885760,"external parent process-tree RSS sampler (psutil, 10 ms; isolated trial)",3774,tree node pairs,962,True,,3.14.3,Windows-11-10.0.26200-SP0,
4396fe06d7624623b767049064d24fb3,2026-09-23T08:31:51.305803+00:00,robustness,robust-s1-baseline,Revon-H,ok,measured,6,1,20260923,10000,10,100,spread,32,06ffdcc9b45dd2ca383707f7dab8f409d51cbe975dba01c3511b69a00cb077b8,hybrid,log,4096,246.867,45.4734,11.2487,19.9374,4481024,450000,9.957831111111112,4031024,,not sampled,,48975872,"external parent process-tree RSS sampler (psutil, 10 ms; isolated trial)",1000,log operations,962,True,,3.14.3,Windows-11-10.0.26200-SP0,
4396fe06d7624623b767049064d24fb3,2026-09-23T08:31:52.965815+00:00,robustness,robust-s1-baseline,Revon-M (forced Merkle),ok,measured,6,2,20260923,10000,10,100,spread,32,06ffdcc9b45dd2ca383707f7dab8f409d51cbe975dba01c3511b69a00cb077b8,merkle,merkle,4096,210.7121,57.8431,23.652,18.4739,4452352,450000,9.894115555555556,4002352,,not sampled,,48992256,"external parent process-tree RSS sampler (psutil, 10 ms; isolated trial)",3774,tree node pairs,962,True,,3.14.3,Windows-11-10.0.26200-SP0,
4396fe06d7624623b767049064d24fb3,2026-09-23T08:32:04.694886+00:00,robustness,robust-s1-baseline,Dolt,ok,measured,6,3,20260923,10000,10,100,spread,32,06ffdcc9b45dd2ca383707f7dab8f409d51cbe975dba01c3511b69a00cb077b8,dolt-native,dolt-native,4096,1201.6435,669.80155,238.4176,233.6583,2975256,450000,6.61168,2525256,,not sampled,,161435648,"external parent process-tree RSS sampler (psutil, 10 ms; isolated trial)",,not exposed by Dolt CLI,962,True,,3.14.3,Windows-11-10.0.26200-SP0,dolt version 2.3.1 Warning: you are on an old version of Dolt. The newest version is 2.3.5.
4396fe06d7624623b767049064d24fb3,2026-09-23T08:32:05.753670+00:00,robustness,robust-s1-baseline,Revon-M (forced Merkle),ok,measured,7,1,20260923,10000,10,100,spread,32,06ffdcc9b45dd2ca383707f7dab8f409d51cbe975dba01c3511b69a00cb077b8,merkle,merkle,4096,150.5218,28.6032,8.7588,11.4351,4440064,450000,9.866808888888889,3990064,,not sampled,,48717824,"external parent process-tree RSS sampler (psutil, 10 ms; isolated trial)",3774,tree node pairs,962,True,,3.14.3,Windows-11-10.0.26200-SP0,
4396fe06d7624623b767049064d24fb3,2026-09-23T08:32:14.405096+00:00,robustness,robust-s1-baseline,Dolt,ok,measured,7,2,20260923,10000,10,100,spread,32,06ffdcc9b45dd2ca383707f7dab8f409d51cbe975dba01c3511b69a00cb077b8,dolt-native,dolt-native,4096,730.0701,603.88255,238.173,255.4067,2974915,450000,6.610922222222222,2524915,,not sampled,,157294592,"external parent process-tree RSS sampler (psutil, 10 ms; isolated trial)",,not exposed by Dolt CLI,962,True,,3.14.3,Windows-11-10.0.26200-SP0,dolt version 2.3.1 Warning: you are on an old version of Dolt. The newest version is 2.3.5.
4396fe06d7624623b767049064d24fb3,2026-09-23T08:32:15.491587+00:00,robustness,robust-s1-baseline,Revon-H,ok,measured,7,3,20260923,10000,10,100,spread,32,06ffdcc9b45dd2ca383707f7dab8f409d51cbe975dba01c3511b69a00cb077b8,hybrid,log,4096,159.7376,33.3437,7.1265,10.3505,4460544,450000,9.91232,4010544,,not sampled,,48443392,"external parent process-tree RSS sampler (psutil, 10 ms; isolated trial)",1000,log operations,962,True,,3.14.3,Windows-11-10.0.26200-SP0,
4396fe06d7624623b767049064d24fb3,2026-09-23T08:32:26.171394+00:00,robustness,robust-s1-payload-128,Dolt,ok,warmup,1,1,20260923,10000,10,100,spread,128,0fc9aace1f3bb3d660d2efc28068cdcde643da622460da8d22bd05b07d19b3e6,dolt-native,dolt-native,4096,736.927,653.3631,317.1673,406.051,3242608,1410000,2.299721985815603,1832608,,not sampled,,149544960,"external parent process-tree RSS sampler (psutil, 10 ms; isolated trial)",,not exposed by Dolt CLI,962,True,,3.14.3,Windows-11-10.0.26200-SP0,dolt version 2.3.1 Warning: you are on an old version of Dolt. The newest version is 2.3.5.
4396fe06d7624623b767049064d24fb3,2026-09-23T08:32:27.474436+00:00,robustness,robust-s1-payload-128,Revon-M (forced Merkle),ok,warmup,1,2,20260923,10000,10,100,spread,128,0fc9aace1f3bb3d660d2efc28068cdcde643da622460da8d22bd05b07d19b3e6,merkle,merkle,4096,180.7122,41.882400000000004,11.3405,16.9322,7737344,1410000,5.487478014184397,6327344,,not sampled,,52842496,"external parent process-tree RSS sampler (psutil, 10 ms; isolated trial)",3774,tree node pairs,962,True,,3.14.3,Windows-11-10.0.26200-SP0,
4396fe06d7624623b767049064d24fb3,2026-09-23T08:32:28.779387+00:00,robustness,robust-s1-payload-128,Revon-H,ok,warmup,1,3,20260923,10000,10,100,spread,128,0fc9aace1f3bb3d660d2efc28068cdcde643da622460da8d22bd05b07d19b3e6,hybrid,log,4096,225.0796,43.99765,6.4756,16.4777,7659520,1410000,5.432283687943262,6249520,,not sampled,,53047296,"external parent process-tree RSS sampler (psutil, 10 ms; isolated trial)",1000,log operations,962,True,,3.14.3,Windows-11-10.0.26200-SP0,
4396fe06d7624623b767049064d24fb3,2026-09-23T08:32:30.118133+00:00,robustness,robust-s1-payload-128,Revon-M (forced Merkle),ok,warmup,2,1,20260923,10000,10,100,spread,128,0fc9aace1f3bb3d660d2efc28068cdcde643da622460da8d22bd05b07d19b3e6,merkle,merkle,4096,191.4889,49.21025,12.3893,19.2873,7663616,1410000,5.435188652482269,6253616,,not sampled,,52994048,"external parent process-tree RSS sampler (psutil, 10 ms; isolated trial)",3774,tree node pairs,962,True,,3.14.3,Windows-11-10.0.26200-SP0,
4396fe06d7624623b767049064d24fb3,2026-09-23T08:32:31.369011+00:00,robustness,robust-s1-payload-128,Revon-H,ok,warmup,2,2,20260923,10000,10,100,spread,128,0fc9aace1f3bb3d660d2efc28068cdcde643da622460da8d22bd05b07d19b3e6,hybrid,log,4096,255.2772,39.7721,6.317,14.5647,7684096,1410000,5.449713475177305,6274096,,not sampled,,52568064,"external parent process-tree RSS sampler (psutil, 10 ms; isolated trial)",1000,log operations,962,True,,3.14.3,Windows-11-10.0.26200-SP0,
4396fe06d7624623b767049064d24fb3,2026-09-23T08:32:42.282626+00:00,robustness,robust-s1-payload-128,Dolt,ok,warmup,2,3,20260923,10000,10,100,spread,128,0fc9aace1f3bb3d660d2efc28068cdcde643da622460da8d22bd05b07d19b3e6,dolt-native,dolt-native,4096,1340.0058,731.4617499999999,382.5048,279.1406,3242156,1410000,2.2994014184397162,1832156,,not sampled,,147881984,"external parent process-tree RSS sampler (psutil, 10 ms; isolated trial)",,not exposed by Dolt CLI,962,True,,3.14.3,Windows-11-10.0.26200-SP0,dolt version 2.3.1 Warning: you are on an old version of Dolt. The newest version is 2.3.5.
4396fe06d7624623b767049064d24fb3,2026-09-23T08:32:55.117789+00:00,robustness,robust-s1-payload-128,Dolt,ok,measured,1,1,20260923,10000,10,100,spread,128,0fc9aace1f3bb3d660d2efc28068cdcde643da622460da8d22bd05b07d19b3e6,dolt-native,dolt-native,4096,1379.816,862.0863999999999,288.1247,374.0833,3243264,1410000,2.300187234042553,1833264,,not sampled,,149295104,"external parent process-tree RSS sampler (psutil, 10 ms; isolated trial)",,not exposed by Dolt CLI,962,True,,3.14.3,Windows-11-10.0.26200-SP0,dolt version 2.3.1 Warning: you are on an old version of Dolt. The newest version is 2.3.5.
4396fe06d7624623b767049064d24fb3,2026-09-23T08:32:56.507705+00:00,robustness,robust-s1-payload-128,Revon-M (forced Merkle),ok,measured,1,2,20260923,10000,10,100,spread,128,0fc9aace1f3bb3d660d2efc28068cdcde643da622460da8d22bd05b07d19b3e6,merkle,merkle,4096,201.5182,42.58305,10.0876,15.7806,7655424,1410000,5.429378723404255,6245424,,not sampled,,52408320,"external parent process-tree RSS sampler (psutil, 10 ms; isolated trial)",3774,tree node pairs,962,True,,3.14.3,Windows-11-10.0.26200-SP0,
4396fe06d7624623b767049064d24fb3,2026-09-23T08:32:57.984000+00:00,robustness,robust-s1-payload-128,Revon-H,ok,measured,1,3,20260923,10000,10,100,spread,128,0fc9aace1f3bb3d660d2efc28068cdcde643da622460da8d22bd05b07d19b3e6,hybrid,log,4096,248.2609,57.8499,20.8629,19.6437,7716864,1410000,5.472953191489362,6306864,,not sampled,,52809728,"external parent process-tree RSS sampler (psutil, 10 ms; isolated trial)",1000,log operations,962,True,,3.14.3,Windows-11-10.0.26200-SP0,
4396fe06d7624623b767049064d24fb3,2026-09-23T08:32:59.442117+00:00,robustness,robust-s1-payload-128,Revon-M (forced Merkle),ok,measured,2,1,20260923,10000,10,100,spread,128,0fc9aace1f3bb3d660d2efc28068cdcde643da622460da8d22bd05b07d19b3e6,merkle,merkle,4096,237.1474,48.47385,12.4131,22.9329,7680000,1410000,5.446808510638298,6270000,,not sampled,,52670464,"external parent process-tree RSS sampler (psutil, 10 ms; isolated trial)",3774,tree node pairs,962,True,,3.14.3,Windows-11-10.0.26200-SP0,
4396fe06d7624623b767049064d24fb3,2026-09-23T08:33:00.989500+00:00,robustness,robust-s1-payload-128,Revon-H,ok,measured,2,2,20260923,10000,10,100,spread,128,0fc9aace1f3bb3d660d2efc28068cdcde643da622460da8d22bd05b07d19b3e6,hybrid,log,4096,296.2469,51.65995,7.2336,18.7908,7692288,1410000,5.455523404255319,6282288,,not sampled,,52498432,"external parent process-tree RSS sampler (psutil, 10 ms; isolated trial)",1000,log operations,962,True,,3.14.3,Windows-11-10.0.26200-SP0,
4396fe06d7624623b767049064d24fb3,2026-09-23T08:33:11.666360+00:00,robustness,robust-s1-payload-128,Dolt,ok,measured,2,3,20260923,10000,10,100,spread,128,0fc9aace1f3bb3d660d2efc28068cdcde643da622460da8d22bd05b07d19b3e6,dolt-native,dolt-native,4096,959.8937,702.97785,296.1445,324.2886,3242341,1410000,2.2995326241134753,1832341,,not sampled,,165670912,"external parent process-tree RSS sampler (psutil, 10 ms; isolated trial)",,not exposed by Dolt CLI,962,True,,3.14.3,Windows-11-10.0.26200-SP0,dolt version 2.3.1 Warning: you are on an old version of Dolt. The newest version is 2.3.5.
4396fe06d7624623b767049064d24fb3,2026-09-23T08:33:12.940539+00:00,robustness,robust-s1-payload-128,Revon-H,ok,measured,3,1,20260923,10000,10,100,spread,128,0fc9aace1f3bb3d660d2efc28068cdcde643da622460da8d22bd05b07d19b3e6,hybrid,log,4096,236.9141,41.39435,7.3746,18.573,7684096,1410000,5.449713475177305,6274096,,not sampled,,52367360,"external parent process-tree RSS sampler (psutil, 10 ms; isolated trial)",1000,log operations,962,True,,3.14.3,Windows-11-10.0.26200-SP0,
4396fe06d7624623b767049064d24fb3,2026-09-23T08:33:25.491712+00:00,robustness,robust-s1-payload-128,Dolt,ok,measured,3,2,20260923,10000,10,100,spread,128,0fc9aace1f3bb3d660d2efc28068cdcde643da622460da8d22bd05b07d19b3e6,dolt-native,dolt-native,4096,1179.7181,922.8405,314.2257,296.3267,3242613,1410000,2.2997255319148935,1832613,,not sampled,,149794816,"external parent process-tree RSS sampler (psutil, 10 ms; isolated trial)",,not exposed by Dolt CLI,962,True,,3.14.3,Windows-11-10.0.26200-SP0,dolt version 2.3.1 Warning: you are on an old version of Dolt. The newest version is 2.3.5.
4396fe06d7624623b767049064d24fb3,2026-09-23T08:33:26.925370+00:00,robustness,robust-s1-payload-128,Revon-M (forced Merkle),ok,measured,3,3,20260923,10000,10,100,spread,128,0fc9aace1f3bb3d660d2efc28068cdcde643da622460da8d22bd05b07d19b3e6,merkle,merkle,4096,191.3481,53.64295,12.8759,17.5412,7692288,1410000,5.455523404255319,6282288,,not sampled,,52797440,"external parent process-tree RSS sampler (psutil, 10 ms; isolated trial)",3774,tree node pairs,962,True,,3.14.3,Windows-11-10.0.26200-SP0,
4396fe06d7624623b767049064d24fb3,2026-09-23T08:33:42.067685+00:00,robustness,robust-s1-payload-128,Dolt,ok,measured,4,1,20260923,10000,10,100,spread,128,0fc9aace1f3bb3d660d2efc28068cdcde643da622460da8d22bd05b07d19b3e6,dolt-native,dolt-native,4096,1773.0186,876.3694,265.519,302.5341,3242830,1410000,2.2998794326241137,1832830,,not sampled,,168767488,"external parent process-tree RSS sampler (psutil, 10 ms; isolated trial)",,not exposed by Dolt CLI,962,True,,3.14.3,Windows-11-10.0.26200-SP0,dolt version 2.3.1 Warning: you are on an old version of Dolt. The newest version is 2.3.5.
4396fe06d7624623b767049064d24fb3,2026-09-23T08:33:43.419874+00:00,robustness,robust-s1-payload-128,Revon-M (forced Merkle),ok,measured,4,2,20260923,10000,10,100,spread,128,0fc9aace1f3bb3d660d2efc28068cdcde643da622460da8d22bd05b07d19b3e6,merkle,merkle,4096,202.6005,46.99265,13.3997,17.2679,7647232,1410000,5.423568794326241,6237232,,not sampled,,53043200,"external parent process-tree RSS sampler (psutil, 10 ms; isolated trial)",3774,tree node pairs,962,True,,3.14.3,Windows-11-10.0.26200-SP0,
4396fe06d7624623b767049064d24fb3,2026-09-23T08:33:44.932317+00:00,robustness,robust-s1-payload-128,Revon-H,ok,measured,4,3,20260923,10000,10,100,spread,128,0fc9aace1f3bb3d660d2efc28068cdcde643da622460da8d22bd05b07d19b3e6,hybrid,log,4096,264.4577,53.258849999999995,7.8662,18.7596,7671808,1410000,5.440998581560284,6261808,,not sampled,,53207040,"external parent process-tree RSS sampler (psutil, 10 ms; isolated trial)",1000,log operations,962,True,,3.14.3,Windows-11-10.0.26200-SP0,
4396fe06d7624623b767049064d24fb3,2026-09-23T08:33:46.208247+00:00,robustness,robust-s1-payload-128,Revon-M (forced Merkle),ok,measured,5,1,20260923,10000,10,100,spread,128,0fc9aace1f3bb3d660d2efc28068cdcde643da622460da8d22bd05b07d19b3e6,merkle,merkle,4096,195.7914,41.4695,10.9298,16.7342,7651328,1410000,5.4264737588652485,6241328,,not sampled,,53096448,"external parent process-tree RSS sampler (psutil, 10 ms; isolated trial)",3774,tree node pairs,962,True,,3.14.3,Windows-11-10.0.26200-SP0,
4396fe06d7624623b767049064d24fb3,2026-09-23T08:33:47.511107+00:00,robustness,robust-s1-payload-128,Revon-H,ok,measured,5,2,20260923,10000,10,100,spread,128,0fc9aace1f3bb3d660d2efc28068cdcde643da622460da8d22bd05b07d19b3e6,hybrid,log,4096,193.3584,45.4272,6.7547,19.1457,7692288,1410000,5.455523404255319,6282288,,not sampled,,53051392,"external parent process-tree RSS sampler (psutil, 10 ms; isolated trial)",1000,log operations,962,True,,3.14.3,Windows-11-10.0.26200-SP0,
4396fe06d7624623b767049064d24fb3,2026-09-23T08:33:58.292913+00:00,robustness,robust-s1-payload-128,Dolt,ok,measured,5,3,20260923,10000,10,100,spread,128,0fc9aace1f3bb3d660d2efc28068cdcde643da622460da8d22bd05b07d19b3e6,dolt-native,dolt-native,4096,1135.0437,737.4836,290.5165,426.708,3242569,1410000,2.2996943262411347,1832569,,not sampled,,149438464,"external parent process-tree RSS sampler (psutil, 10 ms; isolated trial)",,not exposed by Dolt CLI,962,True,,3.14.3,Windows-11-10.0.26200-SP0,dolt version 2.3.1 Warning: you are on an old version of Dolt. The newest version is 2.3.5.
4396fe06d7624623b767049064d24fb3,2026-09-23T08:33:59.759987+00:00,robustness,robust-s1-payload-128,Revon-H,ok,measured,6,1,20260923,10000,10,100,spread,128,0fc9aace1f3bb3d660d2efc28068cdcde643da622460da8d22bd05b07d19b3e6,hybrid,log,4096,235.1675,52.529650000000004,7.3778,18.7728,7651328,1410000,5.4264737588652485,6241328,,not sampled,,52629504,"external parent process-tree RSS sampler (psutil, 10 ms; isolated trial)",1000,log operations,962,True,,3.14.3,Windows-11-10.0.26200-SP0,
4396fe06d7624623b767049064d24fb3,2026-09-23T08:34:10.547408+00:00,robustness,robust-s1-payload-128,Dolt,ok,measured,6,2,20260923,10000,10,100,spread,128,0fc9aace1f3bb3d660d2efc28068cdcde643da622460da8d22bd05b07d19b3e6,dolt-native,dolt-native,4096,889.6659,755.19795,261.2468,322.3341,3242319,1410000,2.299517021276596,1832319,,not sampled,,148967424,"external parent process-tree RSS sampler (psutil, 10 ms; isolated trial)",,not exposed by Dolt CLI,962,True,,3.14.3,Windows-11-10.0.26200-SP0,dolt version 2.3.1 Warning: you are on an old version of Dolt. The newest version is 2.3.5.
4396fe06d7624623b767049064d24fb3,2026-09-23T08:34:11.899897+00:00,robustness,robust-s1-payload-128,Revon-M (forced Merkle),ok,measured,6,3,20260923,10000,10,100,spread,128,0fc9aace1f3bb3d660d2efc28068cdcde643da622460da8d22bd05b07d19b3e6,merkle,merkle,4096,205.5932,51.02975,10.5844,17.0294,7712768,1410000,5.470048226950355,6302768,,not sampled,,51970048,"external parent process-tree RSS sampler (psutil, 10 ms; isolated trial)",3774,tree node pairs,962,True,,3.14.3,Windows-11-10.0.26200-SP0,
4396fe06d7624623b767049064d24fb3,2026-09-23T08:34:22.165907+00:00,robustness,robust-s1-payload-128,Dolt,ok,measured,7,1,20260923,10000,10,100,spread,128,0fc9aace1f3bb3d660d2efc28068cdcde643da622460da8d22bd05b07d19b3e6,dolt-native,dolt-native,4096,963.0334,744.6964499999999,278.435,269.6443,3242144,1410000,2.2993929078014186,1832144,,not sampled,,169455616,"external parent process-tree RSS sampler (psutil, 10 ms; isolated trial)",,not exposed by Dolt CLI,962,True,,3.14.3,Windows-11-10.0.26200-SP0,dolt version 2.3.1 Warning: you are on an old version of Dolt. The newest version is 2.3.5.
4396fe06d7624623b767049064d24fb3,2026-09-23T08:34:23.607025+00:00,robustness,robust-s1-payload-128,Revon-M (forced Merkle),ok,measured,7,2,20260923,10000,10,100,spread,128,0fc9aace1f3bb3d660d2efc28068cdcde643da622460da8d22bd05b07d19b3e6,merkle,merkle,4096,214.9261,48.12925,13.3916,17.9686,7675904,1410000,5.443903546099291,6265904,,not sampled,,52723712,"external parent process-tree RSS sampler (psutil, 10 ms; isolated trial)",3774,tree node pairs,962,True,,3.14.3,Windows-11-10.0.26200-SP0,
4396fe06d7624623b767049064d24fb3,2026-09-23T08:34:24.988839+00:00,robustness,robust-s1-payload-128,Revon-H,ok,measured,7,3,20260923,10000,10,100,spread,128,0fc9aace1f3bb3d660d2efc28068cdcde643da622460da8d22bd05b07d19b3e6,hybrid,log,4096,285.7504,48.2781,6.1702,17.768,7696384,1410000,5.458428368794326,6286384,,not sampled,,52871168,"external parent process-tree RSS sampler (psutil, 10 ms; isolated trial)",1000,log operations,962,True,,3.14.3,Windows-11-10.0.26200-SP0,
4396fe06d7624623b767049064d24fb3,2026-09-23T08:34:29.264484+00:00,robustness,robust-s1-history-50,Revon-M (forced Merkle),ok,warmup,1,1,20260923,10000,50,100,spread,32,a1e8f0e19789e28a16b7f0c82e93d03ae8f291f905ee2523bad2f710ecd9a581,merkle,merkle,4096,162.6193,44.8553,48.1627,23.1686,11685888,450000,25.96864,11235888,,not sampled,,68075520,"external parent process-tree RSS sampler (psutil, 10 ms; isolated trial)",4309,tree node pairs,4006,True,,3.14.3,Windows-11-10.0.26200-SP0,
4396fe06d7624623b767049064d24fb3,2026-09-23T08:35:10.821203+00:00,robustness,robust-s1-history-50,Dolt,ok,warmup,1,2,20260923,10000,50,100,spread,32,a1e8f0e19789e28a16b7f0c82e93d03ae8f291f905ee2523bad2f710ecd9a581,dolt-native,dolt-native,4096,695.8878,728.2597499999999,445.2951,302.8043,13054975,450000,29.011055555555554,12604975,,not sampled,,174555136,"external parent process-tree RSS sampler (psutil, 10 ms; isolated trial)",,not exposed by Dolt CLI,4006,True,,3.14.3,Windows-11-10.0.26200-SP0,dolt version 2.3.1 Warning: you are on an old version of Dolt. The newest version is 2.3.5.
4396fe06d7624623b767049064d24fb3,2026-09-23T08:35:15.600756+00:00,robustness,robust-s1-history-50,Revon-H,ok,warmup,1,3,20260923,10000,50,100,spread,32,a1e8f0e19789e28a16b7f0c82e93d03ae8f291f905ee2523bad2f710ecd9a581,hybrid,merkle,4096,156.9319,52.21585,47.4487,26.4442,11726848,450000,26.059662222222222,11276848,,not sampled,,67760128,"external parent process-tree RSS sampler (psutil, 10 ms; isolated trial)",4309,tree node pairs,4006,True,,3.14.3,Windows-11-10.0.26200-SP0,
4396fe06d7624623b767049064d24fb3,2026-09-23T08:35:57.232761+00:00,robustness,robust-s1-history-50,Dolt,ok,warmup,2,1,20260923,10000,50,100,spread,32,a1e8f0e19789e28a16b7f0c82e93d03ae8f291f905ee2523bad2f710ecd9a581,dolt-native,dolt-native,4096,672.3404,736.54885,416.2695,240.3293,13056223,450000,29.013828888888888,12606223,,not sampled,,160956416,"external parent process-tree RSS sampler (psutil, 10 ms; isolated trial)",,not exposed by Dolt CLI,4006,True,,3.14.3,Windows-11-10.0.26200-SP0,dolt version 2.3.1 Warning: you are on an old version of Dolt. The newest version is 2.3.5.
4396fe06d7624623b767049064d24fb3,2026-09-23T08:36:01.285552+00:00,robustness,robust-s1-history-50,Revon-H,ok,warmup,2,2,20260923,10000,50,100,spread,32,a1e8f0e19789e28a16b7f0c82e93d03ae8f291f905ee2523bad2f710ecd9a581,hybrid,merkle,4096,161.4919,44.9875,46.7895,26.5582,11735040,450000,26.077866666666665,11285040,,not sampled,,67964928,"external parent process-tree RSS sampler (psutil, 10 ms; isolated trial)",4309,tree node pairs,4006,True,,3.14.3,Windows-11-10.0.26200-SP0,
4396fe06d7624623b767049064d24fb3,2026-09-23T08:36:05.752860+00:00,robustness,robust-s1-history-50,Revon-M (forced Merkle),ok,warmup,2,3,20260923,10000,50,100,spread,32,a1e8f0e19789e28a16b7f0c82e93d03ae8f291f905ee2523bad2f710ecd9a581,merkle,merkle,4096,186.5284,46.49905,56.1118,27.2039,11698176,450000,25.995946666666665,11248176,,not sampled,,67284992,"external parent process-tree RSS sampler (psutil, 10 ms; isolated trial)",4309,tree node pairs,4006,True,,3.14.3,Windows-11-10.0.26200-SP0,
4396fe06d7624623b767049064d24fb3,2026-09-23T08:36:09.553738+00:00,robustness,robust-s1-history-50,Revon-H,ok,measured,1,1,20260923,10000,50,100,spread,32,a1e8f0e19789e28a16b7f0c82e93d03ae8f291f905ee2523bad2f710ecd9a581,hybrid,merkle,4096,172.2175,43.8468,48.7007,23.4919,11730944,450000,26.068764444444444,11280944,,not sampled,,68300800,"external parent process-tree RSS sampler (psutil, 10 ms; isolated trial)",4309,tree node pairs,4006,True,,3.14.3,Windows-11-10.0.26200-SP0,
4396fe06d7624623b767049064d24fb3,2026-09-23T08:36:13.957582+00:00,robustness,robust-s1-history-50,Revon-M (forced Merkle),ok,measured,1,2,20260923,10000,50,100,spread,32,a1e8f0e19789e28a16b7f0c82e93d03ae8f291f905ee2523bad2f710ecd9a581,merkle,merkle,4096,150.6585,46.2338,49.3769,27.4885,11706368,450000,26.01415111111111,11256368,,not sampled,,67878912,"external parent process-tree RSS sampler (psutil, 10 ms; isolated trial)",4309,tree node pairs,4006,True,,3.14.3,Windows-11-10.0.26200-SP0,
4396fe06d7624623b767049064d24fb3,2026-09-23T08:37:00.978754+00:00,robustness,robust-s1-history-50,Dolt,ok,measured,1,3,20260923,10000,50,100,spread,32,a1e8f0e19789e28a16b7f0c82e93d03ae8f291f905ee2523bad2f710ecd9a581,dolt-native,dolt-native,4096,699.1357,856.00495,437.5447,316.0887,13054058,450000,29.00901777777778,12604058,,not sampled,,172916736,"external parent process-tree RSS sampler (psutil, 10 ms; isolated trial)",,not exposed by Dolt CLI,4006,True,,3.14.3,Windows-11-10.0.26200-SP0,dolt version 2.3.1 Warning: you are on an old version of Dolt. The newest version is 2.3.5.
4396fe06d7624623b767049064d24fb3,2026-09-23T08:37:07.022147+00:00,robustness,robust-s1-history-50,Revon-M (forced Merkle),ok,measured,2,1,20260923,10000,50,100,spread,32,a1e8f0e19789e28a16b7f0c82e93d03ae8f291f905ee2523bad2f710ecd9a581,merkle,merkle,4096,237.4632,63.6601,58.7976,27.7366,11649024,450000,25.88672,11199024,,not sampled,,67899392,"external parent process-tree RSS sampler (psutil, 10 ms; isolated trial)",4309,tree node pairs,4006,True,,3.14.3,Windows-11-10.0.26200-SP0,
4396fe06d7624623b767049064d24fb3,2026-09-23T08:38:04.435409+00:00,robustness,robust-s1-history-50,Dolt,ok,measured,2,2,20260923,10000,50,100,spread,32,a1e8f0e19789e28a16b7f0c82e93d03ae8f291f905ee2523bad2f710ecd9a581,dolt-native,dolt-native,4096,845.4607,1040.2619,797.1939,372.1081,13058167,450000,29.018148888888888,12608167,,not sampled,,163479552,"external parent process-tree RSS sampler (psutil, 10 ms; isolated trial)",,not exposed by Dolt CLI,4006,True,,3.14.3,Windows-11-10.0.26200-SP0,dolt version 2.3.1 Warning: you are on an old version of Dolt. The newest version is 2.3.5.
4396fe06d7624623b767049064d24fb3,2026-09-23T08:38:11.513093+00:00,robustness,robust-s1-history-50,Revon-H,ok,measured,2,3,20260923,10000,50,100,spread,32,a1e8f0e19789e28a16b7f0c82e93d03ae8f291f905ee2523bad2f710ecd9a581,hybrid,merkle,4096,332.9557,87.626,52.4159,23.2175,11747328,450000,26.105173333333333,11297328,,not sampled,,67567616,"external parent process-tree RSS sampler (psutil, 10 ms; isolated trial)",4309,tree node pairs,4006,True,,3.14.3,Windows-11-10.0.26200-SP0,
4396fe06d7624623b767049064d24fb3,2026-09-23T08:39:13.705097+00:00,robustness,robust-s1-history-50,Dolt,ok,measured,3,1,20260923,10000,50,100,spread,32,a1e8f0e19789e28a16b7f0c82e93d03ae8f291f905ee2523bad2f710ecd9a581,dolt-native,dolt-native,4096,918.4406,1103.2970500000001,517.7216,291.3428,13056122,450000,29.013604444444443,12606122,,not sampled,,172437504,"external parent process-tree RSS sampler (psutil, 10 ms; isolated trial)",,not exposed by Dolt CLI,4006,True,,3.14.3,Windows-11-10.0.26200-SP0,dolt version 2.3.1 Warning: you are on an old version of Dolt. The newest version is 2.3.5.
4396fe06d7624623b767049064d24fb3,2026-09-23T08:39:22.737720+00:00,robustness,robust-s1-history-50,Revon-H,ok,measured,3,2,20260923,10000,50,100,spread,32,a1e8f0e19789e28a16b7f0c82e93d03ae8f291f905ee2523bad2f710ecd9a581,hybrid,merkle,4096,312.486,129.266,85.1761,36.2459,11722752,450000,26.05056,11272752,,not sampled,,67534848,"external parent process-tree RSS sampler (psutil, 10 ms; isolated trial)",4309,tree node pairs,4006,True,,3.14.3,Windows-11-10.0.26200-SP0,
4396fe06d7624623b767049064d24fb3,2026-09-23T08:39:28.937323+00:00,robustness,robust-s1-history-50,Revon-M (forced Merkle),ok,measured,3,3,20260923,10000,50,100,spread,32,a1e8f0e19789e28a16b7f0c82e93d03ae8f291f905ee2523bad2f710ecd9a581,merkle,merkle,4096,252.8177,79.20875,53.4775,24.8914,11657216,450000,25.904924444444443,11207216,,not sampled,,68218880,"external parent process-tree RSS sampler (psutil, 10 ms; isolated trial)",4309,tree node pairs,4006,True,,3.14.3,Windows-11-10.0.26200-SP0,
4396fe06d7624623b767049064d24fb3,2026-09-23T08:39:35.440948+00:00,robustness,robust-s1-history-50,Revon-H,ok,measured,4,1,20260923,10000,50,100,spread,32,a1e8f0e19789e28a16b7f0c82e93d03ae8f291f905ee2523bad2f710ecd9a581,hybrid,merkle,4096,184.1607,60.6498,74.1923,35.9812,11665408,450000,25.92312888888889,11215408,,not sampled,,68141056,"external parent process-tree RSS sampler (psutil, 10 ms; isolated trial)",4309,tree node pairs,4006,True,,3.14.3,Windows-11-10.0.26200-SP0,
4396fe06d7624623b767049064d24fb3,2026-09-23T08:39:43.355715+00:00,robustness,robust-s1-history-50,Revon-M (forced Merkle),ok,measured,4,2,20260923,10000,50,100,spread,32,a1e8f0e19789e28a16b7f0c82e93d03ae8f291f905ee2523bad2f710ecd9a581,merkle,merkle,4096,197.0248,68.55675,74.4148,38.2416,11751424,450000,26.114275555555555,11301424,,not sampled,,67260416,"external parent process-tree RSS sampler (psutil, 10 ms; isolated trial)",4309,tree node pairs,4006,True,,3.14.3,Windows-11-10.0.26200-SP0,
4396fe06d7624623b767049064d24fb3,2026-09-23T08:40:47.009466+00:00,robustness,robust-s1-history-50,Dolt,ok,measured,4,3,20260923,10000,50,100,spread,32,a1e8f0e19789e28a16b7f0c82e93d03ae8f291f905ee2523bad2f710ecd9a581,dolt-native,dolt-native,4096,1105.1434,1036.4906,565.1169,497.8497,13056759,450000,29.01502,12606759,,not sampled,,163954688,"external parent process-tree RSS sampler (psutil, 10 ms; isolated trial)",,not exposed by Dolt CLI,4006,True,,3.14.3,Windows-11-10.0.26200-SP0,dolt version 2.3.1 Warning: you are on an old version of Dolt. The newest version is 2.3.5.
4396fe06d7624623b767049064d24fb3,2026-09-23T08:40:53.827195+00:00,robustness,robust-s1-history-50,Revon-M (forced Merkle),ok,measured,5,1,20260923,10000,50,100,spread,32,a1e8f0e19789e28a16b7f0c82e93d03ae8f291f905ee2523bad2f710ecd9a581,merkle,merkle,4096,249.3604,82.80709999999999,68.4132,25.1204,11698176,450000,25.995946666666665,11248176,,not sampled,,67543040,"external parent process-tree RSS sampler (psutil, 10 ms; isolated trial)",4309,tree node pairs,4006,True,,3.14.3,Windows-11-10.0.26200-SP0,
4396fe06d7624623b767049064d24fb3,2026-09-23T08:42:31.780089+00:00,robustness,robust-s1-history-50,Dolt,ok,measured,5,2,20260923,10000,50,100,spread,32,a1e8f0e19789e28a16b7f0c82e93d03ae8f291f905ee2523bad2f710ecd9a581,dolt-native,dolt-native,4096,926.5141,1865.1209,1406.5089,811.6886,13058579,450000,29.019064444444446,12608579,,not sampled,,175951872,"external parent process-tree RSS sampler (psutil, 10 ms; isolated trial)",,not exposed by Dolt CLI,4006,True,,3.14.3,Windows-11-10.0.26200-SP0,dolt version 2.3.1 Warning: you are on an old version of Dolt. The newest version is 2.3.5.
4396fe06d7624623b767049064d24fb3,2026-09-23T08:42:48.150610+00:00,robustness,robust-s1-history-50,Revon-H,ok,measured,5,3,20260923,10000,50,100,spread,32,a1e8f0e19789e28a16b7f0c82e93d03ae8f291f905ee2523bad2f710ecd9a581,hybrid,merkle,4096,605.0264,222.6934,116.758,65.4993,11706368,450000,26.01415111111111,11256368,,not sampled,,68227072,"external parent process-tree RSS sampler (psutil, 10 ms; isolated trial)",4309,tree node pairs,4006,True,,3.14.3,Windows-11-10.0.26200-SP0,
4396fe06d7624623b767049064d24fb3,2026-09-23T08:44:08.577229+00:00,robustness,robust-s1-history-50,Dolt,ok,measured,6,1,20260923,10000,50,100,spread,32,a1e8f0e19789e28a16b7f0c82e93d03ae8f291f905ee2523bad2f710ecd9a581,dolt-native,dolt-native,4096,2074.1884,1203.8503,544.2805,447.0012,13057530,450000,29.016733333333335,12607530,,not sampled,,167768064,"external parent process-tree RSS sampler (psutil, 10 ms; isolated trial)",,not exposed by Dolt CLI,4006,True,,3.14.3,Windows-11-10.0.26200-SP0,dolt version 2.3.1 Warning: you are on an old version of Dolt. The newest version is 2.3.5.
4396fe06d7624623b767049064d24fb3,2026-09-23T08:44:12.705479+00:00,robustness,robust-s1-history-50,Revon-H,ok,measured,6,2,20260923,10000,50,100,spread,32,a1e8f0e19789e28a16b7f0c82e93d03ae8f291f905ee2523bad2f710ecd9a581,hybrid,merkle,4096,157.1183,45.7751,46.0192,24.1538,11743232,450000,26.09607111111111,11293232,,not sampled,,68124672,"external parent process-tree RSS sampler (psutil, 10 ms; isolated trial)",4309,tree node pairs,4006,True,,3.14.3,Windows-11-10.0.26200-SP0,
4396fe06d7624623b767049064d24fb3,2026-09-23T08:44:17.011775+00:00,robustness,robust-s1-history-50,Revon-M (forced Merkle),ok,measured,6,3,20260923,10000,50,100,spread,32,a1e8f0e19789e28a16b7f0c82e93d03ae8f291f905ee2523bad2f710ecd9a581,merkle,merkle,4096,182.8583,47.91245,60.6283,25.8407,11702272,450000,26.00504888888889,11252272,,not sampled,,68063232,"external parent process-tree RSS sampler (psutil, 10 ms; isolated trial)",4309,tree node pairs,4006,True,,3.14.3,Windows-11-10.0.26200-SP0,
4396fe06d7624623b767049064d24fb3,2026-09-23T08:44:21.216255+00:00,robustness,robust-s1-history-50,Revon-H,ok,measured,7,1,20260923,10000,50,100,spread,32,a1e8f0e19789e28a16b7f0c82e93d03ae8f291f905ee2523bad2f710ecd9a581,hybrid,merkle,4096,186.532,45.45805,60.9224,27.6377,11710464,450000,26.023253333333333,11260464,,not sampled,,67997696,"external parent process-tree RSS sampler (psutil, 10 ms; isolated trial)",4309,tree node pairs,4006,True,,3.14.3,Windows-11-10.0.26200-SP0,
4396fe06d7624623b767049064d24fb3,2026-09-23T08:44:25.537688+00:00,robustness,robust-s1-history-50,Revon-M (forced Merkle),ok,measured,7,2,20260923,10000,50,100,spread,32,a1e8f0e19789e28a16b7f0c82e93d03ae8f291f905ee2523bad2f710ecd9a581,merkle,merkle,4096,197.8163,47.3429,75.3397,33.8756,11730944,450000,26.068764444444444,11280944,,not sampled,,68386816,"external parent process-tree RSS sampler (psutil, 10 ms; isolated trial)",4309,tree node pairs,4006,True,,3.14.3,Windows-11-10.0.26200-SP0,
4396fe06d7624623b767049064d24fb3,2026-09-23T08:45:22.117356+00:00,robustness,robust-s1-history-50,Dolt,ok,measured,7,3,20260923,10000,50,100,spread,32,a1e8f0e19789e28a16b7f0c82e93d03ae8f291f905ee2523bad2f710ecd9a581,dolt-native,dolt-native,4096,1077.1904,988.9126,403.6122,273.286,13055631,450000,29.012513333333334,12605631,,not sampled,,174628864,"external parent process-tree RSS sampler (psutil, 10 ms; isolated trial)",,not exposed by Dolt CLI,4006,True,,3.14.3,Windows-11-10.0.26200-SP0,dolt version 2.3.1 Warning: you are on an old version of Dolt. The newest version is 2.3.5.
4396fe06d7624623b767049064d24fb3,2026-09-23T08:45:33.339396+00:00,robustness,robust-s1-range-local,Dolt,ok,warmup,1,1,20260923,10000,10,100,range-local,32,c50bad9a5279f1edaf2c6f54d261e4b70070e26c0f3e9291b774eb35b2a6cd30,dolt-native,dolt-native,4096,904.283,816.7760000000001,264.0835,253.824,785242,450000,1.7449822222222222,335242,,not sampled,,143478784,"external parent process-tree RSS sampler (psutil, 10 ms; isolated trial)",,not exposed by Dolt CLI,907,True,,3.14.3,Windows-11-10.0.26200-SP0,dolt version 2.3.1 Warning: you are on an old version of Dolt. The newest version is 2.3.5.
4396fe06d7624623b767049064d24fb3,2026-09-23T08:45:34.564327+00:00,robustness,robust-s1-range-local,Revon-H,ok,warmup,1,2,20260923,10000,10,100,range-local,32,c50bad9a5279f1edaf2c6f54d261e4b70070e26c0f3e9291b774eb35b2a6cd30,hybrid,log,4096,170.542,33.4598,7.4317,14.3394,4489216,450000,9.976035555555555,4039216,,not sampled,,48914432,"external parent process-tree RSS sampler (psutil, 10 ms; isolated trial)",1000,log operations,907,True,,3.14.3,Windows-11-10.0.26200-SP0,
4396fe06d7624623b767049064d24fb3,2026-09-23T08:45:35.680170+00:00,robustness,robust-s1-range-local,Revon-M (forced Merkle),ok,warmup,1,3,20260923,10000,10,100,range-local,32,c50bad9a5279f1edaf2c6f54d261e4b70070e26c0f3e9291b774eb35b2a6cd30,merkle,merkle,4096,180.3362,33.9476,12.7439,12.9883,4448256,450000,9.885013333333333,3998256,,not sampled,,48893952,"external parent process-tree RSS sampler (psutil, 10 ms; isolated trial)",3618,tree node pairs,907,True,,3.14.3,Windows-11-10.0.26200-SP0,
4396fe06d7624623b767049064d24fb3,2026-09-23T08:45:36.829941+00:00,robustness,robust-s1-range-local,Revon-H,ok,warmup,2,1,20260923,10000,10,100,range-local,32,c50bad9a5279f1edaf2c6f54d261e4b70070e26c0f3e9291b774eb35b2a6cd30,hybrid,log,4096,150.1877,43.9587,7.2325,13.2291,4456448,450000,9.903217777777778,4006448,,not sampled,,48726016,"external parent process-tree RSS sampler (psutil, 10 ms; isolated trial)",1000,log operations,907,True,,3.14.3,Windows-11-10.0.26200-SP0,
4396fe06d7624623b767049064d24fb3,2026-09-23T08:45:37.938326+00:00,robustness,robust-s1-range-local,Revon-M (forced Merkle),ok,warmup,2,2,20260923,10000,10,100,range-local,32,c50bad9a5279f1edaf2c6f54d261e4b70070e26c0f3e9291b774eb35b2a6cd30,merkle,merkle,4096,151.5118,38.06695,10.7724,12.279,4489216,450000,9.976035555555555,4039216,,not sampled,,48787456,"external parent process-tree RSS sampler (psutil, 10 ms; isolated trial)",3618,tree node pairs,907,True,,3.14.3,Windows-11-10.0.26200-SP0,
4396fe06d7624623b767049064d24fb3,2026-09-23T08:45:48.891259+00:00,robustness,robust-s1-range-local,Dolt,ok,warmup,2,3,20260923,10000,10,100,range-local,32,c50bad9a5279f1edaf2c6f54d261e4b70070e26c0f3e9291b774eb35b2a6cd30,dolt-native,dolt-native,4096,767.9308,839.4556,260.4199,253.9098,785139,450000,1.7447533333333334,335139,,not sampled,,146403328,"external parent process-tree RSS sampler (psutil, 10 ms; isolated trial)",,not exposed by Dolt CLI,907,True,,3.14.3,Windows-11-10.0.26200-SP0,dolt version 2.3.1 Warning: you are on an old version of Dolt. The newest version is 2.3.5.
4396fe06d7624623b767049064d24fb3,2026-09-23T08:45:58.822935+00:00,robustness,robust-s1-range-local,Dolt,ok,measured,1,1,20260923,10000,10,100,range-local,32,c50bad9a5279f1edaf2c6f54d261e4b70070e26c0f3e9291b774eb35b2a6cd30,dolt-native,dolt-native,4096,704.2871,704.6447499999999,304.2898,305.8827,784802,450000,1.7440044444444445,334802,,not sampled,,149676032,"external parent process-tree RSS sampler (psutil, 10 ms; isolated trial)",,not exposed by Dolt CLI,907,True,,3.14.3,Windows-11-10.0.26200-SP0,dolt version 2.3.1 Warning: you are on an old version of Dolt. The newest version is 2.3.5.
4396fe06d7624623b767049064d24fb3,2026-09-23T08:46:00.137727+00:00,robustness,robust-s1-range-local,Revon-M (forced Merkle),ok,measured,1,2,20260923,10000,10,100,range-local,32,c50bad9a5279f1edaf2c6f54d261e4b70070e26c0f3e9291b774eb35b2a6cd30,merkle,merkle,4096,230.6401,37.94045,11.2481,11.9811,4472832,450000,9.939626666666667,4022832,,not sampled,,48529408,"external parent process-tree RSS sampler (psutil, 10 ms; isolated trial)",3618,tree node pairs,907,True,,3.14.3,Windows-11-10.0.26200-SP0,
4396fe06d7624623b767049064d24fb3,2026-09-23T08:46:01.327817+00:00,robustness,robust-s1-range-local,Revon-H,ok,measured,1,3,20260923,10000,10,100,range-local,32,c50bad9a5279f1edaf2c6f54d261e4b70070e26c0f3e9291b774eb35b2a6cd30,hybrid,log,4096,199.9858,33.97945,6.3444,11.9227,4464640,450000,9.921422222222223,4014640,,not sampled,,49115136,"external parent process-tree RSS sampler (psutil, 10 ms; isolated trial)",1000,log operations,907,True,,3.14.3,Windows-11-10.0.26200-SP0,
4396fe06d7624623b767049064d24fb3,2026-09-23T08:46:02.363210+00:00,robustness,robust-s1-range-local,Revon-M (forced Merkle),ok,measured,2,1,20260923,10000,10,100,range-local,32,c50bad9a5279f1edaf2c6f54d261e4b70070e26c0f3e9291b774eb35b2a6cd30,merkle,merkle,4096,171.947,30.06425,9.6628,14.281,4481024,450000,9.957831111111112,4031024,,not sampled,,48820224,"external parent process-tree RSS sampler (psutil, 10 ms; isolated trial)",3618,tree node pairs,907,True,,3.14.3,Windows-11-10.0.26200-SP0,
4396fe06d7624623b767049064d24fb3,2026-09-23T08:46:03.342277+00:00,robustness,robust-s1-range-local,Revon-H,ok,measured,2,2,20260923,10000,10,100,range-local,32,c50bad9a5279f1edaf2c6f54d261e4b70070e26c0f3e9291b774eb35b2a6cd30,hybrid,log,4096,154.7785,30.64555,5.8414,10.6951,4464640,450000,9.921422222222223,4014640,,not sampled,,48295936,"external parent process-tree RSS sampler (psutil, 10 ms; isolated trial)",1000,log operations,907,True,,3.14.3,Windows-11-10.0.26200-SP0,
4396fe06d7624623b767049064d24fb3,2026-09-23T08:46:15.017664+00:00,robustness,robust-s1-range-local,Dolt,ok,measured,2,3,20260923,10000,10,100,range-local,32,c50bad9a5279f1edaf2c6f54d261e4b70070e26c0f3e9291b774eb35b2a6cd30,dolt-native,dolt-native,4096,796.7887,845.52315,392.0846,396.9773,785451,450000,1.7454466666666666,335451,,not sampled,,148205568,"external parent process-tree RSS sampler (psutil, 10 ms; isolated trial)",,not exposed by Dolt CLI,907,True,,3.14.3,Windows-11-10.0.26200-SP0,dolt version 2.3.1 Warning: you are on an old version of Dolt. The newest version is 2.3.5.
4396fe06d7624623b767049064d24fb3,2026-09-23T08:46:16.289397+00:00,robustness,robust-s1-range-local,Revon-H,ok,measured,3,1,20260923,10000,10,100,range-local,32,c50bad9a5279f1edaf2c6f54d261e4b70070e26c0f3e9291b774eb35b2a6cd30,hybrid,log,4096,239.1248,34.47595,5.6607,12.3671,4493312,450000,9.985137777777778,4043312,,not sampled,,49233920,"external parent process-tree RSS sampler (psutil, 10 ms; isolated trial)",1000,log operations,907,True,,3.14.3,Windows-11-10.0.26200-SP0,
4396fe06d7624623b767049064d24fb3,2026-09-23T08:46:31.720726+00:00,robustness,robust-s1-range-local,Dolt,ok,measured,3,2,20260923,10000,10,100,range-local,32,c50bad9a5279f1edaf2c6f54d261e4b70070e26c0f3e9291b774eb35b2a6cd30,dolt-native,dolt-native,4096,1052.1284,1107.84435,327.7795,278.4577,785018,450000,1.7444844444444445,335018,,not sampled,,151977984,"external parent process-tree RSS sampler (psutil, 10 ms; isolated trial)",,not exposed by Dolt CLI,907,True,,3.14.3,Windows-11-10.0.26200-SP0,dolt version 2.3.1 Warning: you are on an old version of Dolt. The newest version is 2.3.5.
4396fe06d7624623b767049064d24fb3,2026-09-23T08:46:32.900521+00:00,robustness,robust-s1-range-local,Revon-M (forced Merkle),ok,measured,3,3,20260923,10000,10,100,range-local,32,c50bad9a5279f1edaf2c6f54d261e4b70070e26c0f3e9291b774eb35b2a6cd30,merkle,merkle,4096,261.2642,27.85005,8.2892,13.4431,4485120,450000,9.966933333333333,4035120,,not sampled,,48529408,"external parent process-tree RSS sampler (psutil, 10 ms; isolated trial)",3618,tree node pairs,907,True,,3.14.3,Windows-11-10.0.26200-SP0,
4396fe06d7624623b767049064d24fb3,2026-09-23T08:46:44.467349+00:00,robustness,robust-s1-range-local,Dolt,ok,measured,4,1,20260923,10000,10,100,range-local,32,c50bad9a5279f1edaf2c6f54d261e4b70070e26c0f3e9291b774eb35b2a6cd30,dolt-native,dolt-native,4096,822.2064,774.21505,419.251,316.7009,784797,450000,1.7439933333333333,334797,,not sampled,,151502848,"external parent process-tree RSS sampler (psutil, 10 ms; isolated trial)",,not exposed by Dolt CLI,907,True,,3.14.3,Windows-11-10.0.26200-SP0,dolt version 2.3.1 Warning: you are on an old version of Dolt. The newest version is 2.3.5.
4396fe06d7624623b767049064d24fb3,2026-09-23T08:46:45.959041+00:00,robustness,robust-s1-range-local,Revon-M (forced Merkle),ok,measured,4,2,20260923,10000,10,100,range-local,32,c50bad9a5279f1edaf2c6f54d261e4b70070e26c0f3e9291b774eb35b2a6cd30,merkle,merkle,4096,192.8671,35.68185,16.0188,17.1142,4464640,450000,9.921422222222223,4014640,,not sampled,,48721920,"external parent process-tree RSS sampler (psutil, 10 ms; isolated trial)",3618,tree node pairs,907,True,,3.14.3,Windows-11-10.0.26200-SP0,
4396fe06d7624623b767049064d24fb3,2026-09-23T08:46:47.317715+00:00,robustness,robust-s1-range-local,Revon-H,ok,measured,4,3,20260923,10000,10,100,range-local,32,c50bad9a5279f1edaf2c6f54d261e4b70070e26c0f3e9291b774eb35b2a6cd30,hybrid,log,4096,200.3854,38.357699999999994,6.1153,12.6297,4485120,450000,9.966933333333333,4035120,,not sampled,,49176576,"external parent process-tree RSS sampler (psutil, 10 ms; isolated trial)",1000,log operations,907,True,,3.14.3,Windows-11-10.0.26200-SP0,
4396fe06d7624623b767049064d24fb3,2026-09-23T08:46:48.468443+00:00,robustness,robust-s1-range-local,Revon-M (forced Merkle),ok,measured,5,1,20260923,10000,10,100,range-local,32,c50bad9a5279f1edaf2c6f54d261e4b70070e26c0f3e9291b774eb35b2a6cd30,merkle,merkle,4096,175.542,39.5848,10.9158,12.4543,4472832,450000,9.939626666666667,4022832,,not sampled,,49410048,"external parent process-tree RSS sampler (psutil, 10 ms; isolated trial)",3618,tree node pairs,907,True,,3.14.3,Windows-11-10.0.26200-SP0,
4396fe06d7624623b767049064d24fb3,2026-09-23T08:46:49.540125+00:00,robustness,robust-s1-range-local,Revon-H,ok,measured,5,2,20260923,10000,10,100,range-local,32,c50bad9a5279f1edaf2c6f54d261e4b70070e26c0f3e9291b774eb35b2a6cd30,hybrid,log,4096,182.884,34.97245,6.6419,11.6174,4513792,450000,10.030648888888889,4063792,,not sampled,,48381952,"external parent process-tree RSS sampler (psutil, 10 ms; isolated trial)",1000,log operations,907,True,,3.14.3,Windows-11-10.0.26200-SP0,
4396fe06d7624623b767049064d24fb3,2026-09-23T08:47:00.080665+00:00,robustness,robust-s1-range-local,Dolt,ok,measured,5,3,20260923,10000,10,100,range-local,32,c50bad9a5279f1edaf2c6f54d261e4b70070e26c0f3e9291b774eb35b2a6cd30,dolt-native,dolt-native,4096,780.1696,754.55645,284.4814,324.472,785392,450000,1.7453155555555555,335392,,not sampled,,159870976,"external parent process-tree RSS sampler (psutil, 10 ms; isolated trial)",,not exposed by Dolt CLI,907,True,,3.14.3,Windows-11-10.0.26200-SP0,dolt version 2.3.1 Warning: you are on an old version of Dolt. The newest version is 2.3.5.
4396fe06d7624623b767049064d24fb3,2026-09-23T08:47:01.288608+00:00,robustness,robust-s1-range-local,Revon-H,ok,measured,6,1,20260923,10000,10,100,range-local,32,c50bad9a5279f1edaf2c6f54d261e4b70070e26c0f3e9291b774eb35b2a6cd30,hybrid,log,4096,181.5558,36.9494,6.1521,12.6032,4468736,450000,9.930524444444444,4018736,,not sampled,,48820224,"external parent process-tree RSS sampler (psutil, 10 ms; isolated trial)",1000,log operations,907,True,,3.14.3,Windows-11-10.0.26200-SP0,
4396fe06d7624623b767049064d24fb3,2026-09-23T08:47:13.749940+00:00,robustness,robust-s1-range-local,Dolt,ok,measured,6,2,20260923,10000,10,100,range-local,32,c50bad9a5279f1edaf2c6f54d261e4b70070e26c0f3e9291b774eb35b2a6cd30,dolt-native,dolt-native,4096,1004.9659,866.13795,348.4056,384.6103,785008,450000,1.7444622222222221,335008,,not sampled,,149471232,"external parent process-tree RSS sampler (psutil, 10 ms; isolated trial)",,not exposed by Dolt CLI,907,True,,3.14.3,Windows-11-10.0.26200-SP0,dolt version 2.3.1 Warning: you are on an old version of Dolt. The newest version is 2.3.5.
4396fe06d7624623b767049064d24fb3,2026-09-23T08:47:15.144989+00:00,robustness,robust-s1-range-local,Revon-M (forced Merkle),ok,measured,6,3,20260923,10000,10,100,range-local,32,c50bad9a5279f1edaf2c6f54d261e4b70070e26c0f3e9291b774eb35b2a6cd30,merkle,merkle,4096,226.2531,43.882949999999994,12.9164,15.7081,4481024,450000,9.957831111111112,4031024,,not sampled,,49065984,"external parent process-tree RSS sampler (psutil, 10 ms; isolated trial)",3618,tree node pairs,907,True,,3.14.3,Windows-11-10.0.26200-SP0,
4396fe06d7624623b767049064d24fb3,2026-09-23T08:47:27.635261+00:00,robustness,robust-s1-range-local,Dolt,ok,measured,7,1,20260923,10000,10,100,range-local,32,c50bad9a5279f1edaf2c6f54d261e4b70070e26c0f3e9291b774eb35b2a6cd30,dolt-native,dolt-native,4096,1027.5925,866.5781,373.9503,352.774,784726,450000,1.7438355555555556,334726,,not sampled,,161021952,"external parent process-tree RSS sampler (psutil, 10 ms; isolated trial)",,not exposed by Dolt CLI,907,True,,3.14.3,Windows-11-10.0.26200-SP0,dolt version 2.3.1 Warning: you are on an old version of Dolt. The newest version is 2.3.5.
4396fe06d7624623b767049064d24fb3,2026-09-23T08:47:29.092585+00:00,robustness,robust-s1-range-local,Revon-M (forced Merkle),ok,measured,7,2,20260923,10000,10,100,range-local,32,c50bad9a5279f1edaf2c6f54d261e4b70070e26c0f3e9291b774eb35b2a6cd30,merkle,merkle,4096,180.9753,40.6328,11.4701,15.2345,4481024,450000,9.957831111111112,4031024,,not sampled,,49131520,"external parent process-tree RSS sampler (psutil, 10 ms; isolated trial)",3618,tree node pairs,907,True,,3.14.3,Windows-11-10.0.26200-SP0,
4396fe06d7624623b767049064d24fb3,2026-09-23T08:47:30.347728+00:00,robustness,robust-s1-range-local,Revon-H,ok,measured,7,3,20260923,10000,10,100,range-local,32,c50bad9a5279f1edaf2c6f54d261e4b70070e26c0f3e9291b774eb35b2a6cd30,hybrid,log,4096,163.4086,42.235,6.9034,11.4852,4489216,450000,9.976035555555555,4039216,,not sampled,,49102848,"external parent process-tree RSS sampler (psutil, 10 ms; isolated trial)",1000,log operations,907,True,,3.14.3,Windows-11-10.0.26200-SP0,
4396fe06d7624623b767049064d24fb3,2026-09-23T08:47:31.590099+00:00,robustness,robust-s1-repeated-key,Revon-H,ok,warmup,1,1,20260923,10000,10,100,repeated-key,32,29306fabfccd1ee6a994b8f99605353a0d6b9b07f8ff7c228e8b37a04bec8b67,hybrid,log,4096,178.8202,38.16345,1.0869,14.3002,4464640,450000,9.921422222222223,4014640,,not sampled,,48549888,"external parent process-tree RSS sampler (psutil, 10 ms; isolated trial)",1000,log operations,218,True,,3.14.3,Windows-11-10.0.26200-SP0,
4396fe06d7624623b767049064d24fb3,2026-09-23T08:47:43.959584+00:00,robustness,robust-s1-repeated-key,Dolt,ok,warmup,1,2,20260923,10000,10,100,repeated-key,32,29306fabfccd1ee6a994b8f99605353a0d6b9b07f8ff7c228e8b37a04bec8b67,dolt-native,dolt-native,4096,995.1677,913.1690000000001,290.8342,336.2989,807069,450000,1.7934866666666667,357069,,not sampled,,149442560,"external parent process-tree RSS sampler (psutil, 10 ms; isolated trial)",,not exposed by Dolt CLI,218,True,,3.14.3,Windows-11-10.0.26200-SP0,dolt version 2.3.1 Warning: you are on an old version of Dolt. The newest version is 2.3.5.
4396fe06d7624623b767049064d24fb3,2026-09-23T08:47:45.268059+00:00,robustness,robust-s1-repeated-key,Revon-M (forced Merkle),ok,warmup,1,3,20260923,10000,10,100,repeated-key,32,29306fabfccd1ee6a994b8f99605353a0d6b9b07f8ff7c228e8b37a04bec8b67,merkle,merkle,4096,156.6188,41.655550000000005,3.3264,21.212,4476928,450000,9.948728888888889,4026928,,not sampled,,48529408,"external parent process-tree RSS sampler (psutil, 10 ms; isolated trial)",1889,tree node pairs,218,True,,3.14.3,Windows-11-10.0.26200-SP0,
4396fe06d7624623b767049064d24fb3,2026-09-23T08:47:56.594720+00:00,robustness,robust-s1-repeated-key,Dolt,ok,warmup,2,1,20260923,10000,10,100,repeated-key,32,29306fabfccd1ee6a994b8f99605353a0d6b9b07f8ff7c228e8b37a04bec8b67,dolt-native,dolt-native,4096,1004.3096,785.92885,277.3537,298.3709,807954,450000,1.7954533333333333,357954,,not sampled,,157736960,"external parent process-tree RSS sampler (psutil, 10 ms; isolated trial)",,not exposed by Dolt CLI,218,True,,3.14.3,Windows-11-10.0.26200-SP0,dolt version 2.3.1 Warning: you are on an old version of Dolt. The newest version is 2.3.5.
4396fe06d7624623b767049064d24fb3,2026-09-23T08:47:57.812548+00:00,robustness,robust-s1-repeated-key,Revon-M (forced Merkle),ok,warmup,2,2,20260923,10000,10,100,repeated-key,32,29306fabfccd1ee6a994b8f99605353a0d6b9b07f8ff7c228e8b37a04bec8b67,merkle,merkle,4096,228.7336,33.3073,2.9093,10.7757,4444160,450000,9.875911111111112,3994160,,not sampled,,48525312,"external parent process-tree RSS sampler (psutil, 10 ms; isolated trial)",1889,tree node pairs,218,True,,3.14.3,Windows-11-10.0.26200-SP0,
4396fe06d7624623b767049064d24fb3,2026-09-23T08:47:58.793178+00:00,robustness,robust-s1-repeated-key,Revon-H,ok,warmup,2,3,20260923,10000,10,100,repeated-key,32,29306fabfccd1ee6a994b8f99605353a0d6b9b07f8ff7c228e8b37a04bec8b67,hybrid,log,4096,166.3564,27.12325,1.2697,10.1944,4476928,450000,9.948728888888889,4026928,,not sampled,,48758784,"external parent process-tree RSS sampler (psutil, 10 ms; isolated trial)",1000,log operations,218,True,,3.14.3,Windows-11-10.0.26200-SP0,
4396fe06d7624623b767049064d24fb3,2026-09-23T08:47:59.773676+00:00,robustness,robust-s1-repeated-key,Revon-H,ok,measured,1,1,20260923,10000,10,100,repeated-key,32,29306fabfccd1ee6a994b8f99605353a0d6b9b07f8ff7c228e8b37a04bec8b67,hybrid,log,4096,168.9616,28.86205,0.9147,11.0848,4497408,450000,9.99424,4047408,,not sampled,,48570368,"external parent process-tree RSS sampler (psutil, 10 ms; isolated trial)",1000,log operations,218,True,,3.14.3,Windows-11-10.0.26200-SP0,
4396fe06d7624623b767049064d24fb3,2026-09-23T08:48:09.818154+00:00,robustness,robust-s1-repeated-key,Dolt,ok,measured,1,2,20260923,10000,10,100,repeated-key,32,29306fabfccd1ee6a994b8f99605353a0d6b9b07f8ff7c228e8b37a04bec8b67,dolt-native,dolt-native,4096,830.0342,688.1791499999999,254.8514,337.38,807554,450000,1.7945644444444444,357554,,not sampled,,168108032,"external parent process-tree RSS sampler (psutil, 10 ms; isolated trial)",,not exposed by Dolt CLI,218,True,,3.14.3,Windows-11-10.0.26200-SP0,dolt version 2.3.1 Warning: you are on an old version of Dolt. The newest version is 2.3.5.
4396fe06d7624623b767049064d24fb3,2026-09-23T08:48:10.930948+00:00,robustness,robust-s1-repeated-key,Revon-M (forced Merkle),ok,measured,1,3,20260923,10000,10,100,repeated-key,32,29306fabfccd1ee6a994b8f99605353a0d6b9b07f8ff7c228e8b37a04bec8b67,merkle,merkle,4096,184.6424,33.8544,2.1343,10.5103,4448256,450000,9.885013333333333,3998256,,not sampled,,47894528,"external parent process-tree RSS sampler (psutil, 10 ms; isolated trial)",1889,tree node pairs,218,True,,3.14.3,Windows-11-10.0.26200-SP0,
4396fe06d7624623b767049064d24fb3,2026-09-23T08:48:21.402871+00:00,robustness,robust-s1-repeated-key,Dolt,ok,measured,2,1,20260923,10000,10,100,repeated-key,32,29306fabfccd1ee6a994b8f99605353a0d6b9b07f8ff7c228e8b37a04bec8b67,dolt-native,dolt-native,4096,840.1127,799.4482,261.7379,285.4515,807429,450000,1.7942866666666666,357429,,not sampled,,158167040,"external parent process-tree RSS sampler (psutil, 10 ms; isolated trial)",,not exposed by Dolt CLI,218,True,,3.14.3,Windows-11-10.0.26200-SP0,dolt version 2.3.1 Warning: you are on an old version of Dolt. The newest version is 2.3.5.
4396fe06d7624623b767049064d24fb3,2026-09-23T08:48:22.585669+00:00,robustness,robust-s1-repeated-key,Revon-M (forced Merkle),ok,measured,2,2,20260923,10000,10,100,repeated-key,32,29306fabfccd1ee6a994b8f99605353a0d6b9b07f8ff7c228e8b37a04bec8b67,merkle,merkle,4096,181.4633,37.914199999999994,2.4395,12.7615,4493312,450000,9.985137777777778,4043312,,not sampled,,48738304,"external parent process-tree RSS sampler (psutil, 10 ms; isolated trial)",1889,tree node pairs,218,True,,3.14.3,Windows-11-10.0.26200-SP0,
4396fe06d7624623b767049064d24fb3,2026-09-23T08:48:23.668692+00:00,robustness,robust-s1-repeated-key,Revon-H,ok,measured,2,3,20260923,10000,10,100,repeated-key,32,29306fabfccd1ee6a994b8f99605353a0d6b9b07f8ff7c228e8b37a04bec8b67,hybrid,log,4096,172.7396,33.70195,1.0235,11.8892,4485120,450000,9.966933333333333,4035120,,not sampled,,49012736,"external parent process-tree RSS sampler (psutil, 10 ms; isolated trial)",1000,log operations,218,True,,3.14.3,Windows-11-10.0.26200-SP0,
4396fe06d7624623b767049064d24fb3,2026-09-23T08:48:24.766082+00:00,robustness,robust-s1-repeated-key,Revon-M (forced Merkle),ok,measured,3,1,20260923,10000,10,100,repeated-key,32,29306fabfccd1ee6a994b8f99605353a0d6b9b07f8ff7c228e8b37a04bec8b67,merkle,merkle,4096,199.7578,32.09385,2.4249,13.1888,4460544,450000,9.91232,4010544,,not sampled,,48238592,"external parent process-tree RSS sampler (psutil, 10 ms; isolated trial)",1889,tree node pairs,218,True,,3.14.3,Windows-11-10.0.26200-SP0,
4396fe06d7624623b767049064d24fb3,2026-09-23T08:48:25.965214+00:00,robustness,robust-s1-repeated-key,Revon-H,ok,measured,3,2,20260923,10000,10,100,repeated-key,32,29306fabfccd1ee6a994b8f99605353a0d6b9b07f8ff7c228e8b37a04bec8b67,hybrid,log,4096,160.6026,36.387150000000005,1.0939,12.843,4485120,450000,9.966933333333333,4035120,,not sampled,,48545792,"external parent process-tree RSS sampler (psutil, 10 ms; isolated trial)",1000,log operations,218,True,,3.14.3,Windows-11-10.0.26200-SP0,
4396fe06d7624623b767049064d24fb3,2026-09-23T08:48:36.765130+00:00,robustness,robust-s1-repeated-key,Dolt,ok,measured,3,3,20260923,10000,10,100,repeated-key,32,29306fabfccd1ee6a994b8f99605353a0d6b9b07f8ff7c228e8b37a04bec8b67,dolt-native,dolt-native,4096,934.0544,771.28835,249.4393,321.9474,807721,450000,1.7949355555555555,357721,,not sampled,,160653312,"external parent process-tree RSS sampler (psutil, 10 ms; isolated trial)",,not exposed by Dolt CLI,218,True,,3.14.3,Windows-11-10.0.26200-SP0,dolt version 2.3.1 Warning: you are on an old version of Dolt. The newest version is 2.3.5.
4396fe06d7624623b767049064d24fb3,2026-09-23T08:48:37.887052+00:00,robustness,robust-s1-repeated-key,Revon-H,ok,measured,4,1,20260923,10000,10,100,repeated-key,32,29306fabfccd1ee6a994b8f99605353a0d6b9b07f8ff7c228e8b37a04bec8b67,hybrid,log,4096,179.7512,33.65645,0.9091,11.208,4526080,450000,10.057955555555555,4076080,,not sampled,,48803840,"external parent process-tree RSS sampler (psutil, 10 ms; isolated trial)",1000,log operations,218,True,,3.14.3,Windows-11-10.0.26200-SP0,
4396fe06d7624623b767049064d24fb3,2026-09-23T08:48:47.686767+00:00,robustness,robust-s1-repeated-key,Dolt,ok,measured,4,2,20260923,10000,10,100,repeated-key,32,29306fabfccd1ee6a994b8f99605353a0d6b9b07f8ff7c228e8b37a04bec8b67,dolt-native,dolt-native,4096,751.8253,712.5775,273.9927,288.9524,807751,450000,1.7950022222222222,357751,,not sampled,,149983232,"external parent process-tree RSS sampler (psutil, 10 ms; isolated trial)",,not exposed by Dolt CLI,218,True,,3.14.3,Windows-11-10.0.26200-SP0,dolt version 2.3.1 Warning: you are on an old version of Dolt. The newest version is 2.3.5.
4396fe06d7624623b767049064d24fb3,2026-09-23T08:48:48.753322+00:00,robustness,robust-s1-repeated-key,Revon-M (forced Merkle),ok,measured,4,3,20260923,10000,10,100,repeated-key,32,29306fabfccd1ee6a994b8f99605353a0d6b9b07f8ff7c228e8b37a04bec8b67,merkle,merkle,4096,162.3808,28.4421,2.0659,9.8544,4485120,450000,9.966933333333333,4035120,,not sampled,,48750592,"external parent process-tree RSS sampler (psutil, 10 ms; isolated trial)",1889,tree node pairs,218,True,,3.14.3,Windows-11-10.0.26200-SP0,
4396fe06d7624623b767049064d24fb3,2026-09-23T08:48:58.556964+00:00,robustness,robust-s1-repeated-key,Dolt,ok,measured,5,1,20260923,10000,10,100,repeated-key,32,29306fabfccd1ee6a994b8f99605353a0d6b9b07f8ff7c228e8b37a04bec8b67,dolt-native,dolt-native,4096,869.0712,686.19245,242.1716,264.7223,807747,450000,1.7949933333333334,357747,,not sampled,,160559104,"external parent process-tree RSS sampler (psutil, 10 ms; isolated trial)",,not exposed by Dolt CLI,218,True,,3.14.3,Windows-11-10.0.26200-SP0,dolt version 2.3.1 Warning: you are on an old version of Dolt. The newest version is 2.3.5.
4396fe06d7624623b767049064d24fb3,2026-09-23T08:48:59.707274+00:00,robustness,robust-s1-repeated-key,Revon-M (forced Merkle),ok,measured,5,2,20260923,10000,10,100,repeated-key,32,29306fabfccd1ee6a994b8f99605353a0d6b9b07f8ff7c228e8b37a04bec8b67,merkle,merkle,4096,151.5739,37.4423,2.6197,14.9639,4452352,450000,9.894115555555556,4002352,,not sampled,,49004544,"external parent process-tree RSS sampler (psutil, 10 ms; isolated trial)",1889,tree node pairs,218,True,,3.14.3,Windows-11-10.0.26200-SP0,
4396fe06d7624623b767049064d24fb3,2026-09-23T08:49:00.947322+00:00,robustness,robust-s1-repeated-key,Revon-H,ok,measured,5,3,20260923,10000,10,100,repeated-key,32,29306fabfccd1ee6a994b8f99605353a0d6b9b07f8ff7c228e8b37a04bec8b67,hybrid,log,4096,161.1942,36.058049999999994,0.9963,12.4159,4509696,450000,10.021546666666667,4059696,,not sampled,,48615424,"external parent process-tree RSS sampler (psutil, 10 ms; isolated trial)",1000,log operations,218,True,,3.14.3,Windows-11-10.0.26200-SP0,
4396fe06d7624623b767049064d24fb3,2026-09-23T08:49:02.017437+00:00,robustness,robust-s1-repeated-key,Revon-M (forced Merkle),ok,measured,6,1,20260923,10000,10,100,repeated-key,32,29306fabfccd1ee6a994b8f99605353a0d6b9b07f8ff7c228e8b37a04bec8b67,merkle,merkle,4096,164.9615,31.8418,2.3857,13.4061,4489216,450000,9.976035555555555,4039216,,not sampled,,48226304,"external parent process-tree RSS sampler (psutil, 10 ms; isolated trial)",1889,tree node pairs,218,True,,3.14.3,Windows-11-10.0.26200-SP0,
4396fe06d7624623b767049064d24fb3,2026-09-23T08:49:02.995470+00:00,robustness,robust-s1-repeated-key,Revon-H,ok,measured,6,2,20260923,10000,10,100,repeated-key,32,29306fabfccd1ee6a994b8f99605353a0d6b9b07f8ff7c228e8b37a04bec8b67,hybrid,log,4096,142.6987,29.0086,0.9995,11.1804,4505600,450000,10.012444444444444,4055600,,not sampled,,48058368,"external parent process-tree RSS sampler (psutil, 10 ms; isolated trial)",1000,log operations,218,True,,3.14.3,Windows-11-10.0.26200-SP0,
4396fe06d7624623b767049064d24fb3,2026-09-23T08:49:13.816127+00:00,robustness,robust-s1-repeated-key,Dolt,ok,measured,6,3,20260923,10000,10,100,repeated-key,32,29306fabfccd1ee6a994b8f99605353a0d6b9b07f8ff7c228e8b37a04bec8b67,dolt-native,dolt-native,4096,813.0911,818.0211999999999,277.0547,334.0278,807741,450000,1.79498,357741,,not sampled,,148615168,"external parent process-tree RSS sampler (psutil, 10 ms; isolated trial)",,not exposed by Dolt CLI,218,True,,3.14.3,Windows-11-10.0.26200-SP0,dolt version 2.3.1 Warning: you are on an old version of Dolt. The newest version is 2.3.5.
4396fe06d7624623b767049064d24fb3,2026-09-23T08:49:14.942041+00:00,robustness,robust-s1-repeated-key,Revon-H,ok,measured,7,1,20260923,10000,10,100,repeated-key,32,29306fabfccd1ee6a994b8f99605353a0d6b9b07f8ff7c228e8b37a04bec8b67,hybrid,log,4096,167.922,29.0232,0.9444,11.6863,4468736,450000,9.930524444444444,4018736,,not sampled,,48689152,"external parent process-tree RSS sampler (psutil, 10 ms; isolated trial)",1000,log operations,218,True,,3.14.3,Windows-11-10.0.26200-SP0,
4396fe06d7624623b767049064d24fb3,2026-09-23T08:49:25.601554+00:00,robustness,robust-s1-repeated-key,Dolt,ok,measured,7,2,20260923,10000,10,100,repeated-key,32,29306fabfccd1ee6a994b8f99605353a0d6b9b07f8ff7c228e8b37a04bec8b67,dolt-native,dolt-native,4096,820.9547,784.4324,262.9748,382.5783,807537,450000,1.7945266666666666,357537,,not sampled,,158470144,"external parent process-tree RSS sampler (psutil, 10 ms; isolated trial)",,not exposed by Dolt CLI,218,True,,3.14.3,Windows-11-10.0.26200-SP0,dolt version 2.3.1 Warning: you are on an old version of Dolt. The newest version is 2.3.5.
4396fe06d7624623b767049064d24fb3,2026-09-23T08:49:26.770582+00:00,robustness,robust-s1-repeated-key,Revon-M (forced Merkle),ok,measured,7,3,20260923,10000,10,100,repeated-key,32,29306fabfccd1ee6a994b8f99605353a0d6b9b07f8ff7c228e8b37a04bec8b67,merkle,merkle,4096,192.7123,29.9013,1.8766,9.5167,4468736,450000,9.930524444444444,4018736,,not sampled,,48525312,"external parent process-tree RSS sampler (psutil, 10 ms; isolated trial)",1889,tree node pairs,218,True,,3.14.3,Windows-11-10.0.26200-SP0,
4396fe06d7624623b767049064d24fb3,2026-09-23T08:49:38.099146+00:00,robustness,robust-s2-baseline,Dolt,ok,warmup,1,1,20261017,10000,10,100,spread,32,955a18d7ae975079055a543ff596d1f3ba4d14df90ae8467b4b854f61cdf294a,dolt-native,dolt-native,4096,865.689,817.47165,408.2844,312.9951,2944209,450000,6.5426866666666665,2494209,,not sampled,,158547968,"external parent process-tree RSS sampler (psutil, 10 ms; isolated trial)",,not exposed by Dolt CLI,954,True,,3.14.3,Windows-11-10.0.26200-SP0,dolt version 2.3.1 Warning: you are on an old version of Dolt. The newest version is 2.3.5.
4396fe06d7624623b767049064d24fb3,2026-09-23T08:49:39.379610+00:00,robustness,robust-s2-baseline,Revon-M (forced Merkle),ok,warmup,1,2,20261017,10000,10,100,spread,32,955a18d7ae975079055a543ff596d1f3ba4d14df90ae8467b4b854f61cdf294a,merkle,merkle,4096,172.0432,41.366150000000005,12.6381,11.922,4468736,450000,9.930524444444444,4018736,,not sampled,,49086464,"external parent process-tree RSS sampler (psutil, 10 ms; isolated trial)",3813,tree node pairs,954,True,,3.14.3,Windows-11-10.0.26200-SP0,
4396fe06d7624623b767049064d24fb3,2026-09-23T08:49:40.559498+00:00,robustness,robust-s2-baseline,Revon-H,ok,warmup,1,3,20261017,10000,10,100,spread,32,955a18d7ae975079055a543ff596d1f3ba4d14df90ae8467b4b854f61cdf294a,hybrid,log,4096,191.9105,36.2539,6.1507,11.1216,4464640,450000,9.921422222222223,4014640,,not sampled,,49451008,"external parent process-tree RSS sampler (psutil, 10 ms; isolated trial)",1000,log operations,954,True,,3.14.3,Windows-11-10.0.26200-SP0,
4396fe06d7624623b767049064d24fb3,2026-09-23T08:49:41.712848+00:00,robustness,robust-s2-baseline,Revon-M (forced Merkle),ok,warmup,2,1,20261017,10000,10,100,spread,32,955a18d7ae975079055a543ff596d1f3ba4d14df90ae8467b4b854f61cdf294a,merkle,merkle,4096,190.5798,34.34175,10.7671,13.7659,4497408,450000,9.99424,4047408,,not sampled,,49147904,"external parent process-tree RSS sampler (psutil, 10 ms; isolated trial)",3813,tree node pairs,954,True,,3.14.3,Windows-11-10.0.26200-SP0,
4396fe06d7624623b767049064d24fb3,2026-09-23T08:49:43.033662+00:00,robustness,robust-s2-baseline,Revon-H,ok,warmup,2,2,20261017,10000,10,100,spread,32,955a18d7ae975079055a543ff596d1f3ba4d14df90ae8467b4b854f61cdf294a,hybrid,log,4096,157.0636,29.7399,6.7903,13.2556,4493312,450000,9.985137777777778,4043312,,not sampled,,48599040,"external parent process-tree RSS sampler (psutil, 10 ms; isolated trial)",1000,log operations,954,True,,3.14.3,Windows-11-10.0.26200-SP0,
4396fe06d7624623b767049064d24fb3,2026-09-23T08:49:52.591537+00:00,robustness,robust-s2-baseline,Dolt,ok,warmup,2,3,20261017,10000,10,100,spread,32,955a18d7ae975079055a543ff596d1f3ba4d14df90ae8467b4b854f61cdf294a,dolt-native,dolt-native,4096,788.2108,661.6074000000001,226.0661,458.6309,2944440,450000,6.5432,2494440,,not sampled,,151801856,"external parent process-tree RSS sampler (psutil, 10 ms; isolated trial)",,not exposed by Dolt CLI,954,True,,3.14.3,Windows-11-10.0.26200-SP0,dolt version 2.3.1 Warning: you are on an old version of Dolt. The newest version is 2.3.5.
4396fe06d7624623b767049064d24fb3,2026-09-23T08:50:03.095018+00:00,robustness,robust-s2-baseline,Dolt,ok,measured,1,1,20261017,10000,10,100,spread,32,955a18d7ae975079055a543ff596d1f3ba4d14df90ae8467b4b854f61cdf294a,dolt-native,dolt-native,4096,761.1559,756.8118999999999,272.2262,341.4275,2945065,450000,6.544588888888889,2495065,,not sampled,,152514560,"external parent process-tree RSS sampler (psutil, 10 ms; isolated trial)",,not exposed by Dolt CLI,954,True,,3.14.3,Windows-11-10.0.26200-SP0,dolt version 2.3.1 Warning: you are on an old version of Dolt. The newest version is 2.3.5.
4396fe06d7624623b767049064d24fb3,2026-09-23T08:50:04.283141+00:00,robustness,robust-s2-baseline,Revon-M (forced Merkle),ok,measured,1,2,20261017,10000,10,100,spread,32,955a18d7ae975079055a543ff596d1f3ba4d14df90ae8467b4b854f61cdf294a,merkle,merkle,4096,209.2615,30.91335,9.5462,9.5646,4485120,450000,9.966933333333333,4035120,,not sampled,,48783360,"external parent process-tree RSS sampler (psutil, 10 ms; isolated trial)",3813,tree node pairs,954,True,,3.14.3,Windows-11-10.0.26200-SP0,
4396fe06d7624623b767049064d24fb3,2026-09-23T08:50:05.391095+00:00,robustness,robust-s2-baseline,Revon-H,ok,measured,1,3,20261017,10000,10,100,spread,32,955a18d7ae975079055a543ff596d1f3ba4d14df90ae8467b4b854f61cdf294a,hybrid,log,4096,184.8993,30.40135,5.765,11.0629,4505600,450000,10.012444444444444,4055600,,not sampled,,49274880,"external parent process-tree RSS sampler (psutil, 10 ms; isolated trial)",1000,log operations,954,True,,3.14.3,Windows-11-10.0.26200-SP0,
4396fe06d7624623b767049064d24fb3,2026-09-23T08:50:06.538796+00:00,robustness,robust-s2-baseline,Revon-M (forced Merkle),ok,measured,2,1,20261017,10000,10,100,spread,32,955a18d7ae975079055a543ff596d1f3ba4d14df90ae8467b4b854f61cdf294a,merkle,merkle,4096,180.9732,31.1006,10.8601,11.6081,4501504,450000,10.003342222222223,4051504,,not sampled,,49070080,"external parent process-tree RSS sampler (psutil, 10 ms; isolated trial)",3813,tree node pairs,954,True,,3.14.3,Windows-11-10.0.26200-SP0,
4396fe06d7624623b767049064d24fb3,2026-09-23T08:50:07.634909+00:00,robustness,robust-s2-baseline,Revon-H,ok,measured,2,2,20261017,10000,10,100,spread,32,955a18d7ae975079055a543ff596d1f3ba4d14df90ae8467b4b854f61cdf294a,hybrid,log,4096,160.5484,29.3872,6.6626,12.3017,4476928,450000,9.948728888888889,4026928,,not sampled,,48566272,"external parent process-tree RSS sampler (psutil, 10 ms; isolated trial)",1000,log operations,954,True,,3.14.3,Windows-11-10.0.26200-SP0,
4396fe06d7624623b767049064d24fb3,2026-09-23T08:50:17.694719+00:00,robustness,robust-s2-baseline,Dolt,ok,measured,2,3,20261017,10000,10,100,spread,32,955a18d7ae975079055a543ff596d1f3ba4d14df90ae8467b4b854f61cdf294a,dolt-native,dolt-native,4096,741.3931,713.4649,266.4651,279.1841,2944824,450000,6.544053333333333,2494824,,not sampled,,161099776,"external parent process-tree RSS sampler (psutil, 10 ms; isolated trial)",,not exposed by Dolt CLI,954,True,,3.14.3,Windows-11-10.0.26200-SP0,dolt version 2.3.1 Warning: you are on an old version of Dolt. The newest version is 2.3.5.
4396fe06d7624623b767049064d24fb3,2026-09-23T08:50:18.856732+00:00,robustness,robust-s2-baseline,Revon-H,ok,measured,3,1,20261017,10000,10,100,spread,32,955a18d7ae975079055a543ff596d1f3ba4d14df90ae8467b4b854f61cdf294a,hybrid,log,4096,179.4161,36.17125,6.1353,15.0761,4509696,450000,10.021546666666667,4059696,,not sampled,,49254400,"external parent process-tree RSS sampler (psutil, 10 ms; isolated trial)",1000,log operations,954,True,,3.14.3,Windows-11-10.0.26200-SP0,
4396fe06d7624623b767049064d24fb3,2026-09-23T08:50:29.195022+00:00,robustness,robust-s2-baseline,Dolt,ok,measured,3,2,20261017,10000,10,100,spread,32,955a18d7ae975079055a543ff596d1f3ba4d14df90ae8467b4b854f61cdf294a,dolt-native,dolt-native,4096,792.2143,736.1270999999999,373.0879,300.5113,2944637,450000,6.543637777777778,2494637,,not sampled,,170090496,"external parent process-tree RSS sampler (psutil, 10 ms; isolated trial)",,not exposed by Dolt CLI,954,True,,3.14.3,Windows-11-10.0.26200-SP0,dolt version 2.3.1 Warning: you are on an old version of Dolt. The newest version is 2.3.5.
4396fe06d7624623b767049064d24fb3,2026-09-23T08:50:30.297990+00:00,robustness,robust-s2-baseline,Revon-M (forced Merkle),ok,measured,3,3,20261017,10000,10,100,spread,32,955a18d7ae975079055a543ff596d1f3ba4d14df90ae8467b4b854f61cdf294a,merkle,merkle,4096,150.7834,28.00045,9.5593,10.4894,4505600,450000,10.012444444444444,4055600,,not sampled,,48906240,"external parent process-tree RSS sampler (psutil, 10 ms; isolated trial)",3813,tree node pairs,954,True,,3.14.3,Windows-11-10.0.26200-SP0,
4396fe06d7624623b767049064d24fb3,2026-09-23T08:50:40.059227+00:00,robustness,robust-s2-baseline,Dolt,ok,measured,4,1,20261017,10000,10,100,spread,32,955a18d7ae975079055a543ff596d1f3ba4d14df90ae8467b4b854f61cdf294a,dolt-native,dolt-native,4096,861.8727,678.4038499999999,250.1915,317.4437,2944914,450000,6.544253333333334,2494914,,not sampled,,153751552,"external parent process-tree RSS sampler (psutil, 10 ms; isolated trial)",,not exposed by Dolt CLI,954,True,,3.14.3,Windows-11-10.0.26200-SP0,dolt version 2.3.1 Warning: you are on an old version of Dolt. The newest version is 2.3.5.
4396fe06d7624623b767049064d24fb3,2026-09-23T08:50:41.192515+00:00,robustness,robust-s2-baseline,Revon-M (forced Merkle),ok,measured,4,2,20261017,10000,10,100,spread,32,955a18d7ae975079055a543ff596d1f3ba4d14df90ae8467b4b854f61cdf294a,merkle,merkle,4096,181.714,34.55575,12.5893,10.8872,4517888,450000,10.03975111111111,4067888,,not sampled,,48934912,"external parent process-tree RSS sampler (psutil, 10 ms; isolated trial)",3813,tree node pairs,954,True,,3.14.3,Windows-11-10.0.26200-SP0,
4396fe06d7624623b767049064d24fb3,2026-09-23T08:50:42.253274+00:00,robustness,robust-s2-baseline,Revon-H,ok,measured,4,3,20261017,10000,10,100,spread,32,955a18d7ae975079055a543ff596d1f3ba4d14df90ae8467b4b854f61cdf294a,hybrid,log,4096,178.5823,34.05,7.6953,11.6853,4468736,450000,9.930524444444444,4018736,,not sampled,,48918528,"external parent process-tree RSS sampler (psutil, 10 ms; isolated trial)",1000,log operations,954,True,,3.14.3,Windows-11-10.0.26200-SP0,
4396fe06d7624623b767049064d24fb3,2026-09-23T08:50:43.284903+00:00,robustness,robust-s2-baseline,Revon-M (forced Merkle),ok,measured,5,1,20261017,10000,10,100,spread,32,955a18d7ae975079055a543ff596d1f3ba4d14df90ae8467b4b854f61cdf294a,merkle,merkle,4096,177.9604,31.35985,10.6633,12.1566,4493312,450000,9.985137777777778,4043312,,not sampled,,49025024,"external parent process-tree RSS sampler (psutil, 10 ms; isolated trial)",3813,tree node pairs,954,True,,3.14.3,Windows-11-10.0.26200-SP0,
4396fe06d7624623b767049064d24fb3,2026-09-23T08:50:44.418225+00:00,robustness,robust-s2-baseline,Revon-H,ok,measured,5,2,20261017,10000,10,100,spread,32,955a18d7ae975079055a543ff596d1f3ba4d14df90ae8467b4b854f61cdf294a,hybrid,log,4096,287.5177,32.06225,5.3188,10.9829,4476928,450000,9.948728888888889,4026928,,not sampled,,49688576,"external parent process-tree RSS sampler (psutil, 10 ms; isolated trial)",1000,log operations,954,True,,3.14.3,Windows-11-10.0.26200-SP0,
4396fe06d7624623b767049064d24fb3,2026-09-23T08:50:54.795431+00:00,robustness,robust-s2-baseline,Dolt,ok,measured,5,3,20261017,10000,10,100,spread,32,955a18d7ae975079055a543ff596d1f3ba4d14df90ae8467b4b854f61cdf294a,dolt-native,dolt-native,4096,1085.3728,731.8630499999999,306.0331,359.5741,2944436,450000,6.543191111111111,2494436,,not sampled,,155041792,"external parent process-tree RSS sampler (psutil, 10 ms; isolated trial)",,not exposed by Dolt CLI,954,True,,3.14.3,Windows-11-10.0.26200-SP0,dolt version 2.3.1 Warning: you are on an old version of Dolt. The newest version is 2.3.5.
4396fe06d7624623b767049064d24fb3,2026-09-23T08:50:55.988565+00:00,robustness,robust-s2-baseline,Revon-H,ok,measured,6,1,20261017,10000,10,100,spread,32,955a18d7ae975079055a543ff596d1f3ba4d14df90ae8467b4b854f61cdf294a,hybrid,log,4096,185.025,35.054649999999995,7.1598,12.3884,4497408,450000,9.99424,4047408,,not sampled,,49094656,"external parent process-tree RSS sampler (psutil, 10 ms; isolated trial)",1000,log operations,954,True,,3.14.3,Windows-11-10.0.26200-SP0,
4396fe06d7624623b767049064d24fb3,2026-09-23T08:51:09.195235+00:00,robustness,robust-s2-baseline,Dolt,ok,measured,6,2,20261017,10000,10,100,spread,32,955a18d7ae975079055a543ff596d1f3ba4d14df90ae8467b4b854f61cdf294a,dolt-native,dolt-native,4096,836.3048,859.6387500000001,578.3133,531.1768,2944646,450000,6.543657777777778,2494646,,not sampled,,161386496,"external parent process-tree RSS sampler (psutil, 10 ms; isolated trial)",,not exposed by Dolt CLI,954,True,,3.14.3,Windows-11-10.0.26200-SP0,dolt version 2.3.1 Warning: you are on an old version of Dolt. The newest version is 2.3.5.
4396fe06d7624623b767049064d24fb3,2026-09-23T08:51:11.667898+00:00,robustness,robust-s2-baseline,Revon-M (forced Merkle),ok,measured,6,3,20261017,10000,10,100,spread,32,955a18d7ae975079055a543ff596d1f3ba4d14df90ae8467b4b854f61cdf294a,merkle,merkle,4096,441.9392,71.64699999999999,24.4535,20.422,4485120,450000,9.966933333333333,4035120,,not sampled,,48488448,"external parent process-tree RSS sampler (psutil, 10 ms; isolated trial)",3813,tree node pairs,954,True,,3.14.3,Windows-11-10.0.26200-SP0,
4396fe06d7624623b767049064d24fb3,2026-09-23T08:51:23.954547+00:00,robustness,robust-s2-baseline,Dolt,ok,measured,7,1,20261017,10000,10,100,spread,32,955a18d7ae975079055a543ff596d1f3ba4d14df90ae8467b4b854f61cdf294a,dolt-native,dolt-native,4096,922.8557,845.4150999999999,458.0072,290.3237,2944192,450000,6.5426488888888885,2494192,,not sampled,,147021824,"external parent process-tree RSS sampler (psutil, 10 ms; isolated trial)",,not exposed by Dolt CLI,954,True,,3.14.3,Windows-11-10.0.26200-SP0,dolt version 2.3.1 Warning: you are on an old version of Dolt. The newest version is 2.3.5.
4396fe06d7624623b767049064d24fb3,2026-09-23T08:51:25.375825+00:00,robustness,robust-s2-baseline,Revon-M (forced Merkle),ok,measured,7,2,20261017,10000,10,100,spread,32,955a18d7ae975079055a543ff596d1f3ba4d14df90ae8467b4b854f61cdf294a,merkle,merkle,4096,176.8783,44.64965,13.5781,13.9928,4472832,450000,9.939626666666667,4022832,,not sampled,,48865280,"external parent process-tree RSS sampler (psutil, 10 ms; isolated trial)",3813,tree node pairs,954,True,,3.14.3,Windows-11-10.0.26200-SP0,
4396fe06d7624623b767049064d24fb3,2026-09-23T08:51:26.539309+00:00,robustness,robust-s2-baseline,Revon-H,ok,measured,7,3,20261017,10000,10,100,spread,32,955a18d7ae975079055a543ff596d1f3ba4d14df90ae8467b4b854f61cdf294a,hybrid,log,4096,181.4428,36.9439,7.264,11.7868,4517888,450000,10.03975111111111,4067888,,not sampled,,48668672,"external parent process-tree RSS sampler (psutil, 10 ms; isolated trial)",1000,log operations,954,True,,3.14.3,Windows-11-10.0.26200-SP0,
4396fe06d7624623b767049064d24fb3,2026-09-23T08:51:28.107826+00:00,robustness,robust-s2-payload-128,Revon-H,ok,warmup,1,1,20261017,10000,10,100,spread,128,0869c611683a6f62e59c7edceef4c5ee9cbdb1007e6e0f602b382c1517cf3ec9,hybrid,log,4096,320.2864,48.7766,7.9806,18.2367,7639040,1410000,5.417758865248227,6229040,,not sampled,,52088832,"external parent process-tree RSS sampler (psutil, 10 ms; isolated trial)",1000,log operations,954,True,,3.14.3,Windows-11-10.0.26200-SP0,
4396fe06d7624623b767049064d24fb3,2026-09-23T08:51:29.376285+00:00,robustness,robust-s2-payload-128,Revon-M (forced Merkle),ok,warmup,1,2,20261017,10000,10,100,spread,128,0869c611683a6f62e59c7edceef4c5ee9cbdb1007e6e0f602b382c1517cf3ec9,merkle,merkle,4096,198.1155,40.08765,14.6185,26.982,7651328,1410000,5.4264737588652485,6241328,,not sampled,,52649984,"external parent process-tree RSS sampler (psutil, 10 ms; isolated trial)",3813,tree node pairs,954,True,,3.14.3,Windows-11-10.0.26200-SP0,
4396fe06d7624623b767049064d24fb3,2026-09-23T08:51:41.713704+00:00,robustness,robust-s2-payload-128,Dolt,ok,warmup,1,3,20261017,10000,10,100,spread,128,0869c611683a6f62e59c7edceef4c5ee9cbdb1007e6e0f602b382c1517cf3ec9,dolt-native,dolt-native,4096,1507.7198,799.4679000000001,280.5498,253.5823,3289767,1410000,2.333168085106383,1879767,,not sampled,,168370176,"external parent process-tree RSS sampler (psutil, 10 ms; isolated trial)",,not exposed by Dolt CLI,954,True,,3.14.3,Windows-11-10.0.26200-SP0,dolt version 2.3.1 Warning: you are on an old version of Dolt. The newest version is 2.3.5.
4396fe06d7624623b767049064d24fb3,2026-09-23T08:51:44.736348+00:00,robustness,robust-s2-payload-128,Revon-M (forced Merkle),ok,warmup,2,1,20261017,10000,10,100,spread,128,0869c611683a6f62e59c7edceef4c5ee9cbdb1007e6e0f602b382c1517cf3ec9,merkle,merkle,4096,691.754,96.39824999999999,28.3243,53.0913,7675904,1410000,5.443903546099291,6265904,,not sampled,,52613120,"external parent process-tree RSS sampler (psutil, 10 ms; isolated trial)",3813,tree node pairs,954,True,,3.14.3,Windows-11-10.0.26200-SP0,
4396fe06d7624623b767049064d24fb3,2026-09-23T08:51:59.052988+00:00,robustness,robust-s2-payload-128,Dolt,ok,warmup,2,2,20261017,10000,10,100,spread,128,0869c611683a6f62e59c7edceef4c5ee9cbdb1007e6e0f602b382c1517cf3ec9,dolt-native,dolt-native,4096,1198.7902,918.86295,327.5501,383.2421,3289273,1410000,2.332817730496454,1879273,,not sampled,,168415232,"external parent process-tree RSS sampler (psutil, 10 ms; isolated trial)",,not exposed by Dolt CLI,954,True,,3.14.3,Windows-11-10.0.26200-SP0,dolt version 2.3.1 Warning: you are on an old version of Dolt. The newest version is 2.3.5.
4396fe06d7624623b767049064d24fb3,2026-09-23T08:52:00.597357+00:00,robustness,robust-s2-payload-128,Revon-H,ok,warmup,2,3,20261017,10000,10,100,spread,128,0869c611683a6f62e59c7edceef4c5ee9cbdb1007e6e0f602b382c1517cf3ec9,hybrid,log,4096,229.9075,47.03735,8.6056,17.0328,7659520,1410000,5.432283687943262,6249520,,not sampled,,53190656,"external parent process-tree RSS sampler (psutil, 10 ms; isolated trial)",1000,log operations,954,True,,3.14.3,Windows-11-10.0.26200-SP0,
4396fe06d7624623b767049064d24fb3,2026-09-23T08:52:01.911542+00:00,robustness,robust-s2-payload-128,Revon-H,ok,measured,1,1,20261017,10000,10,100,spread,128,0869c611683a6f62e59c7edceef4c5ee9cbdb1007e6e0f602b382c1517cf3ec9,hybrid,log,4096,187.8434,49.798950000000005,7.2073,18.9184,7651328,1410000,5.4264737588652485,6241328,,not sampled,,53121024,"external parent process-tree RSS sampler (psutil, 10 ms; isolated trial)",1000,log operations,954,True,,3.14.3,Windows-11-10.0.26200-SP0,
4396fe06d7624623b767049064d24fb3,2026-09-23T08:52:03.112870+00:00,robustness,robust-s2-payload-128,Revon-M (forced Merkle),ok,measured,1,2,20261017,10000,10,100,spread,128,0869c611683a6f62e59c7edceef4c5ee9cbdb1007e6e0f602b382c1517cf3ec9,merkle,merkle,4096,176.3456,43.218050000000005,11.9517,19.1022,7626752,1410000,5.409043971631205,6216752,,not sampled,,53186560,"external parent process-tree RSS sampler (psutil, 10 ms; isolated trial)",3813,tree node pairs,954,True,,3.14.3,Windows-11-10.0.26200-SP0,
4396fe06d7624623b767049064d24fb3,2026-09-23T08:52:13.131270+00:00,robustness,robust-s2-payload-128,Dolt,ok,measured,1,3,20261017,10000,10,100,spread,128,0869c611683a6f62e59c7edceef4c5ee9cbdb1007e6e0f602b382c1517cf3ec9,dolt-native,dolt-native,4096,696.6466,731.39635,323.3641,272.389,3289584,1410000,2.3330382978723403,1879584,,not sampled,,166854656,"external parent process-tree RSS sampler (psutil, 10 ms; isolated trial)",,not exposed by Dolt CLI,954,True,,3.14.3,Windows-11-10.0.26200-SP0,dolt version 2.3.1 Warning: you are on an old version of Dolt. The newest version is 2.3.5.
4396fe06d7624623b767049064d24fb3,2026-09-23T08:52:14.508307+00:00,robustness,robust-s2-payload-128,Revon-M (forced Merkle),ok,measured,2,1,20261017,10000,10,100,spread,128,0869c611683a6f62e59c7edceef4c5ee9cbdb1007e6e0f602b382c1517cf3ec9,merkle,merkle,4096,190.6853,44.711349999999996,13.3658,19.8883,7663616,1410000,5.435188652482269,6253616,,not sampled,,52883456,"external parent process-tree RSS sampler (psutil, 10 ms; isolated trial)",3813,tree node pairs,954,True,,3.14.3,Windows-11-10.0.26200-SP0,
4396fe06d7624623b767049064d24fb3,2026-09-23T08:52:24.787764+00:00,robustness,robust-s2-payload-128,Dolt,ok,measured,2,2,20261017,10000,10,100,spread,128,0869c611683a6f62e59c7edceef4c5ee9cbdb1007e6e0f602b382c1517cf3ec9,dolt-native,dolt-native,4096,913.7717,701.3202,323.7396,323.0036,3289103,1410000,2.3326971631205673,1879103,,not sampled,,171216896,"external parent process-tree RSS sampler (psutil, 10 ms; isolated trial)",,not exposed by Dolt CLI,954,True,,3.14.3,Windows-11-10.0.26200-SP0,dolt version 2.3.1 Warning: you are on an old version of Dolt. The newest version is 2.3.5.
4396fe06d7624623b767049064d24fb3,2026-09-23T08:52:26.257236+00:00,robustness,robust-s2-payload-128,Revon-H,ok,measured,2,3,20261017,10000,10,100,spread,128,0869c611683a6f62e59c7edceef4c5ee9cbdb1007e6e0f602b382c1517cf3ec9,hybrid,log,4096,188.8359,54.174049999999994,7.3903,17.9977,7634944,1410000,5.41485390070922,6224944,,not sampled,,52703232,"external parent process-tree RSS sampler (psutil, 10 ms; isolated trial)",1000,log operations,954,True,,3.14.3,Windows-11-10.0.26200-SP0,
4396fe06d7624623b767049064d24fb3,2026-09-23T08:52:38.842818+00:00,robustness,robust-s2-payload-128,Dolt,ok,measured,3,1,20261017,10000,10,100,spread,128,0869c611683a6f62e59c7edceef4c5ee9cbdb1007e6e0f602b382c1517cf3ec9,dolt-native,dolt-native,4096,935.9461,849.6301,614.4949,454.7823,3289951,1410000,2.3332985815602836,1879951,,not sampled,,150986752,"external parent process-tree RSS sampler (psutil, 10 ms; isolated trial)",,not exposed by Dolt CLI,954,True,,3.14.3,Windows-11-10.0.26200-SP0,dolt version 2.3.1 Warning: you are on an old version of Dolt. The newest version is 2.3.5.
4396fe06d7624623b767049064d24fb3,2026-09-23T08:52:40.673933+00:00,robustness,robust-s2-payload-128,Revon-H,ok,measured,3,2,20261017,10000,10,100,spread,128,0869c611683a6f62e59c7edceef4c5ee9cbdb1007e6e0f602b382c1517cf3ec9,hybrid,log,4096,317.6048,63.81205,18.4255,50.9858,7651328,1410000,5.4264737588652485,6241328,,not sampled,,52822016,"external parent process-tree RSS sampler (psutil, 10 ms; isolated trial)",1000,log operations,954,True,,3.14.3,Windows-11-10.0.26200-SP0,
4396fe06d7624623b767049064d24fb3,2026-09-23T08:52:42.747296+00:00,robustness,robust-s2-payload-128,Revon-M (forced Merkle),ok,measured,3,3,20261017,10000,10,100,spread,128,0869c611683a6f62e59c7edceef4c5ee9cbdb1007e6e0f602b382c1517cf3ec9,merkle,merkle,4096,270.4534,49.3292,18.8124,23.1618,7700480,1410000,5.461333333333333,6290480,,not sampled,,52006912,"external parent process-tree RSS sampler (psutil, 10 ms; isolated trial)",3813,tree node pairs,954,True,,3.14.3,Windows-11-10.0.26200-SP0,
4396fe06d7624623b767049064d24fb3,2026-09-23T08:52:44.099266+00:00,robustness,robust-s2-payload-128,Revon-H,ok,measured,4,1,20261017,10000,10,100,spread,128,0869c611683a6f62e59c7edceef4c5ee9cbdb1007e6e0f602b382c1517cf3ec9,hybrid,log,4096,187.6819,45.907849999999996,7.8596,18.108,7680000,1410000,5.446808510638298,6270000,,not sampled,,52076544,"external parent process-tree RSS sampler (psutil, 10 ms; isolated trial)",1000,log operations,954,True,,3.14.3,Windows-11-10.0.26200-SP0,
4396fe06d7624623b767049064d24fb3,2026-09-23T08:52:45.668197+00:00,robustness,robust-s2-payload-128,Revon-M (forced Merkle),ok,measured,4,2,20261017,10000,10,100,spread,128,0869c611683a6f62e59c7edceef4c5ee9cbdb1007e6e0f602b382c1517cf3ec9,merkle,merkle,4096,248.6109,49.839349999999996,19.385,25.5914,7651328,1410000,5.4264737588652485,6241328,,not sampled,,52731904,"external parent process-tree RSS sampler (psutil, 10 ms; isolated trial)",3813,tree node pairs,954,True,,3.14.3,Windows-11-10.0.26200-SP0,
4396fe06d7624623b767049064d24fb3,2026-09-23T08:52:58.012536+00:00,robustness,robust-s2-payload-128,Dolt,ok,measured,4,3,20261017,10000,10,100,spread,128,0869c611683a6f62e59c7edceef4c5ee9cbdb1007e6e0f602b382c1517cf3ec9,dolt-native,dolt-native,4096,1044.3551,835.52725,365.9285,307.5716,3289726,1410000,2.3331390070921985,1879726,,not sampled,,168341504,"external parent process-tree RSS sampler (psutil, 10 ms; isolated trial)",,not exposed by Dolt CLI,954,True,,3.14.3,Windows-11-10.0.26200-SP0,dolt version 2.3.1 Warning: you are on an old version of Dolt. The newest version is 2.3.5.
4396fe06d7624623b767049064d24fb3,2026-09-23T08:52:59.327807+00:00,robustness,robust-s2-payload-128,Revon-M (forced Merkle),ok,measured,5,1,20261017,10000,10,100,spread,128,0869c611683a6f62e59c7edceef4c5ee9cbdb1007e6e0f602b382c1517cf3ec9,merkle,merkle,4096,212.423,42.99105,9.9206,16.4912,7643136,1410000,5.420663829787234,6233136,,not sampled,,52862976,"external parent process-tree RSS sampler (psutil, 10 ms; isolated trial)",3813,tree node pairs,954,True,,3.14.3,Windows-11-10.0.26200-SP0,
4396fe06d7624623b767049064d24fb3,2026-09-23T08:53:10.135088+00:00,robustness,robust-s2-payload-128,Dolt,ok,measured,5,2,20261017,10000,10,100,spread,128,0869c611683a6f62e59c7edceef4c5ee9cbdb1007e6e0f602b382c1517cf3ec9,dolt-native,dolt-native,4096,870.9864,717.21415,400.3453,364.6536,3289078,1410000,2.3326794326241136,1879078,,not sampled,,152285184,"external parent process-tree RSS sampler (psutil, 10 ms; isolated trial)",,not exposed by Dolt CLI,954,True,,3.14.3,Windows-11-10.0.26200-SP0,dolt version 2.3.1 Warning: you are on an old version of Dolt. The newest version is 2.3.5.
4396fe06d7624623b767049064d24fb3,2026-09-23T08:53:11.632954+00:00,robustness,robust-s2-payload-128,Revon-H,ok,measured,5,3,20261017,10000,10,100,spread,128,0869c611683a6f62e59c7edceef4c5ee9cbdb1007e6e0f602b382c1517cf3ec9,hybrid,log,4096,286.6579,44.7702,7.1348,15.2358,7659520,1410000,5.432283687943262,6249520,,not sampled,,52842496,"external parent process-tree RSS sampler (psutil, 10 ms; isolated trial)",1000,log operations,954,True,,3.14.3,Windows-11-10.0.26200-SP0,
4396fe06d7624623b767049064d24fb3,2026-09-23T08:53:22.675581+00:00,robustness,robust-s2-payload-128,Dolt,ok,measured,6,1,20261017,10000,10,100,spread,128,0869c611683a6f62e59c7edceef4c5ee9cbdb1007e6e0f602b382c1517cf3ec9,dolt-native,dolt-native,4096,1063.9441,778.9673,362.752,281.1748,3289146,1410000,2.332727659574468,1879146,,not sampled,,149422080,"external parent process-tree RSS sampler (psutil, 10 ms; isolated trial)",,not exposed by Dolt CLI,954,True,,3.14.3,Windows-11-10.0.26200-SP0,dolt version 2.3.1 Warning: you are on an old version of Dolt. The newest version is 2.3.5.
4396fe06d7624623b767049064d24fb3,2026-09-23T08:53:24.021044+00:00,robustness,robust-s2-payload-128,Revon-H,ok,measured,6,2,20261017,10000,10,100,spread,128,0869c611683a6f62e59c7edceef4c5ee9cbdb1007e6e0f602b382c1517cf3ec9,hybrid,log,4096,221.6447,44.09695,9.1639,16.9765,7704576,1410000,5.46423829787234,6294576,,not sampled,,52080640,"external parent process-tree RSS sampler (psutil, 10 ms; isolated trial)",1000,log operations,954,True,,3.14.3,Windows-11-10.0.26200-SP0,
4396fe06d7624623b767049064d24fb3,2026-09-23T08:53:25.431209+00:00,robustness,robust-s2-payload-128,Revon-M (forced Merkle),ok,measured,6,3,20261017,10000,10,100,spread,128,0869c611683a6f62e59c7edceef4c5ee9cbdb1007e6e0f602b382c1517cf3ec9,merkle,merkle,4096,219.8419,51.7333,15.6794,23.3269,7692288,1410000,5.455523404255319,6282288,,not sampled,,52547584,"external parent process-tree RSS sampler (psutil, 10 ms; isolated trial)",3813,tree node pairs,954,True,,3.14.3,Windows-11-10.0.26200-SP0,
4396fe06d7624623b767049064d24fb3,2026-09-23T08:53:26.670166+00:00,robustness,robust-s2-payload-128,Revon-H,ok,measured,7,1,20261017,10000,10,100,spread,128,0869c611683a6f62e59c7edceef4c5ee9cbdb1007e6e0f602b382c1517cf3ec9,hybrid,log,4096,208.3773,41.2376,7.0485,15.201,7630848,1410000,5.411948936170213,6220848,,not sampled,,52383744,"external parent process-tree RSS sampler (psutil, 10 ms; isolated trial)",1000,log operations,954,True,,3.14.3,Windows-11-10.0.26200-SP0,
4396fe06d7624623b767049064d24fb3,2026-09-23T08:53:27.852278+00:00,robustness,robust-s2-payload-128,Revon-M (forced Merkle),ok,measured,7,2,20261017,10000,10,100,spread,128,0869c611683a6f62e59c7edceef4c5ee9cbdb1007e6e0f602b382c1517cf3ec9,merkle,merkle,4096,197.8048,42.07655,10.6625,15.4642,7692288,1410000,5.455523404255319,6282288,,not sampled,,52539392,"external parent process-tree RSS sampler (psutil, 10 ms; isolated trial)",3813,tree node pairs,954,True,,3.14.3,Windows-11-10.0.26200-SP0,
4396fe06d7624623b767049064d24fb3,2026-09-23T08:53:41.466672+00:00,robustness,robust-s2-payload-128,Dolt,ok,measured,7,3,20261017,10000,10,100,spread,128,0869c611683a6f62e59c7edceef4c5ee9cbdb1007e6e0f602b382c1517cf3ec9,dolt-native,dolt-native,4096,1246.1573,1009.8355,410.4158,396.3828,3289080,1410000,2.33268085106383,1879080,,not sampled,,165498880,"external parent process-tree RSS sampler (psutil, 10 ms; isolated trial)",,not exposed by Dolt CLI,954,True,,3.14.3,Windows-11-10.0.26200-SP0,dolt version 2.3.1 Warning: you are on an old version of Dolt. The newest version is 2.3.5.
4396fe06d7624623b767049064d24fb3,2026-09-23T08:53:47.292880+00:00,robustness,robust-s2-history-50,Revon-M (forced Merkle),ok,warmup,1,1,20261017,10000,50,100,spread,32,79de3ef1fe3b9e76c045533f0ea0b41f3dd709433c6f03b17fa17f6b2cb00288,merkle,merkle,4096,191.1438,58.13835,64.3077,37.5665,11718656,450000,26.04145777777778,11268656,,not sampled,,67276800,"external parent process-tree RSS sampler (psutil, 10 ms; isolated trial)",4310,tree node pairs,3951,True,,3.14.3,Windows-11-10.0.26200-SP0,
4396fe06d7624623b767049064d24fb3,2026-09-23T08:54:36.662936+00:00,robustness,robust-s2-history-50,Dolt,ok,warmup,1,2,20261017,10000,50,100,spread,32,79de3ef1fe3b9e76c045533f0ea0b41f3dd709433c6f03b17fa17f6b2cb00288,dolt-native,dolt-native,4096,919.836,817.48265,419.6524,455.3612,12854578,450000,28.565728888888888,12404578,,not sampled,,172371968,"external parent process-tree RSS sampler (psutil, 10 ms; isolated trial)",,not exposed by Dolt CLI,3951,True,,3.14.3,Windows-11-10.0.26200-SP0,dolt version 2.3.1 Warning: you are on an old version of Dolt. The newest version is 2.3.5.
4396fe06d7624623b767049064d24fb3,2026-09-23T08:54:42.377317+00:00,robustness,robust-s2-history-50,Revon-H,ok,warmup,1,3,20261017,10000,50,100,spread,32,79de3ef1fe3b9e76c045533f0ea0b41f3dd709433c6f03b17fa17f6b2cb00288,hybrid,merkle,4096,170.5786,74.422,34.4721,18.5372,11640832,450000,25.868515555555554,11190832,,not sampled,,68169728,"external parent process-tree RSS sampler (psutil, 10 ms; isolated trial)",4310,tree node pairs,3951,True,,3.14.3,Windows-11-10.0.26200-SP0,
4396fe06d7624623b767049064d24fb3,2026-09-23T08:55:29.960389+00:00,robustness,robust-s2-history-50,Dolt,ok,warmup,2,1,20261017,10000,50,100,spread,32,79de3ef1fe3b9e76c045533f0ea0b41f3dd709433c6f03b17fa17f6b2cb00288,dolt-native,dolt-native,4096,1086.1696,850.3761999999999,356.9258,272.5943,12851974,450000,28.559942222222222,12401974,,not sampled,,174342144,"external parent process-tree RSS sampler (psutil, 10 ms; isolated trial)",,not exposed by Dolt CLI,3951,True,,3.14.3,Windows-11-10.0.26200-SP0,dolt version 2.3.1 Warning: you are on an old version of Dolt. The newest version is 2.3.5.
4396fe06d7624623b767049064d24fb3,2026-09-23T08:55:35.102056+00:00,robustness,robust-s2-history-50,Revon-H,ok,warmup,2,2,20261017,10000,50,100,spread,32,79de3ef1fe3b9e76c045533f0ea0b41f3dd709433c6f03b17fa17f6b2cb00288,hybrid,merkle,4096,175.0659,68.60735,39.3109,21.9208,11673600,450000,25.941333333333333,11223600,,not sampled,,68599808,"external parent process-tree RSS sampler (psutil, 10 ms; isolated trial)",4310,tree node pairs,3951,True,,3.14.3,Windows-11-10.0.26200-SP0,
4396fe06d7624623b767049064d24fb3,2026-09-23T08:55:41.517654+00:00,robustness,robust-s2-history-50,Revon-M (forced Merkle),ok,warmup,2,3,20261017,10000,50,100,spread,32,79de3ef1fe3b9e76c045533f0ea0b41f3dd709433c6f03b17fa17f6b2cb00288,merkle,merkle,4096,245.8414,79.86545,53.0479,17.9221,11616256,450000,25.81390222222222,11166256,,not sampled,,67956736,"external parent process-tree RSS sampler (psutil, 10 ms; isolated trial)",4310,tree node pairs,3951,True,,3.14.3,Windows-11-10.0.26200-SP0,
4396fe06d7624623b767049064d24fb3,2026-09-23T08:56:28.945304+00:00,robustness,robust-s2-history-50,Dolt,ok,measured,1,1,20261017,10000,50,100,spread,32,79de3ef1fe3b9e76c045533f0ea0b41f3dd709433c6f03b17fa17f6b2cb00288,dolt-native,dolt-native,4096,1033.0246,861.91525,473.5511,376.0251,12851210,450000,28.558244444444444,12401210,,not sampled,,171696128,"external parent process-tree RSS sampler (psutil, 10 ms; isolated trial)",,not exposed by Dolt CLI,3951,True,,3.14.3,Windows-11-10.0.26200-SP0,dolt version 2.3.1 Warning: you are on an old version of Dolt. The newest version is 2.3.5.
4396fe06d7624623b767049064d24fb3,2026-09-23T08:56:33.809620+00:00,robustness,robust-s2-history-50,Revon-M (forced Merkle),ok,measured,1,2,20261017,10000,50,100,spread,32,79de3ef1fe3b9e76c045533f0ea0b41f3dd709433c6f03b17fa17f6b2cb00288,merkle,merkle,4096,190.043,66.81375,37.3297,23.3338,11636736,450000,25.859413333333332,11186736,,not sampled,,67842048,"external parent process-tree RSS sampler (psutil, 10 ms; isolated trial)",4310,tree node pairs,3951,True,,3.14.3,Windows-11-10.0.26200-SP0,
4396fe06d7624623b767049064d24fb3,2026-09-23T08:56:39.333927+00:00,robustness,robust-s2-history-50,Revon-H,ok,measured,1,3,20261017,10000,50,100,spread,32,79de3ef1fe3b9e76c045533f0ea0b41f3dd709433c6f03b17fa17f6b2cb00288,hybrid,merkle,4096,181.1565,76.78395,31.8515,18.635,11624448,450000,25.832106666666668,11174448,,not sampled,,67813376,"external parent process-tree RSS sampler (psutil, 10 ms; isolated trial)",4310,tree node pairs,3951,True,,3.14.3,Windows-11-10.0.26200-SP0,
4396fe06d7624623b767049064d24fb3,2026-09-23T08:56:44.599767+00:00,robustness,robust-s2-history-50,Revon-M (forced Merkle),ok,measured,2,1,20261017,10000,50,100,spread,32,79de3ef1fe3b9e76c045533f0ea0b41f3dd709433c6f03b17fa17f6b2cb00288,merkle,merkle,4096,246.2981,66.405,30.2703,16.2695,11612160,450000,25.8048,11162160,,not sampled,,67878912,"external parent process-tree RSS sampler (psutil, 10 ms; isolated trial)",4310,tree node pairs,3951,True,,3.14.3,Windows-11-10.0.26200-SP0,
4396fe06d7624623b767049064d24fb3,2026-09-23T08:56:50.243377+00:00,robustness,robust-s2-history-50,Revon-H,ok,measured,2,2,20261017,10000,50,100,spread,32,79de3ef1fe3b9e76c045533f0ea0b41f3dd709433c6f03b17fa17f6b2cb00288,hybrid,merkle,4096,187.7481,67.5553,40.6138,20.9702,11612160,450000,25.8048,11162160,,not sampled,,67784704,"external parent process-tree RSS sampler (psutil, 10 ms; isolated trial)",4310,tree node pairs,3951,True,,3.14.3,Windows-11-10.0.26200-SP0,
4396fe06d7624623b767049064d24fb3,2026-09-23T08:57:34.167211+00:00,robustness,robust-s2-history-50,Dolt,ok,measured,2,3,20261017,10000,50,100,spread,32,79de3ef1fe3b9e76c045533f0ea0b41f3dd709433c6f03b17fa17f6b2cb00288,dolt-native,dolt-native,4096,1209.6321,788.93835,344.7445,311.949,12853264,450000,28.56280888888889,12403264,,not sampled,,174489600,"external parent process-tree RSS sampler (psutil, 10 ms; isolated trial)",,not exposed by Dolt CLI,3951,True,,3.14.3,Windows-11-10.0.26200-SP0,dolt version 2.3.1 Warning: you are on an old version of Dolt. The newest version is 2.3.5.
4396fe06d7624623b767049064d24fb3,2026-09-23T08:57:39.558906+00:00,robustness,robust-s2-history-50,Revon-H,ok,measured,3,1,20261017,10000,50,100,spread,32,79de3ef1fe3b9e76c045533f0ea0b41f3dd709433c6f03b17fa17f6b2cb00288,hybrid,merkle,4096,167.5575,71.53694999999999,36.9844,19.3529,11628544,450000,25.84120888888889,11178544,,not sampled,,68816896,"external parent process-tree RSS sampler (psutil, 10 ms; isolated trial)",4310,tree node pairs,3951,True,,3.14.3,Windows-11-10.0.26200-SP0,
4396fe06d7624623b767049064d24fb3,2026-09-23T08:58:24.846641+00:00,robustness,robust-s2-history-50,Dolt,ok,measured,3,2,20261017,10000,50,100,spread,32,79de3ef1fe3b9e76c045533f0ea0b41f3dd709433c6f03b17fa17f6b2cb00288,dolt-native,dolt-native,4096,942.3051,809.1821,333.8742,299.5216,12851804,450000,28.559564444444444,12401804,,not sampled,,165875712,"external parent process-tree RSS sampler (psutil, 10 ms; isolated trial)",,not exposed by Dolt CLI,3951,True,,3.14.3,Windows-11-10.0.26200-SP0,dolt version 2.3.1 Warning: you are on an old version of Dolt. The newest version is 2.3.5.
4396fe06d7624623b767049064d24fb3,2026-09-23T08:58:29.523989+00:00,robustness,robust-s2-history-50,Revon-M (forced Merkle),ok,measured,3,3,20261017,10000,50,100,spread,32,79de3ef1fe3b9e76c045533f0ea0b41f3dd709433c6f03b17fa17f6b2cb00288,merkle,merkle,4096,170.7053,63.91265,33.2734,16.0,11612160,450000,25.8048,11162160,,not sampled,,67616768,"external parent process-tree RSS sampler (psutil, 10 ms; isolated trial)",4310,tree node pairs,3951,True,,3.14.3,Windows-11-10.0.26200-SP0,
4396fe06d7624623b767049064d24fb3,2026-09-23T08:59:14.353194+00:00,robustness,robust-s2-history-50,Dolt,ok,measured,4,1,20261017,10000,50,100,spread,32,79de3ef1fe3b9e76c045533f0ea0b41f3dd709433c6f03b17fa17f6b2cb00288,dolt-native,dolt-native,4096,1026.9431,772.9872499999999,436.7353,274.4632,12852309,450000,28.560686666666665,12402309,,not sampled,,170590208,"external parent process-tree RSS sampler (psutil, 10 ms; isolated trial)",,not exposed by Dolt CLI,3951,True,,3.14.3,Windows-11-10.0.26200-SP0,dolt version 2.3.1 Warning: you are on an old version of Dolt. The newest version is 2.3.5.
4396fe06d7624623b767049064d24fb3,2026-09-23T08:59:20.085045+00:00,robustness,robust-s2-history-50,Revon-M (forced Merkle),ok,measured,4,2,20261017,10000,50,100,spread,32,79de3ef1fe3b9e76c045533f0ea0b41f3dd709433c6f03b17fa17f6b2cb00288,merkle,merkle,4096,198.995,66.97125,49.0919,20.1525,11649024,450000,25.88672,11199024,,not sampled,,67682304,"external parent process-tree RSS sampler (psutil, 10 ms; isolated trial)",4310,tree node pairs,3951,True,,3.14.3,Windows-11-10.0.26200-SP0,
4396fe06d7624623b767049064d24fb3,2026-09-23T08:59:23.994594+00:00,robustness,robust-s2-history-50,Revon-H,ok,measured,4,3,20261017,10000,50,100,spread,32,79de3ef1fe3b9e76c045533f0ea0b41f3dd709433c6f03b17fa17f6b2cb00288,hybrid,merkle,4096,169.2882,42.718,40.6202,23.0604,11649024,450000,25.88672,11199024,,not sampled,,67825664,"external parent process-tree RSS sampler (psutil, 10 ms; isolated trial)",4310,tree node pairs,3951,True,,3.14.3,Windows-11-10.0.26200-SP0,
4396fe06d7624623b767049064d24fb3,2026-09-23T08:59:27.693749+00:00,robustness,robust-s2-history-50,Revon-M (forced Merkle),ok,measured,5,1,20261017,10000,50,100,spread,32,79de3ef1fe3b9e76c045533f0ea0b41f3dd709433c6f03b17fa17f6b2cb00288,merkle,merkle,4096,138.6652,43.07,46.2027,24.8276,11612160,450000,25.8048,11162160,,not sampled,,68624384,"external parent process-tree RSS sampler (psutil, 10 ms; isolated trial)",4310,tree node pairs,3951,True,,3.14.3,Windows-11-10.0.26200-SP0,
4396fe06d7624623b767049064d24fb3,2026-09-23T08:59:32.094554+00:00,robustness,robust-s2-history-50,Revon-H,ok,measured,5,2,20261017,10000,50,100,spread,32,79de3ef1fe3b9e76c045533f0ea0b41f3dd709433c6f03b17fa17f6b2cb00288,hybrid,merkle,4096,144.0226,46.90415,66.9019,38.5185,11657216,450000,25.904924444444443,11207216,,not sampled,,68259840,"external parent process-tree RSS sampler (psutil, 10 ms; isolated trial)",4310,tree node pairs,3951,True,,3.14.3,Windows-11-10.0.26200-SP0,
4396fe06d7624623b767049064d24fb3,2026-09-23T09:00:25.109431+00:00,robustness,robust-s2-history-50,Dolt,ok,measured,5,3,20261017,10000,50,100,spread,32,79de3ef1fe3b9e76c045533f0ea0b41f3dd709433c6f03b17fa17f6b2cb00288,dolt-native,dolt-native,4096,782.1115,885.45935,614.1114,534.9511,12852306,450000,28.56068,12402306,,not sampled,,164724736,"external parent process-tree RSS sampler (psutil, 10 ms; isolated trial)",,not exposed by Dolt CLI,3951,True,,3.14.3,Windows-11-10.0.26200-SP0,dolt version 2.3.1 Warning: you are on an old version of Dolt. The newest version is 2.3.5.
4396fe06d7624623b767049064d24fb3,2026-09-23T09:00:33.425560+00:00,robustness,robust-s2-history-50,Revon-H,ok,measured,6,1,20261017,10000,50,100,spread,32,79de3ef1fe3b9e76c045533f0ea0b41f3dd709433c6f03b17fa17f6b2cb00288,hybrid,merkle,4096,223.1748,110.06694999999999,66.379,32.2638,11689984,450000,25.977742222222222,11239984,,not sampled,,67878912,"external parent process-tree RSS sampler (psutil, 10 ms; isolated trial)",4310,tree node pairs,3951,True,,3.14.3,Windows-11-10.0.26200-SP0,
4396fe06d7624623b767049064d24fb3,2026-09-23T09:01:37.217823+00:00,robustness,robust-s2-history-50,Dolt,ok,measured,6,2,20261017,10000,50,100,spread,32,79de3ef1fe3b9e76c045533f0ea0b41f3dd709433c6f03b17fa17f6b2cb00288,dolt-native,dolt-native,4096,1308.1499,1144.5905,787.5897,546.5511,12852859,450000,28.56190888888889,12402859,,not sampled,,174018560,"external parent process-tree RSS sampler (psutil, 10 ms; isolated trial)",,not exposed by Dolt CLI,3951,True,,3.14.3,Windows-11-10.0.26200-SP0,dolt version 2.3.1 Warning: you are on an old version of Dolt. The newest version is 2.3.5.
4396fe06d7624623b767049064d24fb3,2026-09-23T09:01:45.928734+00:00,robustness,robust-s2-history-50,Revon-M (forced Merkle),ok,measured,6,3,20261017,10000,50,100,spread,32,79de3ef1fe3b9e76c045533f0ea0b41f3dd709433c6f03b17fa17f6b2cb00288,merkle,merkle,4096,223.3813,110.38215,97.8086,38.2494,11599872,450000,25.777493333333332,11149872,,not sampled,,67198976,"external parent process-tree RSS sampler (psutil, 10 ms; isolated trial)",4310,tree node pairs,3951,True,,3.14.3,Windows-11-10.0.26200-SP0,
4396fe06d7624623b767049064d24fb3,2026-09-23T09:02:45.430137+00:00,robustness,robust-s2-history-50,Dolt,ok,measured,7,1,20261017,10000,50,100,spread,32,79de3ef1fe3b9e76c045533f0ea0b41f3dd709433c6f03b17fa17f6b2cb00288,dolt-native,dolt-native,4096,1325.6474,1057.60355,473.2678,455.276,12853754,450000,28.56389777777778,12403754,,not sampled,,174157824,"external parent process-tree RSS sampler (psutil, 10 ms; isolated trial)",,not exposed by Dolt CLI,3951,True,,3.14.3,Windows-11-10.0.26200-SP0,dolt version 2.3.1 Warning: you are on an old version of Dolt. The newest version is 2.3.5.
4396fe06d7624623b767049064d24fb3,2026-09-23T09:02:50.721575+00:00,robustness,robust-s2-history-50,Revon-M (forced Merkle),ok,measured,7,2,20261017,10000,50,100,spread,32,79de3ef1fe3b9e76c045533f0ea0b41f3dd709433c6f03b17fa17f6b2cb00288,merkle,merkle,4096,202.2825,54.328950000000006,64.1515,26.1025,11603968,450000,25.786595555555557,11153968,,not sampled,,69382144,"external parent process-tree RSS sampler (psutil, 10 ms; isolated trial)",4310,tree node pairs,3951,True,,3.14.3,Windows-11-10.0.26200-SP0,
4396fe06d7624623b767049064d24fb3,2026-09-23T09:02:54.943659+00:00,robustness,robust-s2-history-50,Revon-H,ok,measured,7,3,20261017,10000,50,100,spread,32,79de3ef1fe3b9e76c045533f0ea0b41f3dd709433c6f03b17fa17f6b2cb00288,hybrid,merkle,4096,190.4766,48.0676,61.2718,29.7181,11685888,450000,25.96864,11235888,,not sampled,,68005888,"external parent process-tree RSS sampler (psutil, 10 ms; isolated trial)",4310,tree node pairs,3951,True,,3.14.3,Windows-11-10.0.26200-SP0,
4396fe06d7624623b767049064d24fb3,2026-09-23T09:03:08.140025+00:00,robustness,robust-s2-range-local,Dolt,ok,warmup,1,1,20261017,10000,10,100,range-local,32,258a439aa971816620064c0cf75597b9ac834ed904dd233bc9155f4e214153af,dolt-native,dolt-native,4096,969.6123,978.0891,398.9957,327.4835,738434,450000,1.6409644444444444,288434,,not sampled,,147648512,"external parent process-tree RSS sampler (psutil, 10 ms; isolated trial)",,not exposed by Dolt CLI,933,True,,3.14.3,Windows-11-10.0.26200-SP0,dolt version 2.3.1 Warning: you are on an old version of Dolt. The newest version is 2.3.5.
4396fe06d7624623b767049064d24fb3,2026-09-23T09:03:09.461753+00:00,robustness,robust-s2-range-local,Revon-H,ok,warmup,1,2,20261017,10000,10,100,range-local,32,258a439aa971816620064c0cf75597b9ac834ed904dd233bc9155f4e214153af,hybrid,log,4096,175.0741,33.6495,6.8073,15.5336,4464640,450000,9.921422222222223,4014640,,not sampled,,48979968,"external parent process-tree RSS sampler (psutil, 10 ms; isolated trial)",1000,log operations,933,True,,3.14.3,Windows-11-10.0.26200-SP0,
4396fe06d7624623b767049064d24fb3,2026-09-23T09:03:10.892712+00:00,robustness,robust-s2-range-local,Revon-M (forced Merkle),ok,warmup,1,3,20261017,10000,10,100,range-local,32,258a439aa971816620064c0cf75597b9ac834ed904dd233bc9155f4e214153af,merkle,merkle,4096,210.0197,47.5476,13.0063,22.7227,4435968,450000,9.857706666666667,3985968,,not sampled,,49037312,"external parent process-tree RSS sampler (psutil, 10 ms; isolated trial)",3720,tree node pairs,933,True,,3.14.3,Windows-11-10.0.26200-SP0,
4396fe06d7624623b767049064d24fb3,2026-09-23T09:03:12.310412+00:00,robustness,robust-s2-range-local,Revon-H,ok,warmup,2,1,20261017,10000,10,100,range-local,32,258a439aa971816620064c0cf75597b9ac834ed904dd233bc9155f4e214153af,hybrid,log,4096,172.5423,41.714650000000006,7.7763,14.186,4427776,450000,9.839502222222222,3977776,,not sampled,,48459776,"external parent process-tree RSS sampler (psutil, 10 ms; isolated trial)",1000,log operations,933,True,,3.14.3,Windows-11-10.0.26200-SP0,
4396fe06d7624623b767049064d24fb3,2026-09-23T09:03:13.603735+00:00,robustness,robust-s2-range-local,Revon-M (forced Merkle),ok,warmup,2,2,20261017,10000,10,100,range-local,32,258a439aa971816620064c0cf75597b9ac834ed904dd233bc9155f4e214153af,merkle,merkle,4096,184.3219,44.25735,11.2485,15.7469,4444160,450000,9.875911111111112,3994160,,not sampled,,48660480,"external parent process-tree RSS sampler (psutil, 10 ms; isolated trial)",3720,tree node pairs,933,True,,3.14.3,Windows-11-10.0.26200-SP0,
4396fe06d7624623b767049064d24fb3,2026-09-23T09:03:26.063714+00:00,robustness,robust-s2-range-local,Dolt,ok,warmup,2,3,20261017,10000,10,100,range-local,32,258a439aa971816620064c0cf75597b9ac834ed904dd233bc9155f4e214153af,dolt-native,dolt-native,4096,1035.5367,884.51045,376.6366,420.7691,738392,450000,1.6408711111111112,288392,,not sampled,,149352448,"external parent process-tree RSS sampler (psutil, 10 ms; isolated trial)",,not exposed by Dolt CLI,933,True,,3.14.3,Windows-11-10.0.26200-SP0,dolt version 2.3.1 Warning: you are on an old version of Dolt. The newest version is 2.3.5.
4396fe06d7624623b767049064d24fb3,2026-09-23T09:03:37.220094+00:00,robustness,robust-s2-range-local,Dolt,ok,measured,1,1,20261017,10000,10,100,range-local,32,258a439aa971816620064c0cf75597b9ac834ed904dd233bc9155f4e214153af,dolt-native,dolt-native,4096,937.0585,783.9382499999999,344.2101,286.6242,739117,450000,1.6424822222222222,289117,,not sampled,,168370176,"external parent process-tree RSS sampler (psutil, 10 ms; isolated trial)",,not exposed by Dolt CLI,933,True,,3.14.3,Windows-11-10.0.26200-SP0,dolt version 2.3.1 Warning: you are on an old version of Dolt. The newest version is 2.3.5.
4396fe06d7624623b767049064d24fb3,2026-09-23T09:03:38.438149+00:00,robustness,robust-s2-range-local,Revon-H,ok,measured,1,2,20261017,10000,10,100,range-local,32,258a439aa971816620064c0cf75597b9ac834ed904dd233bc9155f4e214153af,hybrid,log,4096,160.2037,35.8668,7.6999,14.6342,4468736,450000,9.930524444444444,4018736,,not sampled,,49442816,"external parent process-tree RSS sampler (psutil, 10 ms; isolated trial)",1000,log operations,933,True,,3.14.3,Windows-11-10.0.26200-SP0,
4396fe06d7624623b767049064d24fb3,2026-09-23T09:03:39.508374+00:00,robustness,robust-s2-range-local,Revon-M (forced Merkle),ok,measured,1,3,20261017,10000,10,100,range-local,32,258a439aa971816620064c0cf75597b9ac834ed904dd233bc9155f4e214153af,merkle,merkle,4096,174.3928,31.701549999999997,9.5106,12.0378,4476928,450000,9.948728888888889,4026928,,not sampled,,48934912,"external parent process-tree RSS sampler (psutil, 10 ms; isolated trial)",3720,tree node pairs,933,True,,3.14.3,Windows-11-10.0.26200-SP0,
4396fe06d7624623b767049064d24fb3,2026-09-23T09:03:40.564389+00:00,robustness,robust-s2-range-local,Revon-H,ok,measured,2,1,20261017,10000,10,100,range-local,32,258a439aa971816620064c0cf75597b9ac834ed904dd233bc9155f4e214153af,hybrid,log,4096,155.2559,34.197950000000006,7.2356,11.9665,4460544,450000,9.91232,4010544,,not sampled,,48832512,"external parent process-tree RSS sampler (psutil, 10 ms; isolated trial)",1000,log operations,933,True,,3.14.3,Windows-11-10.0.26200-SP0,
4396fe06d7624623b767049064d24fb3,2026-09-23T09:03:41.609191+00:00,robustness,robust-s2-range-local,Revon-M (forced Merkle),ok,measured,2,2,20261017,10000,10,100,range-local,32,258a439aa971816620064c0cf75597b9ac834ed904dd233bc9155f4e214153af,merkle,merkle,4096,150.7385,29.68135,13.1395,12.4894,4427776,450000,9.839502222222222,3977776,,not sampled,,48779264,"external parent process-tree RSS sampler (psutil, 10 ms; isolated trial)",3720,tree node pairs,933,True,,3.14.3,Windows-11-10.0.26200-SP0,
4396fe06d7624623b767049064d24fb3,2026-09-23T09:03:51.672903+00:00,robustness,robust-s2-range-local,Dolt,ok,measured,2,3,20261017,10000,10,100,range-local,32,258a439aa971816620064c0cf75597b9ac834ed904dd233bc9155f4e214153af,dolt-native,dolt-native,4096,950.338,667.3035,321.9965,273.15,738604,450000,1.6413422222222223,288604,,not sampled,,157847552,"external parent process-tree RSS sampler (psutil, 10 ms; isolated trial)",,not exposed by Dolt CLI,933,True,,3.14.3,Windows-11-10.0.26200-SP0,dolt version 2.3.1 Warning: you are on an old version of Dolt. The newest version is 2.3.5.
4396fe06d7624623b767049064d24fb3,2026-09-23T09:03:52.773655+00:00,robustness,robust-s2-range-local,Revon-M (forced Merkle),ok,measured,3,1,20261017,10000,10,100,range-local,32,258a439aa971816620064c0cf75597b9ac834ed904dd233bc9155f4e214153af,merkle,merkle,4096,152.801,29.1497,8.7311,11.415,4456448,450000,9.903217777777778,4006448,,not sampled,,48975872,"external parent process-tree RSS sampler (psutil, 10 ms; isolated trial)",3720,tree node pairs,933,True,,3.14.3,Windows-11-10.0.26200-SP0,
4396fe06d7624623b767049064d24fb3,2026-09-23T09:04:02.797460+00:00,robustness,robust-s2-range-local,Dolt,ok,measured,3,2,20261017,10000,10,100,range-local,32,258a439aa971816620064c0cf75597b9ac834ed904dd233bc9155f4e214153af,dolt-native,dolt-native,4096,814.6035,696.8166,271.4708,288.4011,738398,450000,1.6408844444444444,288398,,not sampled,,156545024,"external parent process-tree RSS sampler (psutil, 10 ms; isolated trial)",,not exposed by Dolt CLI,933,True,,3.14.3,Windows-11-10.0.26200-SP0,dolt version 2.3.1 Warning: you are on an old version of Dolt. The newest version is 2.3.5.
4396fe06d7624623b767049064d24fb3,2026-09-23T09:04:03.882571+00:00,robustness,robust-s2-range-local,Revon-H,ok,measured,3,3,20261017,10000,10,100,range-local,32,258a439aa971816620064c0cf75597b9ac834ed904dd233bc9155f4e214153af,hybrid,log,4096,147.6597,28.87745,6.5054,13.3989,4415488,450000,9.812195555555556,3965488,,not sampled,,49090560,"external parent process-tree RSS sampler (psutil, 10 ms; isolated trial)",1000,log operations,933,True,,3.14.3,Windows-11-10.0.26200-SP0,
4396fe06d7624623b767049064d24fb3,2026-09-23T09:04:13.971638+00:00,robustness,robust-s2-range-local,Dolt,ok,measured,4,1,20261017,10000,10,100,range-local,32,258a439aa971816620064c0cf75597b9ac834ed904dd233bc9155f4e214153af,dolt-native,dolt-native,4096,919.6949,713.1845000000001,266.7283,250.7961,738649,450000,1.6414422222222222,288649,,not sampled,,149909504,"external parent process-tree RSS sampler (psutil, 10 ms; isolated trial)",,not exposed by Dolt CLI,933,True,,3.14.3,Windows-11-10.0.26200-SP0,dolt version 2.3.1 Warning: you are on an old version of Dolt. The newest version is 2.3.5.
4396fe06d7624623b767049064d24fb3,2026-09-23T09:04:15.065534+00:00,robustness,robust-s2-range-local,Revon-H,ok,measured,4,2,20261017,10000,10,100,range-local,32,258a439aa971816620064c0cf75597b9ac834ed904dd233bc9155f4e214153af,hybrid,log,4096,156.5653,36.4874,6.5169,12.9918,4448256,450000,9.885013333333333,3998256,,not sampled,,48164864,"external parent process-tree RSS sampler (psutil, 10 ms; isolated trial)",1000,log operations,933,True,,3.14.3,Windows-11-10.0.26200-SP0,
4396fe06d7624623b767049064d24fb3,2026-09-23T09:04:16.035884+00:00,robustness,robust-s2-range-local,Revon-M (forced Merkle),ok,measured,4,3,20261017,10000,10,100,range-local,32,258a439aa971816620064c0cf75597b9ac834ed904dd233bc9155f4e214153af,merkle,merkle,4096,139.9019,30.891199999999998,10.5743,11.752,4456448,450000,9.903217777777778,4006448,,not sampled,,49344512,"external parent process-tree RSS sampler (psutil, 10 ms; isolated trial)",3720,tree node pairs,933,True,,3.14.3,Windows-11-10.0.26200-SP0,
4396fe06d7624623b767049064d24fb3,2026-09-23T09:04:17.051712+00:00,robustness,robust-s2-range-local,Revon-H,ok,measured,5,1,20261017,10000,10,100,range-local,32,258a439aa971816620064c0cf75597b9ac834ed904dd233bc9155f4e214153af,hybrid,log,4096,142.0864,30.0219,6.6017,12.9716,4444160,450000,9.875911111111112,3994160,,not sampled,,48422912,"external parent process-tree RSS sampler (psutil, 10 ms; isolated trial)",1000,log operations,933,True,,3.14.3,Windows-11-10.0.26200-SP0,
4396fe06d7624623b767049064d24fb3,2026-09-23T09:04:18.055211+00:00,robustness,robust-s2-range-local,Revon-M (forced Merkle),ok,measured,5,2,20261017,10000,10,100,range-local,32,258a439aa971816620064c0cf75597b9ac834ed904dd233bc9155f4e214153af,merkle,merkle,4096,147.3195,30.854100000000003,11.4662,14.1899,4456448,450000,9.903217777777778,4006448,,not sampled,,49500160,"external parent process-tree RSS sampler (psutil, 10 ms; isolated trial)",3720,tree node pairs,933,True,,3.14.3,Windows-11-10.0.26200-SP0,
4396fe06d7624623b767049064d24fb3,2026-09-23T09:04:27.766544+00:00,robustness,robust-s2-range-local,Dolt,ok,measured,5,3,20261017,10000,10,100,range-local,32,258a439aa971816620064c0cf75597b9ac834ed904dd233bc9155f4e214153af,dolt-native,dolt-native,4096,841.9807,669.6948,255.9126,250.2051,738165,450000,1.6403666666666668,288165,,not sampled,,162193408,"external parent process-tree RSS sampler (psutil, 10 ms; isolated trial)",,not exposed by Dolt CLI,933,True,,3.14.3,Windows-11-10.0.26200-SP0,dolt version 2.3.1 Warning: you are on an old version of Dolt. The newest version is 2.3.5.
4396fe06d7624623b767049064d24fb3,2026-09-23T09:04:28.855302+00:00,robustness,robust-s2-range-local,Revon-M (forced Merkle),ok,measured,6,1,20261017,10000,10,100,range-local,32,258a439aa971816620064c0cf75597b9ac834ed904dd233bc9155f4e214153af,merkle,merkle,4096,157.9,30.241149999999998,8.7949,10.6025,4456448,450000,9.903217777777778,4006448,,not sampled,,48332800,"external parent process-tree RSS sampler (psutil, 10 ms; isolated trial)",3720,tree node pairs,933,True,,3.14.3,Windows-11-10.0.26200-SP0,
4396fe06d7624623b767049064d24fb3,2026-09-23T09:04:38.364525+00:00,robustness,robust-s2-range-local,Dolt,ok,measured,6,2,20261017,10000,10,100,range-local,32,258a439aa971816620064c0cf75597b9ac834ed904dd233bc9155f4e214153af,dolt-native,dolt-native,4096,791.5748,664.42215,317.0462,284.8154,738189,450000,1.64042,288189,,not sampled,,156774400,"external parent process-tree RSS sampler (psutil, 10 ms; isolated trial)",,not exposed by Dolt CLI,933,True,,3.14.3,Windows-11-10.0.26200-SP0,dolt version 2.3.1 Warning: you are on an old version of Dolt. The newest version is 2.3.5.
4396fe06d7624623b767049064d24fb3,2026-09-23T09:04:39.477553+00:00,robustness,robust-s2-range-local,Revon-H,ok,measured,6,3,20261017,10000,10,100,range-local,32,258a439aa971816620064c0cf75597b9ac834ed904dd233bc9155f4e214153af,hybrid,log,4096,168.1876,34.3865,6.3944,11.3289,4464640,450000,9.921422222222223,4014640,,not sampled,,49168384,"external parent process-tree RSS sampler (psutil, 10 ms; isolated trial)",1000,log operations,933,True,,3.14.3,Windows-11-10.0.26200-SP0,
4396fe06d7624623b767049064d24fb3,2026-09-23T09:04:49.357597+00:00,robustness,robust-s2-range-local,Dolt,ok,measured,7,1,20261017,10000,10,100,range-local,32,258a439aa971816620064c0cf75597b9ac834ed904dd233bc9155f4e214153af,dolt-native,dolt-native,4096,877.6342,648.86015,262.4728,309.0682,738348,450000,1.6407733333333334,288348,,not sampled,,152576000,"external parent process-tree RSS sampler (psutil, 10 ms; isolated trial)",,not exposed by Dolt CLI,933,True,,3.14.3,Windows-11-10.0.26200-SP0,dolt version 2.3.1 Warning: you are on an old version of Dolt. The newest version is 2.3.5.
4396fe06d7624623b767049064d24fb3,2026-09-23T09:04:50.372327+00:00,robustness,robust-s2-range-local,Revon-H,ok,measured,7,2,20261017,10000,10,100,range-local,32,258a439aa971816620064c0cf75597b9ac834ed904dd233bc9155f4e214153af,hybrid,log,4096,162.3612,27.183349999999997,6.1795,11.4581,4456448,450000,9.903217777777778,4006448,,not sampled,,48697344,"external parent process-tree RSS sampler (psutil, 10 ms; isolated trial)",1000,log operations,933,True,,3.14.3,Windows-11-10.0.26200-SP0,
4396fe06d7624623b767049064d24fb3,2026-09-23T09:04:51.432146+00:00,robustness,robust-s2-range-local,Revon-M (forced Merkle),ok,measured,7,3,20261017,10000,10,100,range-local,32,258a439aa971816620064c0cf75597b9ac834ed904dd233bc9155f4e214153af,merkle,merkle,4096,188.0244,32.600449999999995,10.6388,11.6128,4448256,450000,9.885013333333333,3998256,,not sampled,,49143808,"external parent process-tree RSS sampler (psutil, 10 ms; isolated trial)",3720,tree node pairs,933,True,,3.14.3,Windows-11-10.0.26200-SP0,
4396fe06d7624623b767049064d24fb3,2026-09-23T09:04:52.476860+00:00,robustness,robust-s2-repeated-key,Revon-M (forced Merkle),ok,warmup,1,1,20261017,10000,10,100,repeated-key,32,0ee19e2cb4b59fca101838cff57e47478896dd2439bb5ec6f1dd68cb74da03df,merkle,merkle,4096,161.6934,30.1908,2.0058,10.7169,4448256,450000,9.885013333333333,3998256,,not sampled,,48304128,"external parent process-tree RSS sampler (psutil, 10 ms; isolated trial)",1881,tree node pairs,217,True,,3.14.3,Windows-11-10.0.26200-SP0,
4396fe06d7624623b767049064d24fb3,2026-09-23T09:04:53.531104+00:00,robustness,robust-s2-repeated-key,Revon-H,ok,warmup,1,2,20261017,10000,10,100,repeated-key,32,0ee19e2cb4b59fca101838cff57e47478896dd2439bb5ec6f1dd68cb74da03df,hybrid,log,4096,177.1513,32.85895,0.9248,9.6064,4468736,450000,9.930524444444444,4018736,,not sampled,,47923200,"external parent process-tree RSS sampler (psutil, 10 ms; isolated trial)",1000,log operations,217,True,,3.14.3,Windows-11-10.0.26200-SP0,
4396fe06d7624623b767049064d24fb3,2026-09-23T09:05:02.909723+00:00,robustness,robust-s2-repeated-key,Dolt,ok,warmup,1,3,20261017,10000,10,100,repeated-key,32,0ee19e2cb4b59fca101838cff57e47478896dd2439bb5ec6f1dd68cb74da03df,dolt-native,dolt-native,4096,798.6565,666.29475,226.1538,246.091,804225,450000,1.7871666666666666,354225,,not sampled,,148844544,"external parent process-tree RSS sampler (psutil, 10 ms; isolated trial)",,not exposed by Dolt CLI,217,True,,3.14.3,Windows-11-10.0.26200-SP0,dolt version 2.3.1 Warning: you are on an old version of Dolt. The newest version is 2.3.5.
4396fe06d7624623b767049064d24fb3,2026-09-23T09:05:04.165521+00:00,robustness,robust-s2-repeated-key,Revon-H,ok,warmup,2,1,20261017,10000,10,100,repeated-key,32,0ee19e2cb4b59fca101838cff57e47478896dd2439bb5ec6f1dd68cb74da03df,hybrid,log,4096,146.5132,29.3106,1.0906,12.7775,4440064,450000,9.866808888888889,3990064,,not sampled,,48635904,"external parent process-tree RSS sampler (psutil, 10 ms; isolated trial)",1000,log operations,217,True,,3.14.3,Windows-11-10.0.26200-SP0,
4396fe06d7624623b767049064d24fb3,2026-09-23T09:05:15.182870+00:00,robustness,robust-s2-repeated-key,Dolt,ok,warmup,2,2,20261017,10000,10,100,repeated-key,32,0ee19e2cb4b59fca101838cff57e47478896dd2439bb5ec6f1dd68cb74da03df,dolt-native,dolt-native,4096,1070.6785,711.94755,216.3623,275.3912,804074,450000,1.786831111111111,354074,,not sampled,,147083264,"external parent process-tree RSS sampler (psutil, 10 ms; isolated trial)",,not exposed by Dolt CLI,217,True,,3.14.3,Windows-11-10.0.26200-SP0,dolt version 2.3.1 Warning: you are on an old version of Dolt. The newest version is 2.3.5.
4396fe06d7624623b767049064d24fb3,2026-09-23T09:05:16.259245+00:00,robustness,robust-s2-repeated-key,Revon-M (forced Merkle),ok,warmup,2,3,20261017,10000,10,100,repeated-key,32,0ee19e2cb4b59fca101838cff57e47478896dd2439bb5ec6f1dd68cb74da03df,merkle,merkle,4096,157.1323,30.8313,2.462,13.0541,4464640,450000,9.921422222222223,4014640,,not sampled,,48939008,"external parent process-tree RSS sampler (psutil, 10 ms; isolated trial)",1881,tree node pairs,217,True,,3.14.3,Windows-11-10.0.26200-SP0,
4396fe06d7624623b767049064d24fb3,2026-09-23T09:05:25.084278+00:00,robustness,robust-s2-repeated-key,Dolt,ok,measured,1,1,20261017,10000,10,100,repeated-key,32,0ee19e2cb4b59fca101838cff57e47478896dd2439bb5ec6f1dd68cb74da03df,dolt-native,dolt-native,4096,765.8702,598.67085,284.1044,292.3686,804452,450000,1.7876711111111112,354452,,not sampled,,148262912,"external parent process-tree RSS sampler (psutil, 10 ms; isolated trial)",,not exposed by Dolt CLI,217,True,,3.14.3,Windows-11-10.0.26200-SP0,dolt version 2.3.1 Warning: you are on an old version of Dolt. The newest version is 2.3.5.
4396fe06d7624623b767049064d24fb3,2026-09-23T09:05:26.119669+00:00,robustness,robust-s2-repeated-key,Revon-M (forced Merkle),ok,measured,1,2,20261017,10000,10,100,repeated-key,32,0ee19e2cb4b59fca101838cff57e47478896dd2439bb5ec6f1dd68cb74da03df,merkle,merkle,4096,156.6649,31.5483,2.0568,11.4851,4464640,450000,9.921422222222223,4014640,,not sampled,,48390144,"external parent process-tree RSS sampler (psutil, 10 ms; isolated trial)",1881,tree node pairs,217,True,,3.14.3,Windows-11-10.0.26200-SP0,
4396fe06d7624623b767049064d24fb3,2026-09-23T09:05:27.111242+00:00,robustness,robust-s2-repeated-key,Revon-H,ok,measured,1,3,20261017,10000,10,100,repeated-key,32,0ee19e2cb4b59fca101838cff57e47478896dd2439bb5ec6f1dd68cb74da03df,hybrid,log,4096,155.0359,35.0217,0.917,10.8311,4481024,450000,9.957831111111112,4031024,,not sampled,,48750592,"external parent process-tree RSS sampler (psutil, 10 ms; isolated trial)",1000,log operations,217,True,,3.14.3,Windows-11-10.0.26200-SP0,
4396fe06d7624623b767049064d24fb3,2026-09-23T09:05:28.254393+00:00,robustness,robust-s2-repeated-key,Revon-M (forced Merkle),ok,measured,2,1,20261017,10000,10,100,repeated-key,32,0ee19e2cb4b59fca101838cff57e47478896dd2439bb5ec6f1dd68cb74da03df,merkle,merkle,4096,191.0915,39.148300000000006,2.1373,11.1083,4468736,450000,9.930524444444444,4018736,,not sampled,,48746496,"external parent process-tree RSS sampler (psutil, 10 ms; isolated trial)",1881,tree node pairs,217,True,,3.14.3,Windows-11-10.0.26200-SP0,
4396fe06d7624623b767049064d24fb3,2026-09-23T09:05:29.287736+00:00,robustness,robust-s2-repeated-key,Revon-H,ok,measured,2,2,20261017,10000,10,100,repeated-key,32,0ee19e2cb4b59fca101838cff57e47478896dd2439bb5ec6f1dd68cb74da03df,hybrid,log,4096,149.4652,34.32185,0.9217,11.223,4481024,450000,9.957831111111112,4031024,,not sampled,,48492544,"external parent process-tree RSS sampler (psutil, 10 ms; isolated trial)",1000,log operations,217,True,,3.14.3,Windows-11-10.0.26200-SP0,
4396fe06d7624623b767049064d24fb3,2026-09-23T09:05:38.347579+00:00,robustness,robust-s2-repeated-key,Dolt,ok,measured,2,3,20261017,10000,10,100,repeated-key,32,0ee19e2cb4b59fca101838cff57e47478896dd2439bb5ec6f1dd68cb74da03df,dolt-native,dolt-native,4096,791.6508,659.50755,221.7616,272.0039,804254,450000,1.7872311111111112,354254,,not sampled,,159997952,"external parent process-tree RSS sampler (psutil, 10 ms; isolated trial)",,not exposed by Dolt CLI,217,True,,3.14.3,Windows-11-10.0.26200-SP0,dolt version 2.3.1 Warning: you are on an old version of Dolt. The newest version is 2.3.5.
4396fe06d7624623b767049064d24fb3,2026-09-23T09:05:39.434149+00:00,robustness,robust-s2-repeated-key,Revon-H,ok,measured,3,1,20261017,10000,10,100,repeated-key,32,0ee19e2cb4b59fca101838cff57e47478896dd2439bb5ec6f1dd68cb74da03df,hybrid,log,4096,157.0557,32.1828,1.0059,11.3902,4464640,450000,9.921422222222223,4014640,,not sampled,,48177152,"external parent process-tree RSS sampler (psutil, 10 ms; isolated trial)",1000,log operations,217,True,,3.14.3,Windows-11-10.0.26200-SP0,
4396fe06d7624623b767049064d24fb3,2026-09-23T09:05:48.264571+00:00,robustness,robust-s2-repeated-key,Dolt,ok,measured,3,2,20261017,10000,10,100,repeated-key,32,0ee19e2cb4b59fca101838cff57e47478896dd2439bb5ec6f1dd68cb74da03df,dolt-native,dolt-native,4096,738.4841,626.3734999999999,196.9543,223.434,804273,450000,1.7872733333333333,354273,,not sampled,,152358912,"external parent process-tree RSS sampler (psutil, 10 ms; isolated trial)",,not exposed by Dolt CLI,217,True,,3.14.3,Windows-11-10.0.26200-SP0,dolt version 2.3.1 Warning: you are on an old version of Dolt. The newest version is 2.3.5.
4396fe06d7624623b767049064d24fb3,2026-09-23T09:05:49.450237+00:00,robustness,robust-s2-repeated-key,Revon-M (forced Merkle),ok,measured,3,3,20261017,10000,10,100,repeated-key,32,0ee19e2cb4b59fca101838cff57e47478896dd2439bb5ec6f1dd68cb74da03df,merkle,merkle,4096,141.5714,42.0432,2.0894,11.1764,4452352,450000,9.894115555555556,4002352,,not sampled,,49065984,"external parent process-tree RSS sampler (psutil, 10 ms; isolated trial)",1881,tree node pairs,217,True,,3.14.3,Windows-11-10.0.26200-SP0,
4396fe06d7624623b767049064d24fb3,2026-09-23T09:05:58.430089+00:00,robustness,robust-s2-repeated-key,Dolt,ok,measured,4,1,20261017,10000,10,100,repeated-key,32,0ee19e2cb4b59fca101838cff57e47478896dd2439bb5ec6f1dd68cb74da03df,dolt-native,dolt-native,4096,774.3189,624.60935,253.3949,312.0849,804239,450000,1.7871977777777779,354239,,not sampled,,147820544,"external parent process-tree RSS sampler (psutil, 10 ms; isolated trial)",,not exposed by Dolt CLI,217,True,,3.14.3,Windows-11-10.0.26200-SP0,dolt version 2.3.1 Warning: you are on an old version of Dolt. The newest version is 2.3.5.
4396fe06d7624623b767049064d24fb3,2026-09-23T09:05:59.457584+00:00,robustness,robust-s2-repeated-key,Revon-M (forced Merkle),ok,measured,4,2,20261017,10000,10,100,repeated-key,32,0ee19e2cb4b59fca101838cff57e47478896dd2439bb5ec6f1dd68cb74da03df,merkle,merkle,4096,148.0806,27.2375,1.8687,8.983,4476928,450000,9.948728888888889,4026928,,not sampled,,47865856,"external parent process-tree RSS sampler (psutil, 10 ms; isolated trial)",1881,tree node pairs,217,True,,3.14.3,Windows-11-10.0.26200-SP0,
4396fe06d7624623b767049064d24fb3,2026-09-23T09:06:00.463725+00:00,robustness,robust-s2-repeated-key,Revon-H,ok,measured,4,3,20261017,10000,10,100,repeated-key,32,0ee19e2cb4b59fca101838cff57e47478896dd2439bb5ec6f1dd68cb74da03df,hybrid,log,4096,163.2647,31.950000000000003,0.9962,11.1392,4489216,450000,9.976035555555555,4039216,,not sampled,,48578560,"external parent process-tree RSS sampler (psutil, 10 ms; isolated trial)",1000,log operations,217,True,,3.14.3,Windows-11-10.0.26200-SP0,
4396fe06d7624623b767049064d24fb3,2026-09-23T09:06:01.548561+00:00,robustness,robust-s2-repeated-key,Revon-M (forced Merkle),ok,measured,5,1,20261017,10000,10,100,repeated-key,32,0ee19e2cb4b59fca101838cff57e47478896dd2439bb5ec6f1dd68cb74da03df,merkle,merkle,4096,166.6924,32.112849999999995,2.3937,13.1985,4431872,450000,9.848604444444444,3981872,,not sampled,,48984064,"external parent process-tree RSS sampler (psutil, 10 ms; isolated trial)",1881,tree node pairs,217,True,,3.14.3,Windows-11-10.0.26200-SP0,
4396fe06d7624623b767049064d24fb3,2026-09-23T09:06:02.711752+00:00,robustness,robust-s2-repeated-key,Revon-H,ok,measured,5,2,20261017,10000,10,100,repeated-key,32,0ee19e2cb4b59fca101838cff57e47478896dd2439bb5ec6f1dd68cb74da03df,hybrid,log,4096,150.8757,44.0753,1.0512,11.3379,4472832,450000,9.939626666666667,4022832,,not sampled,,48803840,"external parent process-tree RSS sampler (psutil, 10 ms; isolated trial)",1000,log operations,217,True,,3.14.3,Windows-11-10.0.26200-SP0,
4396fe06d7624623b767049064d24fb3,2026-09-23T09:06:12.600121+00:00,robustness,robust-s2-repeated-key,Dolt,ok,measured,5,3,20261017,10000,10,100,repeated-key,32,0ee19e2cb4b59fca101838cff57e47478896dd2439bb5ec6f1dd68cb74da03df,dolt-native,dolt-native,4096,807.8135,727.3096499999999,222.0064,224.258,804450,450000,1.7876666666666667,354450,,not sampled,,148017152,"external parent process-tree RSS sampler (psutil, 10 ms; isolated trial)",,not exposed by Dolt CLI,217,True,,3.14.3,Windows-11-10.0.26200-SP0,dolt version 2.3.1 Warning: you are on an old version of Dolt. The newest version is 2.3.5.
4396fe06d7624623b767049064d24fb3,2026-09-23T09:06:13.628836+00:00,robustness,robust-s2-repeated-key,Revon-H,ok,measured,6,1,20261017,10000,10,100,repeated-key,32,0ee19e2cb4b59fca101838cff57e47478896dd2439bb5ec6f1dd68cb74da03df,hybrid,log,4096,168.3985,28.9107,0.8463,10.2743,4472832,450000,9.939626666666667,4022832,,not sampled,,47894528,"external parent process-tree RSS sampler (psutil, 10 ms; isolated trial)",1000,log operations,217,True,,3.14.3,Windows-11-10.0.26200-SP0,
4396fe06d7624623b767049064d24fb3,2026-09-23T09:06:22.528219+00:00,robustness,robust-s2-repeated-key,Dolt,ok,measured,6,2,20261017,10000,10,100,repeated-key,32,0ee19e2cb4b59fca101838cff57e47478896dd2439bb5ec6f1dd68cb74da03df,dolt-native,dolt-native,4096,734.8374,631.03765,292.7021,287.6827,804509,450000,1.7877977777777778,354509,,not sampled,,166322176,"external parent process-tree RSS sampler (psutil, 10 ms; isolated trial)",,not exposed by Dolt CLI,217,True,,3.14.3,Windows-11-10.0.26200-SP0,dolt version 2.3.1 Warning: you are on an old version of Dolt. The newest version is 2.3.5.
4396fe06d7624623b767049064d24fb3,2026-09-23T09:06:23.613372+00:00,robustness,robust-s2-repeated-key,Revon-M (forced Merkle),ok,measured,6,3,20261017,10000,10,100,repeated-key,32,0ee19e2cb4b59fca101838cff57e47478896dd2439bb5ec6f1dd68cb74da03df,merkle,merkle,4096,213.8497,28.94895,2.1653,10.6845,4440064,450000,9.866808888888889,3990064,,not sampled,,48160768,"external parent process-tree RSS sampler (psutil, 10 ms; isolated trial)",1881,tree node pairs,217,True,,3.14.3,Windows-11-10.0.26200-SP0,
4396fe06d7624623b767049064d24fb3,2026-09-23T09:06:33.367492+00:00,robustness,robust-s2-repeated-key,Dolt,ok,measured,7,1,20261017,10000,10,100,repeated-key,32,0ee19e2cb4b59fca101838cff57e47478896dd2439bb5ec6f1dd68cb74da03df,dolt-native,dolt-native,4096,823.5009,713.0172,225.1702,253.2717,804486,450000,1.7877466666666666,354486,,not sampled,,162103296,"external parent process-tree RSS sampler (psutil, 10 ms; isolated trial)",,not exposed by Dolt CLI,217,True,,3.14.3,Windows-11-10.0.26200-SP0,dolt version 2.3.1 Warning: you are on an old version of Dolt. The newest version is 2.3.5.
4396fe06d7624623b767049064d24fb3,2026-09-23T09:06:34.426144+00:00,robustness,robust-s2-repeated-key,Revon-M (forced Merkle),ok,measured,7,2,20261017,10000,10,100,repeated-key,32,0ee19e2cb4b59fca101838cff57e47478896dd2439bb5ec6f1dd68cb74da03df,merkle,merkle,4096,157.6747,33.855599999999995,2.1045,10.7915,4456448,450000,9.903217777777778,4006448,,not sampled,,48701440,"external parent process-tree RSS sampler (psutil, 10 ms; isolated trial)",1881,tree node pairs,217,True,,3.14.3,Windows-11-10.0.26200-SP0,
4396fe06d7624623b767049064d24fb3,2026-09-23T09:06:35.705801+00:00,robustness,robust-s2-repeated-key,Revon-H,ok,measured,7,3,20261017,10000,10,100,repeated-key,32,0ee19e2cb4b59fca101838cff57e47478896dd2439bb5ec6f1dd68cb74da03df,hybrid,log,4096,302.0557,33.4437,1.035,16.1712,4476928,450000,9.948728888888889,4026928,,not sampled,,48889856,"external parent process-tree RSS sampler (psutil, 10 ms; isolated trial)",1000,log operations,217,True,,3.14.3,Windows-11-10.0.26200-SP0,
4396fe06d7624623b767049064d24fb3,2026-09-23T09:06:47.010599+00:00,robustness,robust-s3-baseline,Dolt,ok,warmup,1,1,20261111,10000,10,100,spread,32,399c1af8b094b1280773f472ec2262ff713b9d3a0fe61efda4a4cfeabdfd8182,dolt-native,dolt-native,4096,971.2635,805.3435999999999,347.1562,307.3425,2981409,450000,6.625353333333333,2531409,,not sampled,,152432640,"external parent process-tree RSS sampler (psutil, 10 ms; isolated trial)",,not exposed by Dolt CLI,956,True,,3.14.3,Windows-11-10.0.26200-SP0,dolt version 2.3.1 Warning: you are on an old version of Dolt. The newest version is 2.3.5.
4396fe06d7624623b767049064d24fb3,2026-09-23T09:06:48.102462+00:00,robustness,robust-s3-baseline,Revon-M (forced Merkle),ok,warmup,1,2,20261111,10000,10,100,spread,32,399c1af8b094b1280773f472ec2262ff713b9d3a0fe61efda4a4cfeabdfd8182,merkle,merkle,4096,165.356,30.874200000000002,9.0404,11.0057,4485120,450000,9.966933333333333,4035120,,not sampled,,49475584,"external parent process-tree RSS sampler (psutil, 10 ms; isolated trial)",3814,tree node pairs,956,True,,3.14.3,Windows-11-10.0.26200-SP0,
4396fe06d7624623b767049064d24fb3,2026-09-23T09:06:49.163370+00:00,robustness,robust-s3-baseline,Revon-H,ok,warmup,1,3,20261111,10000,10,100,spread,32,399c1af8b094b1280773f472ec2262ff713b9d3a0fe61efda4a4cfeabdfd8182,hybrid,log,4096,179.1479,33.90705,6.4515,12.9556,4513792,450000,10.030648888888889,4063792,,not sampled,,48992256,"external parent process-tree RSS sampler (psutil, 10 ms; isolated trial)",1000,log operations,956,True,,3.14.3,Windows-11-10.0.26200-SP0,
4396fe06d7624623b767049064d24fb3,2026-09-23T09:06:50.277981+00:00,robustness,robust-s3-baseline,Revon-M (forced Merkle),ok,warmup,2,1,20261111,10000,10,100,spread,32,399c1af8b094b1280773f472ec2262ff713b9d3a0fe61efda4a4cfeabdfd8182,merkle,merkle,4096,167.0267,34.10985,10.1881,11.8226,4485120,450000,9.966933333333333,4035120,,not sampled,,48619520,"external parent process-tree RSS sampler (psutil, 10 ms; isolated trial)",3814,tree node pairs,956,True,,3.14.3,Windows-11-10.0.26200-SP0,
4396fe06d7624623b767049064d24fb3,2026-09-23T09:06:51.270234+00:00,robustness,robust-s3-baseline,Revon-H,ok,warmup,2,2,20261111,10000,10,100,spread,32,399c1af8b094b1280773f472ec2262ff713b9d3a0fe61efda4a4cfeabdfd8182,hybrid,log,4096,161.0517,30.1887,6.345,11.3526,4530176,450000,10.067057777777778,4080176,,not sampled,,48836608,"external parent process-tree RSS sampler (psutil, 10 ms; isolated trial)",1000,log operations,956,True,,3.14.3,Windows-11-10.0.26200-SP0,
4396fe06d7624623b767049064d24fb3,2026-09-23T09:07:01.218590+00:00,robustness,robust-s3-baseline,Dolt,ok,warmup,2,3,20261111,10000,10,100,spread,32,399c1af8b094b1280773f472ec2262ff713b9d3a0fe61efda4a4cfeabdfd8182,dolt-native,dolt-native,4096,679.7094,702.0611,250.5495,351.0409,2981429,450000,6.625397777777778,2531429,,not sampled,,160477184,"external parent process-tree RSS sampler (psutil, 10 ms; isolated trial)",,not exposed by Dolt CLI,956,True,,3.14.3,Windows-11-10.0.26200-SP0,dolt version 2.3.1 Warning: you are on an old version of Dolt. The newest version is 2.3.5.
4396fe06d7624623b767049064d24fb3,2026-09-23T09:07:12.052216+00:00,robustness,robust-s3-baseline,Dolt,ok,measured,1,1,20261111,10000,10,100,spread,32,399c1af8b094b1280773f472ec2262ff713b9d3a0fe61efda4a4cfeabdfd8182,dolt-native,dolt-native,4096,726.7759,809.51565,268.0758,313.3743,2981663,450000,6.625917777777778,2531663,,not sampled,,164720640,"external parent process-tree RSS sampler (psutil, 10 ms; isolated trial)",,not exposed by Dolt CLI,956,True,,3.14.3,Windows-11-10.0.26200-SP0,dolt version 2.3.1 Warning: you are on an old version of Dolt. The newest version is 2.3.5.
4396fe06d7624623b767049064d24fb3,2026-09-23T09:07:13.107367+00:00,robustness,robust-s3-baseline,Revon-M (forced Merkle),ok,measured,1,2,20261111,10000,10,100,spread,32,399c1af8b094b1280773f472ec2262ff713b9d3a0fe61efda4a4cfeabdfd8182,merkle,merkle,4096,165.6846,26.67305,8.089,10.4792,4489216,450000,9.976035555555555,4039216,,not sampled,,49004544,"external parent process-tree RSS sampler (psutil, 10 ms; isolated trial)",3814,tree node pairs,956,True,,3.14.3,Windows-11-10.0.26200-SP0,
4396fe06d7624623b767049064d24fb3,2026-09-23T09:07:14.127981+00:00,robustness,robust-s3-baseline,Revon-H,ok,measured,1,3,20261111,10000,10,100,spread,32,399c1af8b094b1280773f472ec2262ff713b9d3a0fe61efda4a4cfeabdfd8182,hybrid,log,4096,153.5048,29.78425,6.5663,12.9503,4489216,450000,9.976035555555555,4039216,,not sampled,,49172480,"external parent process-tree RSS sampler (psutil, 10 ms; isolated trial)",1000,log operations,956,True,,3.14.3,Windows-11-10.0.26200-SP0,
4396fe06d7624623b767049064d24fb3,2026-09-23T09:07:15.258265+00:00,robustness,robust-s3-baseline,Revon-M (forced Merkle),ok,measured,2,1,20261111,10000,10,100,spread,32,399c1af8b094b1280773f472ec2262ff713b9d3a0fe61efda4a4cfeabdfd8182,merkle,merkle,4096,174.4456,39.51525,14.4375,14.0481,4489216,450000,9.976035555555555,4039216,,not sampled,,49061888,"external parent process-tree RSS sampler (psutil, 10 ms; isolated trial)",3814,tree node pairs,956,True,,3.14.3,Windows-11-10.0.26200-SP0,
4396fe06d7624623b767049064d24fb3,2026-09-23T09:07:16.305410+00:00,robustness,robust-s3-baseline,Revon-H,ok,measured,2,2,20261111,10000,10,100,spread,32,399c1af8b094b1280773f472ec2262ff713b9d3a0fe61efda4a4cfeabdfd8182,hybrid,log,4096,152.8439,31.487899999999996,7.1991,12.4517,4501504,450000,10.003342222222223,4051504,,not sampled,,48717824,"external parent process-tree RSS sampler (psutil, 10 ms; isolated trial)",1000,log operations,956,True,,3.14.3,Windows-11-10.0.26200-SP0,
4396fe06d7624623b767049064d24fb3,2026-09-23T09:07:25.399608+00:00,robustness,robust-s3-baseline,Dolt,ok,measured,2,3,20261111,10000,10,100,spread,32,399c1af8b094b1280773f472ec2262ff713b9d3a0fe61efda4a4cfeabdfd8182,dolt-native,dolt-native,4096,738.8082,657.7266999999999,270.923,256.3094,2981235,450000,6.6249666666666664,2531235,,not sampled,,146710528,"external parent process-tree RSS sampler (psutil, 10 ms; isolated trial)",,not exposed by Dolt CLI,956,True,,3.14.3,Windows-11-10.0.26200-SP0,dolt version 2.3.1 Warning: you are on an old version of Dolt. The newest version is 2.3.5.
4396fe06d7624623b767049064d24fb3,2026-09-23T09:07:26.410752+00:00,robustness,robust-s3-baseline,Revon-H,ok,measured,3,1,20261111,10000,10,100,spread,32,399c1af8b094b1280773f472ec2262ff713b9d3a0fe61efda4a4cfeabdfd8182,hybrid,log,4096,150.4366,29.3186,6.2147,10.2099,4497408,450000,9.99424,4047408,,not sampled,,48345088,"external parent process-tree RSS sampler (psutil, 10 ms; isolated trial)",1000,log operations,956,True,,3.14.3,Windows-11-10.0.26200-SP0,
4396fe06d7624623b767049064d24fb3,2026-09-23T09:07:36.456165+00:00,robustness,robust-s3-baseline,Dolt,ok,measured,3,2,20261111,10000,10,100,spread,32,399c1af8b094b1280773f472ec2262ff713b9d3a0fe61efda4a4cfeabdfd8182,dolt-native,dolt-native,4096,830.1666,714.27985,275.976,289.8882,2981724,450000,6.626053333333333,2531724,,not sampled,,164900864,"external parent process-tree RSS sampler (psutil, 10 ms; isolated trial)",,not exposed by Dolt CLI,956,True,,3.14.3,Windows-11-10.0.26200-SP0,dolt version 2.3.1 Warning: you are on an old version of Dolt. The newest version is 2.3.5.
4396fe06d7624623b767049064d24fb3,2026-09-23T09:07:37.736664+00:00,robustness,robust-s3-baseline,Revon-M (forced Merkle),ok,measured,3,3,20261111,10000,10,100,spread,32,399c1af8b094b1280773f472ec2262ff713b9d3a0fe61efda4a4cfeabdfd8182,merkle,merkle,4096,165.3754,41.255700000000004,12.3614,14.3251,4497408,450000,9.99424,4047408,,not sampled,,49270784,"external parent process-tree RSS sampler (psutil, 10 ms; isolated trial)",3814,tree node pairs,956,True,,3.14.3,Windows-11-10.0.26200-SP0,
4396fe06d7624623b767049064d24fb3,2026-09-23T09:07:47.584116+00:00,robustness,robust-s3-baseline,Dolt,ok,measured,4,1,20261111,10000,10,100,spread,32,399c1af8b094b1280773f472ec2262ff713b9d3a0fe61efda4a4cfeabdfd8182,dolt-native,dolt-native,4096,808.6771,685.57635,248.563,274.411,2981460,450000,6.625466666666667,2531460,,not sampled,,157679616,"external parent process-tree RSS sampler (psutil, 10 ms; isolated trial)",,not exposed by Dolt CLI,956,True,,3.14.3,Windows-11-10.0.26200-SP0,dolt version 2.3.1 Warning: you are on an old version of Dolt. The newest version is 2.3.5.
4396fe06d7624623b767049064d24fb3,2026-09-23T09:07:48.690854+00:00,robustness,robust-s3-baseline,Revon-M (forced Merkle),ok,measured,4,2,20261111,10000,10,100,spread,32,399c1af8b094b1280773f472ec2262ff713b9d3a0fe61efda4a4cfeabdfd8182,merkle,merkle,4096,142.3951,30.622700000000002,9.3086,11.3239,4538368,450000,10.085262222222223,4088368,,not sampled,,48599040,"external parent process-tree RSS sampler (psutil, 10 ms; isolated trial)",3814,tree node pairs,956,True,,3.14.3,Windows-11-10.0.26200-SP0,
4396fe06d7624623b767049064d24fb3,2026-09-23T09:07:49.750192+00:00,robustness,robust-s3-baseline,Revon-H,ok,measured,4,3,20261111,10000,10,100,spread,32,399c1af8b094b1280773f472ec2262ff713b9d3a0fe61efda4a4cfeabdfd8182,hybrid,log,4096,159.754,30.377699999999997,6.0246,14.4426,4493312,450000,9.985137777777778,4043312,,not sampled,,49262592,"external parent process-tree RSS sampler (psutil, 10 ms; isolated trial)",1000,log operations,956,True,,3.14.3,Windows-11-10.0.26200-SP0,
4396fe06d7624623b767049064d24fb3,2026-09-23T09:07:50.770993+00:00,robustness,robust-s3-baseline,Revon-M (forced Merkle),ok,measured,5,1,20261111,10000,10,100,spread,32,399c1af8b094b1280773f472ec2262ff713b9d3a0fe61efda4a4cfeabdfd8182,merkle,merkle,4096,153.2807,27.898200000000003,10.3748,11.5057,4530176,450000,10.067057777777778,4080176,,not sampled,,48939008,"external parent process-tree RSS sampler (psutil, 10 ms; isolated trial)",3814,tree node pairs,956,True,,3.14.3,Windows-11-10.0.26200-SP0,
4396fe06d7624623b767049064d24fb3,2026-09-23T09:07:51.771610+00:00,robustness,robust-s3-baseline,Revon-H,ok,measured,5,2,20261111,10000,10,100,spread,32,399c1af8b094b1280773f472ec2262ff713b9d3a0fe61efda4a4cfeabdfd8182,hybrid,log,4096,155.3424,30.73655,6.7339,11.7452,4501504,450000,10.003342222222223,4051504,,not sampled,,48812032,"external parent process-tree RSS sampler (psutil, 10 ms; isolated trial)",1000,log operations,956,True,,3.14.3,Windows-11-10.0.26200-SP0,
4396fe06d7624623b767049064d24fb3,2026-09-23T09:08:02.782946+00:00,robustness,robust-s3-baseline,Dolt,ok,measured,5,3,20261111,10000,10,100,spread,32,399c1af8b094b1280773f472ec2262ff713b9d3a0fe61efda4a4cfeabdfd8182,dolt-native,dolt-native,4096,710.5762,784.8587,319.6082,282.6708,2981676,450000,6.625946666666667,2531676,,not sampled,,156602368,"external parent process-tree RSS sampler (psutil, 10 ms; isolated trial)",,not exposed by Dolt CLI,956,True,,3.14.3,Windows-11-10.0.26200-SP0,dolt version 2.3.1 Warning: you are on an old version of Dolt. The newest version is 2.3.5.
4396fe06d7624623b767049064d24fb3,2026-09-23T09:08:04.192468+00:00,robustness,robust-s3-baseline,Revon-H,ok,measured,6,1,20261111,10000,10,100,spread,32,399c1af8b094b1280773f472ec2262ff713b9d3a0fe61efda4a4cfeabdfd8182,hybrid,log,4096,185.1456,39.36855,14.4866,29.3736,4481024,450000,9.957831111111112,4031024,,not sampled,,49627136,"external parent process-tree RSS sampler (psutil, 10 ms; isolated trial)",1000,log operations,956,True,,3.14.3,Windows-11-10.0.26200-SP0,
4396fe06d7624623b767049064d24fb3,2026-09-23T09:08:14.039053+00:00,robustness,robust-s3-baseline,Dolt,ok,measured,6,2,20261111,10000,10,100,spread,32,399c1af8b094b1280773f472ec2262ff713b9d3a0fe61efda4a4cfeabdfd8182,dolt-native,dolt-native,4096,931.7121,669.3733500000001,248.324,278.9674,2981421,450000,6.62538,2531421,,not sampled,,148963328,"external parent process-tree RSS sampler (psutil, 10 ms; isolated trial)",,not exposed by Dolt CLI,956,True,,3.14.3,Windows-11-10.0.26200-SP0,dolt version 2.3.1 Warning: you are on an old version of Dolt. The newest version is 2.3.5.
4396fe06d7624623b767049064d24fb3,2026-09-23T09:08:15.181911+00:00,robustness,robust-s3-baseline,Revon-M (forced Merkle),ok,measured,6,3,20261111,10000,10,100,spread,32,399c1af8b094b1280773f472ec2262ff713b9d3a0fe61efda4a4cfeabdfd8182,merkle,merkle,4096,164.9313,32.6566,8.4731,10.6529,4481024,450000,9.957831111111112,4031024,,not sampled,,48336896,"external parent process-tree RSS sampler (psutil, 10 ms; isolated trial)",3814,tree node pairs,956,True,,3.14.3,Windows-11-10.0.26200-SP0,
4396fe06d7624623b767049064d24fb3,2026-09-23T09:08:24.535616+00:00,robustness,robust-s3-baseline,Dolt,ok,measured,7,1,20261111,10000,10,100,spread,32,399c1af8b094b1280773f472ec2262ff713b9d3a0fe61efda4a4cfeabdfd8182,dolt-native,dolt-native,4096,737.8686,673.4991,234.905,251.149,2981303,450000,6.625117777777778,2531303,,not sampled,,158998528,"external parent process-tree RSS sampler (psutil, 10 ms; isolated trial)",,not exposed by Dolt CLI,956,True,,3.14.3,Windows-11-10.0.26200-SP0,dolt version 2.3.1 Warning: you are on an old version of Dolt. The newest version is 2.3.5.
4396fe06d7624623b767049064d24fb3,2026-09-23T09:08:25.677876+00:00,robustness,robust-s3-baseline,Revon-M (forced Merkle),ok,measured,7,2,20261111,10000,10,100,spread,32,399c1af8b094b1280773f472ec2262ff713b9d3a0fe61efda4a4cfeabdfd8182,merkle,merkle,4096,181.5388,28.5853,9.1122,9.9795,4497408,450000,9.99424,4047408,,not sampled,,49225728,"external parent process-tree RSS sampler (psutil, 10 ms; isolated trial)",3814,tree node pairs,956,True,,3.14.3,Windows-11-10.0.26200-SP0,
4396fe06d7624623b767049064d24fb3,2026-09-23T09:08:26.647073+00:00,robustness,robust-s3-baseline,Revon-H,ok,measured,7,3,20261111,10000,10,100,spread,32,399c1af8b094b1280773f472ec2262ff713b9d3a0fe61efda4a4cfeabdfd8182,hybrid,log,4096,143.5598,30.5105,6.0234,12.3836,4468736,450000,9.930524444444444,4018736,,not sampled,,48934912,"external parent process-tree RSS sampler (psutil, 10 ms; isolated trial)",1000,log operations,956,True,,3.14.3,Windows-11-10.0.26200-SP0,
4396fe06d7624623b767049064d24fb3,2026-09-23T09:08:36.530424+00:00,robustness,robust-s3-payload-128,Dolt,ok,warmup,1,1,20261111,10000,10,100,spread,128,00468bb59bc711ef40746bc320a2ceafb79273bf7acde4f7a326e4227fba18e0,dolt-native,dolt-native,4096,754.2987,693.7233,239.4607,313.6512,3268574,1410000,2.3181375886524824,1858574,,not sampled,,149958656,"external parent process-tree RSS sampler (psutil, 10 ms; isolated trial)",,not exposed by Dolt CLI,956,True,,3.14.3,Windows-11-10.0.26200-SP0,dolt version 2.3.1 Warning: you are on an old version of Dolt. The newest version is 2.3.5.
4396fe06d7624623b767049064d24fb3,2026-09-23T09:08:37.870539+00:00,robustness,robust-s3-payload-128,Revon-H,ok,warmup,1,2,20261111,10000,10,100,spread,128,00468bb59bc711ef40746bc320a2ceafb79273bf7acde4f7a326e4227fba18e0,hybrid,log,4096,226.7846,47.5873,7.0597,15.6937,7639040,1410000,5.417758865248227,6229040,,not sampled,,52563968,"external parent process-tree RSS sampler (psutil, 10 ms; isolated trial)",1000,log operations,956,True,,3.14.3,Windows-11-10.0.26200-SP0,
4396fe06d7624623b767049064d24fb3,2026-09-23T09:08:39.060979+00:00,robustness,robust-s3-payload-128,Revon-M (forced Merkle),ok,warmup,1,3,20261111,10000,10,100,spread,128,00468bb59bc711ef40746bc320a2ceafb79273bf7acde4f7a326e4227fba18e0,merkle,merkle,4096,182.233,46.582300000000004,11.2797,16.3665,7643136,1410000,5.420663829787234,6233136,,not sampled,,52838400,"external parent process-tree RSS sampler (psutil, 10 ms; isolated trial)",3814,tree node pairs,956,True,,3.14.3,Windows-11-10.0.26200-SP0,
4396fe06d7624623b767049064d24fb3,2026-09-23T09:08:40.339095+00:00,robustness,robust-s3-payload-128,Revon-H,ok,warmup,2,1,20261111,10000,10,100,spread,128,00468bb59bc711ef40746bc320a2ceafb79273bf7acde4f7a326e4227fba18e0,hybrid,log,4096,188.0201,51.73995,7.2442,17.4794,7655424,1410000,5.429378723404255,6245424,,not sampled,,52805632,"external parent process-tree RSS sampler (psutil, 10 ms; isolated trial)",1000,log operations,956,True,,3.14.3,Windows-11-10.0.26200-SP0,
4396fe06d7624623b767049064d24fb3,2026-09-23T09:08:42.052812+00:00,robustness,robust-s3-payload-128,Revon-M (forced Merkle),ok,warmup,2,2,20261111,10000,10,100,spread,128,00468bb59bc711ef40746bc320a2ceafb79273bf7acde4f7a326e4227fba18e0,merkle,merkle,4096,231.5012,43.9503,13.3359,21.5434,7639040,1410000,5.417758865248227,6229040,,not sampled,,52576256,"external parent process-tree RSS sampler (psutil, 10 ms; isolated trial)",3814,tree node pairs,956,True,,3.14.3,Windows-11-10.0.26200-SP0,
4396fe06d7624623b767049064d24fb3,2026-09-23T09:08:51.529135+00:00,robustness,robust-s3-payload-128,Dolt,ok,warmup,2,3,20261111,10000,10,100,spread,128,00468bb59bc711ef40746bc320a2ceafb79273bf7acde4f7a326e4227fba18e0,dolt-native,dolt-native,4096,713.6535,692.79165,220.9171,253.9532,3268549,1410000,2.3181198581560283,1858549,,not sampled,,148783104,"external parent process-tree RSS sampler (psutil, 10 ms; isolated trial)",,not exposed by Dolt CLI,956,True,,3.14.3,Windows-11-10.0.26200-SP0,dolt version 2.3.1 Warning: you are on an old version of Dolt. The newest version is 2.3.5.
4396fe06d7624623b767049064d24fb3,2026-09-23T09:09:00.550048+00:00,robustness,robust-s3-payload-128,Dolt,ok,measured,1,1,20261111,10000,10,100,spread,128,00468bb59bc711ef40746bc320a2ceafb79273bf7acde4f7a326e4227fba18e0,dolt-native,dolt-native,4096,823.3122,621.55845,314.3762,306.6826,3268353,1410000,2.31798085106383,1858353,,not sampled,,167522304,"external parent process-tree RSS sampler (psutil, 10 ms; isolated trial)",,not exposed by Dolt CLI,956,True,,3.14.3,Windows-11-10.0.26200-SP0,dolt version 2.3.1 Warning: you are on an old version of Dolt. The newest version is 2.3.5.
4396fe06d7624623b767049064d24fb3,2026-09-23T09:09:01.925860+00:00,robustness,robust-s3-payload-128,Revon-H,ok,measured,1,2,20261111,10000,10,100,spread,128,00468bb59bc711ef40746bc320a2ceafb79273bf7acde4f7a326e4227fba18e0,hybrid,log,4096,189.5102,41.53475,10.3367,20.2797,7643136,1410000,5.420663829787234,6233136,,not sampled,,52330496,"external parent process-tree RSS sampler (psutil, 10 ms; isolated trial)",1000,log operations,956,True,,3.14.3,Windows-11-10.0.26200-SP0,
4396fe06d7624623b767049064d24fb3,2026-09-23T09:09:03.112904+00:00,robustness,robust-s3-payload-128,Revon-M (forced Merkle),ok,measured,1,3,20261111,10000,10,100,spread,128,00468bb59bc711ef40746bc320a2ceafb79273bf7acde4f7a326e4227fba18e0,merkle,merkle,4096,172.7877,41.86745,11.5722,18.2388,7663616,1410000,5.435188652482269,6253616,,not sampled,,52318208,"external parent process-tree RSS sampler (psutil, 10 ms; isolated trial)",3814,tree node pairs,956,True,,3.14.3,Windows-11-10.0.26200-SP0,
4396fe06d7624623b767049064d24fb3,2026-09-23T09:09:04.462835+00:00,robustness,robust-s3-payload-128,Revon-H,ok,measured,2,1,20261111,10000,10,100,spread,128,00468bb59bc711ef40746bc320a2ceafb79273bf7acde4f7a326e4227fba18e0,hybrid,log,4096,174.8453,52.8895,6.9751,20.5199,7639040,1410000,5.417758865248227,6229040,,not sampled,,53075968,"external parent process-tree RSS sampler (psutil, 10 ms; isolated trial)",1000,log operations,956,True,,3.14.3,Windows-11-10.0.26200-SP0,
4396fe06d7624623b767049064d24fb3,2026-09-23T09:09:05.842780+00:00,robustness,robust-s3-payload-128,Revon-M (forced Merkle),ok,measured,2,2,20261111,10000,10,100,spread,128,00468bb59bc711ef40746bc320a2ceafb79273bf7acde4f7a326e4227fba18e0,merkle,merkle,4096,217.8769,50.1425,11.348,16.1956,7651328,1410000,5.4264737588652485,6241328,,not sampled,,52363264,"external parent process-tree RSS sampler (psutil, 10 ms; isolated trial)",3814,tree node pairs,956,True,,3.14.3,Windows-11-10.0.26200-SP0,
4396fe06d7624623b767049064d24fb3,2026-09-23T09:09:15.168704+00:00,robustness,robust-s3-payload-128,Dolt,ok,measured,2,3,20261111,10000,10,100,spread,128,00468bb59bc711ef40746bc320a2ceafb79273bf7acde4f7a326e4227fba18e0,dolt-native,dolt-native,4096,757.6019,654.16805,248.4138,240.0068,3268654,1410000,2.3181943262411346,1858654,,not sampled,,149053440,"external parent process-tree RSS sampler (psutil, 10 ms; isolated trial)",,not exposed by Dolt CLI,956,True,,3.14.3,Windows-11-10.0.26200-SP0,dolt version 2.3.1 Warning: you are on an old version of Dolt. The newest version is 2.3.5.
4396fe06d7624623b767049064d24fb3,2026-09-23T09:09:16.427226+00:00,robustness,robust-s3-payload-128,Revon-M (forced Merkle),ok,measured,3,1,20261111,10000,10,100,spread,128,00468bb59bc711ef40746bc320a2ceafb79273bf7acde4f7a326e4227fba18e0,merkle,merkle,4096,190.7759,38.968999999999994,10.2049,15.3714,7634944,1410000,5.41485390070922,6224944,,not sampled,,52736000,"external parent process-tree RSS sampler (psutil, 10 ms; isolated trial)",3814,tree node pairs,956,True,,3.14.3,Windows-11-10.0.26200-SP0,
4396fe06d7624623b767049064d24fb3,2026-09-23T09:09:25.681568+00:00,robustness,robust-s3-payload-128,Dolt,ok,measured,3,2,20261111,10000,10,100,spread,128,00468bb59bc711ef40746bc320a2ceafb79273bf7acde4f7a326e4227fba18e0,dolt-native,dolt-native,4096,737.5459,649.2499,266.8443,251.9722,3268612,1410000,2.318164539007092,1858612,,not sampled,,153747456,"external parent process-tree RSS sampler (psutil, 10 ms; isolated trial)",,not exposed by Dolt CLI,956,True,,3.14.3,Windows-11-10.0.26200-SP0,dolt version 2.3.1 Warning: you are on an old version of Dolt. The newest version is 2.3.5.
4396fe06d7624623b767049064d24fb3,2026-09-23T09:09:27.124332+00:00,robustness,robust-s3-payload-128,Revon-H,ok,measured,3,3,20261111,10000,10,100,spread,128,00468bb59bc711ef40746bc320a2ceafb79273bf7acde4f7a326e4227fba18e0,hybrid,log,4096,206.729,45.2504,7.4154,17.6347,7667712,1410000,5.438093617021277,6257712,,not sampled,,52465664,"external parent process-tree RSS sampler (psutil, 10 ms; isolated trial)",1000,log operations,956,True,,3.14.3,Windows-11-10.0.26200-SP0,
4396fe06d7624623b767049064d24fb3,2026-09-23T09:09:37.435178+00:00,robustness,robust-s3-payload-128,Dolt,ok,measured,4,1,20261111,10000,10,100,spread,128,00468bb59bc711ef40746bc320a2ceafb79273bf7acde4f7a326e4227fba18e0,dolt-native,dolt-native,4096,735.4624,736.8389500000001,347.1299,412.1114,3268581,1410000,2.3181425531914894,1858581,,not sampled,,170934272,"external parent process-tree RSS sampler (psutil, 10 ms; isolated trial)",,not exposed by Dolt CLI,956,True,,3.14.3,Windows-11-10.0.26200-SP0,dolt version 2.3.1 Warning: you are on an old version of Dolt. The newest version is 2.3.5.
4396fe06d7624623b767049064d24fb3,2026-09-23T09:09:38.785704+00:00,robustness,robust-s3-payload-128,Revon-H,ok,measured,4,2,20261111,10000,10,100,spread,128,00468bb59bc711ef40746bc320a2ceafb79273bf7acde4f7a326e4227fba18e0,hybrid,log,4096,185.2854,50.17985,9.0981,19.4173,7680000,1410000,5.446808510638298,6270000,,not sampled,,52338688,"external parent process-tree RSS sampler (psutil, 10 ms; isolated trial)",1000,log operations,956,True,,3.14.3,Windows-11-10.0.26200-SP0,
4396fe06d7624623b767049064d24fb3,2026-09-23T09:09:40.071080+00:00,robustness,robust-s3-payload-128,Revon-M (forced Merkle),ok,measured,4,3,20261111,10000,10,100,spread,128,00468bb59bc711ef40746bc320a2ceafb79273bf7acde4f7a326e4227fba18e0,merkle,merkle,4096,198.7683,49.8545,9.5424,17.524,7647232,1410000,5.423568794326241,6237232,,not sampled,,52645888,"external parent process-tree RSS sampler (psutil, 10 ms; isolated trial)",3814,tree node pairs,956,True,,3.14.3,Windows-11-10.0.26200-SP0,
4396fe06d7624623b767049064d24fb3,2026-09-23T09:09:41.314297+00:00,robustness,robust-s3-payload-128,Revon-H,ok,measured,5,1,20261111,10000,10,100,spread,128,00468bb59bc711ef40746bc320a2ceafb79273bf7acde4f7a326e4227fba18e0,hybrid,log,4096,239.6169,39.26545,6.6274,14.3199,7643136,1410000,5.420663829787234,6233136,,not sampled,,52973568,"external parent process-tree RSS sampler (psutil, 10 ms; isolated trial)",1000,log operations,956,True,,3.14.3,Windows-11-10.0.26200-SP0,
4396fe06d7624623b767049064d24fb3,2026-09-23T09:09:42.469612+00:00,robustness,robust-s3-payload-128,Revon-M (forced Merkle),ok,measured,5,2,20261111,10000,10,100,spread,128,00468bb59bc711ef40746bc320a2ceafb79273bf7acde4f7a326e4227fba18e0,merkle,merkle,4096,207.2191,38.624849999999995,9.974,15.2991,7692288,1410000,5.455523404255319,6282288,,not sampled,,52322304,"external parent process-tree RSS sampler (psutil, 10 ms; isolated trial)",3814,tree node pairs,956,True,,3.14.3,Windows-11-10.0.26200-SP0,
4396fe06d7624623b767049064d24fb3,2026-09-23T09:09:52.318114+00:00,robustness,robust-s3-payload-128,Dolt,ok,measured,5,3,20261111,10000,10,100,spread,128,00468bb59bc711ef40746bc320a2ceafb79273bf7acde4f7a326e4227fba18e0,dolt-native,dolt-native,4096,835.6876,721.19655,245.9251,258.2468,3268451,1410000,2.318050354609929,1858451,,not sampled,,150630400,"external parent process-tree RSS sampler (psutil, 10 ms; isolated trial)",,not exposed by Dolt CLI,956,True,,3.14.3,Windows-11-10.0.26200-SP0,dolt version 2.3.1 Warning: you are on an old version of Dolt. The newest version is 2.3.5.
4396fe06d7624623b767049064d24fb3,2026-09-23T09:09:53.716479+00:00,robustness,robust-s3-payload-128,Revon-M (forced Merkle),ok,measured,6,1,20261111,10000,10,100,spread,128,00468bb59bc711ef40746bc320a2ceafb79273bf7acde4f7a326e4227fba18e0,merkle,merkle,4096,221.6116,48.09595,9.9353,15.0499,7634944,1410000,5.41485390070922,6224944,,not sampled,,52486144,"external parent process-tree RSS sampler (psutil, 10 ms; isolated trial)",3814,tree node pairs,956,True,,3.14.3,Windows-11-10.0.26200-SP0,
4396fe06d7624623b767049064d24fb3,2026-09-23T09:10:04.009695+00:00,robustness,robust-s3-payload-128,Dolt,ok,measured,6,2,20261111,10000,10,100,spread,128,00468bb59bc711ef40746bc320a2ceafb79273bf7acde4f7a326e4227fba18e0,dolt-native,dolt-native,4096,812.142,713.3861999999999,295.0638,375.8392,3268399,1410000,2.318013475177305,1858399,,not sampled,,169123840,"external parent process-tree RSS sampler (psutil, 10 ms; isolated trial)",,not exposed by Dolt CLI,956,True,,3.14.3,Windows-11-10.0.26200-SP0,dolt version 2.3.1 Warning: you are on an old version of Dolt. The newest version is 2.3.5.
4396fe06d7624623b767049064d24fb3,2026-09-23T09:10:05.403590+00:00,robustness,robust-s3-payload-128,Revon-H,ok,measured,6,3,20261111,10000,10,100,spread,128,00468bb59bc711ef40746bc320a2ceafb79273bf7acde4f7a326e4227fba18e0,hybrid,log,4096,218.0606,39.74325,7.2063,16.2516,7639040,1410000,5.417758865248227,6229040,,not sampled,,52854784,"external parent process-tree RSS sampler (psutil, 10 ms; isolated trial)",1000,log operations,956,True,,3.14.3,Windows-11-10.0.26200-SP0,
4396fe06d7624623b767049064d24fb3,2026-09-23T09:10:15.703572+00:00,robustness,robust-s3-payload-128,Dolt,ok,measured,7,1,20261111,10000,10,100,spread,128,00468bb59bc711ef40746bc320a2ceafb79273bf7acde4f7a326e4227fba18e0,dolt-native,dolt-native,4096,1071.8546,750.1457,329.3344,242.9539,3268192,1410000,2.3178666666666667,1858192,,not sampled,,158359552,"external parent process-tree RSS sampler (psutil, 10 ms; isolated trial)",,not exposed by Dolt CLI,956,True,,3.14.3,Windows-11-10.0.26200-SP0,dolt version 2.3.1 Warning: you are on an old version of Dolt. The newest version is 2.3.5.
4396fe06d7624623b767049064d24fb3,2026-09-23T09:10:16.890647+00:00,robustness,robust-s3-payload-128,Revon-H,ok,measured,7,2,20261111,10000,10,100,spread,128,00468bb59bc711ef40746bc320a2ceafb79273bf7acde4f7a326e4227fba18e0,hybrid,log,4096,177.3124,36.67755,6.1471,16.49,7626752,1410000,5.409043971631205,6216752,,not sampled,,53104640,"external parent process-tree RSS sampler (psutil, 10 ms; isolated trial)",1000,log operations,956,True,,3.14.3,Windows-11-10.0.26200-SP0,
4396fe06d7624623b767049064d24fb3,2026-09-23T09:10:18.078574+00:00,robustness,robust-s3-payload-128,Revon-M (forced Merkle),ok,measured,7,3,20261111,10000,10,100,spread,128,00468bb59bc711ef40746bc320a2ceafb79273bf7acde4f7a326e4227fba18e0,merkle,merkle,4096,190.65,38.004000000000005,11.0349,22.3133,7651328,1410000,5.4264737588652485,6241328,,not sampled,,52961280,"external parent process-tree RSS sampler (psutil, 10 ms; isolated trial)",3814,tree node pairs,956,True,,3.14.3,Windows-11-10.0.26200-SP0,
4396fe06d7624623b767049064d24fb3,2026-09-23T09:10:21.818635+00:00,robustness,robust-s3-history-50,Revon-M (forced Merkle),ok,warmup,1,1,20261111,10000,50,100,spread,32,b2c7870091a33fac328851b89a4967bea47d326303c94ddb06cfa6dac1fb1c83,merkle,merkle,4096,145.1715,43.5877,45.5265,22.9252,11689984,450000,25.977742222222222,11239984,,not sampled,,67657728,"external parent process-tree RSS sampler (psutil, 10 ms; isolated trial)",4315,tree node pairs,3925,True,,3.14.3,Windows-11-10.0.26200-SP0,
4396fe06d7624623b767049064d24fb3,2026-09-23T09:10:59.952088+00:00,robustness,robust-s3-history-50,Dolt,ok,warmup,1,2,20261111,10000,50,100,spread,32,b2c7870091a33fac328851b89a4967bea47d326303c94ddb06cfa6dac1fb1c83,dolt-native,dolt-native,4096,842.0777,676.5216499999999,390.4329,260.5127,12943726,450000,28.763835555555556,12493726,,not sampled,,163950592,"external parent process-tree RSS sampler (psutil, 10 ms; isolated trial)",,not exposed by Dolt CLI,3925,True,,3.14.3,Windows-11-10.0.26200-SP0,dolt version 2.3.1 Warning: you are on an old version of Dolt. The newest version is 2.3.5.
4396fe06d7624623b767049064d24fb3,2026-09-23T09:11:04.212659+00:00,robustness,robust-s3-history-50,Revon-H,ok,warmup,1,3,20261111,10000,50,100,spread,32,b2c7870091a33fac328851b89a4967bea47d326303c94ddb06cfa6dac1fb1c83,hybrid,merkle,4096,161.0207,46.819500000000005,64.6907,30.3087,11677696,450000,25.950435555555554,11227696,,not sampled,,68153344,"external parent process-tree RSS sampler (psutil, 10 ms; isolated trial)",4315,tree node pairs,3925,True,,3.14.3,Windows-11-10.0.26200-SP0,
4396fe06d7624623b767049064d24fb3,2026-09-23T09:11:43.744266+00:00,robustness,robust-s3-history-50,Dolt,ok,warmup,2,1,20261111,10000,50,100,spread,32,b2c7870091a33fac328851b89a4967bea47d326303c94ddb06cfa6dac1fb1c83,dolt-native,dolt-native,4096,793.4571,710.7072000000001,420.4715,294.9998,12944457,450000,28.76546,12494457,,not sampled,,163094528,"external parent process-tree RSS sampler (psutil, 10 ms; isolated trial)",,not exposed by Dolt CLI,3925,True,,3.14.3,Windows-11-10.0.26200-SP0,dolt version 2.3.1 Warning: you are on an old version of Dolt. The newest version is 2.3.5.
4396fe06d7624623b767049064d24fb3,2026-09-23T09:11:47.919717+00:00,robustness,robust-s3-history-50,Revon-H,ok,warmup,2,2,20261111,10000,50,100,spread,32,b2c7870091a33fac328851b89a4967bea47d326303c94ddb06cfa6dac1fb1c83,hybrid,merkle,4096,179.2104,44.90235,48.054,23.5053,11755520,450000,26.123377777777776,11305520,,not sampled,,67952640,"external parent process-tree RSS sampler (psutil, 10 ms; isolated trial)",4315,tree node pairs,3925,True,,3.14.3,Windows-11-10.0.26200-SP0,
4396fe06d7624623b767049064d24fb3,2026-09-23T09:11:51.868723+00:00,robustness,robust-s3-history-50,Revon-M (forced Merkle),ok,warmup,2,3,20261111,10000,50,100,spread,32,b2c7870091a33fac328851b89a4967bea47d326303c94ddb06cfa6dac1fb1c83,merkle,merkle,4096,148.515,44.1392,44.7078,23.8268,11735040,450000,26.077866666666665,11285040,,not sampled,,67907584,"external parent process-tree RSS sampler (psutil, 10 ms; isolated trial)",4315,tree node pairs,3925,True,,3.14.3,Windows-11-10.0.26200-SP0,
4396fe06d7624623b767049064d24fb3,2026-09-23T09:11:55.422766+00:00,robustness,robust-s3-history-50,Revon-M (forced Merkle),ok,measured,1,1,20261111,10000,50,100,spread,32,b2c7870091a33fac328851b89a4967bea47d326303c94ddb06cfa6dac1fb1c83,merkle,merkle,4096,136.8684,42.40375,45.7587,22.4651,11759616,450000,26.13248,11309616,,not sampled,,67829760,"external parent process-tree RSS sampler (psutil, 10 ms; isolated trial)",4315,tree node pairs,3925,True,,3.14.3,Windows-11-10.0.26200-SP0,
4396fe06d7624623b767049064d24fb3,2026-09-23T09:12:36.965690+00:00,robustness,robust-s3-history-50,Dolt,ok,measured,1,2,20261111,10000,50,100,spread,32,b2c7870091a33fac328851b89a4967bea47d326303c94ddb06cfa6dac1fb1c83,dolt-native,dolt-native,4096,905.3971,740.1439,463.3001,269.4149,12943155,450000,28.762566666666668,12493155,,not sampled,,163733504,"external parent process-tree RSS sampler (psutil, 10 ms; isolated trial)",,not exposed by Dolt CLI,3925,True,,3.14.3,Windows-11-10.0.26200-SP0,dolt version 2.3.1 Warning: you are on an old version of Dolt. The newest version is 2.3.5.
4396fe06d7624623b767049064d24fb3,2026-09-23T09:12:41.335370+00:00,robustness,robust-s3-history-50,Revon-H,ok,measured,1,3,20261111,10000,50,100,spread,32,b2c7870091a33fac328851b89a4967bea47d326303c94ddb06cfa6dac1fb1c83,hybrid,merkle,4096,185.0279,48.6212,50.4804,28.4937,11689984,450000,25.977742222222222,11239984,,not sampled,,67776512,"external parent process-tree RSS sampler (psutil, 10 ms; isolated trial)",4315,tree node pairs,3925,True,,3.14.3,Windows-11-10.0.26200-SP0,
4396fe06d7624623b767049064d24fb3,2026-09-23T09:13:24.223132+00:00,robustness,robust-s3-history-50,Dolt,ok,measured,2,1,20261111,10000,50,100,spread,32,b2c7870091a33fac328851b89a4967bea47d326303c94ddb06cfa6dac1fb1c83,dolt-native,dolt-native,4096,827.4764,769.17365,414.5912,258.6745,12942692,450000,28.76153777777778,12492692,,not sampled,,164073472,"external parent process-tree RSS sampler (psutil, 10 ms; isolated trial)",,not exposed by Dolt CLI,3925,True,,3.14.3,Windows-11-10.0.26200-SP0,dolt version 2.3.1 Warning: you are on an old version of Dolt. The newest version is 2.3.5.
4396fe06d7624623b767049064d24fb3,2026-09-23T09:13:28.507412+00:00,robustness,robust-s3-history-50,Revon-H,ok,measured,2,2,20261111,10000,50,100,spread,32,b2c7870091a33fac328851b89a4967bea47d326303c94ddb06cfa6dac1fb1c83,hybrid,merkle,4096,172.5845,49.7642,51.1909,26.4157,11657216,450000,25.904924444444443,11207216,,not sampled,,68050944,"external parent process-tree RSS sampler (psutil, 10 ms; isolated trial)",4315,tree node pairs,3925,True,,3.14.3,Windows-11-10.0.26200-SP0,
4396fe06d7624623b767049064d24fb3,2026-09-23T09:13:32.155015+00:00,robustness,robust-s3-history-50,Revon-M (forced Merkle),ok,measured,2,3,20261111,10000,50,100,spread,32,b2c7870091a33fac328851b89a4967bea47d326303c94ddb06cfa6dac1fb1c83,merkle,merkle,4096,149.4051,42.0565,47.7715,23.4374,11771904,450000,26.159786666666665,11321904,,not sampled,,67637248,"external parent process-tree RSS sampler (psutil, 10 ms; isolated trial)",4315,tree node pairs,3925,True,,3.14.3,Windows-11-10.0.26200-SP0,
4396fe06d7624623b767049064d24fb3,2026-09-23T09:13:36.676422+00:00,robustness,robust-s3-history-50,Revon-H,ok,measured,3,1,20261111,10000,50,100,spread,32,b2c7870091a33fac328851b89a4967bea47d326303c94ddb06cfa6dac1fb1c83,hybrid,merkle,4096,139.8329,46.2538,52.3854,31.0496,11722752,450000,26.05056,11272752,,not sampled,,68939776,"external parent process-tree RSS sampler (psutil, 10 ms; isolated trial)",4315,tree node pairs,3925,True,,3.14.3,Windows-11-10.0.26200-SP0,
4396fe06d7624623b767049064d24fb3,2026-09-23T09:13:40.731214+00:00,robustness,robust-s3-history-50,Revon-M (forced Merkle),ok,measured,3,2,20261111,10000,50,100,spread,32,b2c7870091a33fac328851b89a4967bea47d326303c94ddb06cfa6dac1fb1c83,merkle,merkle,4096,158.7861,44.31055,51.9838,25.2564,11763712,450000,26.141582222222222,11313712,,not sampled,,67665920,"external parent process-tree RSS sampler (psutil, 10 ms; isolated trial)",4315,tree node pairs,3925,True,,3.14.3,Windows-11-10.0.26200-SP0,
4396fe06d7624623b767049064d24fb3,2026-09-23T09:14:22.576230+00:00,robustness,robust-s3-history-50,Dolt,ok,measured,3,3,20261111,10000,50,100,spread,32,b2c7870091a33fac328851b89a4967bea47d326303c94ddb06cfa6dac1fb1c83,dolt-native,dolt-native,4096,703.3082,748.5740499999999,438.6361,318.9014,12942985,450000,28.76218888888889,12492985,,not sampled,,163229696,"external parent process-tree RSS sampler (psutil, 10 ms; isolated trial)",,not exposed by Dolt CLI,3925,True,,3.14.3,Windows-11-10.0.26200-SP0,dolt version 2.3.1 Warning: you are on an old version of Dolt. The newest version is 2.3.5.
4396fe06d7624623b767049064d24fb3,2026-09-23T09:14:27.800696+00:00,robustness,robust-s3-history-50,Revon-M (forced Merkle),ok,measured,4,1,20261111,10000,50,100,spread,32,b2c7870091a33fac328851b89a4967bea47d326303c94ddb06cfa6dac1fb1c83,merkle,merkle,4096,196.6337,56.96855,41.738,20.5001,11710464,450000,26.023253333333333,11260464,,not sampled,,68214784,"external parent process-tree RSS sampler (psutil, 10 ms; isolated trial)",4315,tree node pairs,3925,True,,3.14.3,Windows-11-10.0.26200-SP0,
4396fe06d7624623b767049064d24fb3,2026-09-23T09:15:08.762073+00:00,robustness,robust-s3-history-50,Dolt,ok,measured,4,2,20261111,10000,50,100,spread,32,b2c7870091a33fac328851b89a4967bea47d326303c94ddb06cfa6dac1fb1c83,dolt-native,dolt-native,4096,779.9723,739.28235,442.8567,280.9469,12944172,450000,28.764826666666668,12494172,,not sampled,,172646400,"external parent process-tree RSS sampler (psutil, 10 ms; isolated trial)",,not exposed by Dolt CLI,3925,True,,3.14.3,Windows-11-10.0.26200-SP0,dolt version 2.3.1 Warning: you are on an old version of Dolt. The newest version is 2.3.5.
4396fe06d7624623b767049064d24fb3,2026-09-23T09:15:13.804010+00:00,robustness,robust-s3-history-50,Revon-H,ok,measured,4,3,20261111,10000,50,100,spread,32,b2c7870091a33fac328851b89a4967bea47d326303c94ddb06cfa6dac1fb1c83,hybrid,merkle,4096,166.7948,57.624849999999995,46.231,25.41,11661312,450000,25.91402666666667,11211312,,not sampled,,67932160,"external parent process-tree RSS sampler (psutil, 10 ms; isolated trial)",4315,tree node pairs,3925,True,,3.14.3,Windows-11-10.0.26200-SP0,
4396fe06d7624623b767049064d24fb3,2026-09-23T09:15:51.881151+00:00,robustness,robust-s3-history-50,Dolt,ok,measured,5,1,20261111,10000,50,100,spread,32,b2c7870091a33fac328851b89a4967bea47d326303c94ddb06cfa6dac1fb1c83,dolt-native,dolt-native,4096,679.2132,693.8804,401.6627,257.0046,12943517,450000,28.763371111111113,12493517,,not sampled,,163586048,"external parent process-tree RSS sampler (psutil, 10 ms; isolated trial)",,not exposed by Dolt CLI,3925,True,,3.14.3,Windows-11-10.0.26200-SP0,dolt version 2.3.1 Warning: you are on an old version of Dolt. The newest version is 2.3.5.
4396fe06d7624623b767049064d24fb3,2026-09-23T09:15:56.241037+00:00,robustness,robust-s3-history-50,Revon-H,ok,measured,5,2,20261111,10000,50,100,spread,32,b2c7870091a33fac328851b89a4967bea47d326303c94ddb06cfa6dac1fb1c83,hybrid,merkle,4096,150.2577,47.75305,54.4948,24.9707,11792384,450000,26.205297777777776,11342384,,not sampled,,67940352,"external parent process-tree RSS sampler (psutil, 10 ms; isolated trial)",4315,tree node pairs,3925,True,,3.14.3,Windows-11-10.0.26200-SP0,
4396fe06d7624623b767049064d24fb3,2026-09-23T09:16:00.060907+00:00,robustness,robust-s3-history-50,Revon-M (forced Merkle),ok,measured,5,3,20261111,10000,50,100,spread,32,b2c7870091a33fac328851b89a4967bea47d326303c94ddb06cfa6dac1fb1c83,merkle,merkle,4096,156.3066,42.40085,47.6956,23.942,11677696,450000,25.950435555555554,11227696,,not sampled,,67973120,"external parent process-tree RSS sampler (psutil, 10 ms; isolated trial)",4315,tree node pairs,3925,True,,3.14.3,Windows-11-10.0.26200-SP0,
4396fe06d7624623b767049064d24fb3,2026-09-23T09:16:03.569669+00:00,robustness,robust-s3-history-50,Revon-H,ok,measured,6,1,20261111,10000,50,100,spread,32,b2c7870091a33fac328851b89a4967bea47d326303c94ddb06cfa6dac1fb1c83,hybrid,merkle,4096,139.2709,41.820049999999995,44.6367,21.3675,11722752,450000,26.05056,11272752,,not sampled,,67985408,"external parent process-tree RSS sampler (psutil, 10 ms; isolated trial)",4315,tree node pairs,3925,True,,3.14.3,Windows-11-10.0.26200-SP0,
4396fe06d7624623b767049064d24fb3,2026-09-23T09:16:08.268783+00:00,robustness,robust-s3-history-50,Revon-M (forced Merkle),ok,measured,6,2,20261111,10000,50,100,spread,32,b2c7870091a33fac328851b89a4967bea47d326303c94ddb06cfa6dac1fb1c83,merkle,merkle,4096,147.3022,45.69425,48.9072,24.3562,11763712,450000,26.141582222222222,11313712,,not sampled,,67891200,"external parent process-tree RSS sampler (psutil, 10 ms; isolated trial)",4315,tree node pairs,3925,True,,3.14.3,Windows-11-10.0.26200-SP0,
4396fe06d7624623b767049064d24fb3,2026-09-23T09:16:47.685278+00:00,robustness,robust-s3-history-50,Dolt,ok,measured,6,3,20261111,10000,50,100,spread,32,b2c7870091a33fac328851b89a4967bea47d326303c94ddb06cfa6dac1fb1c83,dolt-native,dolt-native,4096,688.1331,711.0271,325.5055,356.6315,12943049,450000,28.762331111111113,12493049,,not sampled,,171147264,"external parent process-tree RSS sampler (psutil, 10 ms; isolated trial)",,not exposed by Dolt CLI,3925,True,,3.14.3,Windows-11-10.0.26200-SP0,dolt version 2.3.1 Warning: you are on an old version of Dolt. The newest version is 2.3.5.
4396fe06d7624623b767049064d24fb3,2026-09-23T09:16:52.123868+00:00,robustness,robust-s3-history-50,Revon-M (forced Merkle),ok,measured,7,1,20261111,10000,50,100,spread,32,b2c7870091a33fac328851b89a4967bea47d326303c94ddb06cfa6dac1fb1c83,merkle,merkle,4096,151.4546,48.51835,46.8442,24.1394,11739136,450000,26.08696888888889,11289136,,not sampled,,67919872,"external parent process-tree RSS sampler (psutil, 10 ms; isolated trial)",4315,tree node pairs,3925,True,,3.14.3,Windows-11-10.0.26200-SP0,
4396fe06d7624623b767049064d24fb3,2026-09-23T09:17:29.910975+00:00,robustness,robust-s3-history-50,Dolt,ok,measured,7,2,20261111,10000,50,100,spread,32,b2c7870091a33fac328851b89a4967bea47d326303c94ddb06cfa6dac1fb1c83,dolt-native,dolt-native,4096,697.849,674.8992000000001,377.4275,258.0463,12943503,450000,28.76334,12493503,,not sampled,,164089856,"external parent process-tree RSS sampler (psutil, 10 ms; isolated trial)",,not exposed by Dolt CLI,3925,True,,3.14.3,Windows-11-10.0.26200-SP0,dolt version 2.3.1 Warning: you are on an old version of Dolt. The newest version is 2.3.5.
4396fe06d7624623b767049064d24fb3,2026-09-23T09:17:34.178376+00:00,robustness,robust-s3-history-50,Revon-H,ok,measured,7,3,20261111,10000,50,100,spread,32,b2c7870091a33fac328851b89a4967bea47d326303c94ddb06cfa6dac1fb1c83,hybrid,merkle,4096,166.5326,51.45255,49.4003,25.1167,11730944,450000,26.068764444444444,11280944,,not sampled,,68259840,"external parent process-tree RSS sampler (psutil, 10 ms; isolated trial)",4315,tree node pairs,3925,True,,3.14.3,Windows-11-10.0.26200-SP0,
4396fe06d7624623b767049064d24fb3,2026-09-23T09:17:35.390154+00:00,robustness,robust-s3-range-local,Revon-M (forced Merkle),ok,warmup,1,1,20261111,10000,10,100,range-local,32,aba73e54364bc1f29c6dcaabd365c805c362421b0aa86d7321d244dd56c3d58d,merkle,merkle,4096,286.4043,28.1177,8.2982,9.3454,4468736,450000,9.930524444444444,4018736,,not sampled,,48955392,"external parent process-tree RSS sampler (psutil, 10 ms; isolated trial)",3792,tree node pairs,1000,True,,3.14.3,Windows-11-10.0.26200-SP0,
4396fe06d7624623b767049064d24fb3,2026-09-23T09:17:44.240258+00:00,robustness,robust-s3-range-local,Dolt,ok,warmup,1,2,20261111,10000,10,100,range-local,32,aba73e54364bc1f29c6dcaabd365c805c362421b0aa86d7321d244dd56c3d58d,dolt-native,dolt-native,4096,700.8907,631.9925499999999,233.7987,245.0406,763624,450000,1.6969422222222221,313624,,not sampled,,153407488,"external parent process-tree RSS sampler (psutil, 10 ms; isolated trial)",,not exposed by Dolt CLI,1000,True,,3.14.3,Windows-11-10.0.26200-SP0,dolt version 2.3.1 Warning: you are on an old version of Dolt. The newest version is 2.3.5.
4396fe06d7624623b767049064d24fb3,2026-09-23T09:17:45.310181+00:00,robustness,robust-s3-range-local,Revon-H,ok,warmup,1,3,20261111,10000,10,100,range-local,32,aba73e54364bc1f29c6dcaabd365c805c362421b0aa86d7321d244dd56c3d58d,hybrid,log,4096,186.373,33.04805,6.8776,12.2713,4460544,450000,9.91232,4010544,,not sampled,,48951296,"external parent process-tree RSS sampler (psutil, 10 ms; isolated trial)",1000,log operations,1000,True,,3.14.3,Windows-11-10.0.26200-SP0,
4396fe06d7624623b767049064d24fb3,2026-09-23T09:17:53.992277+00:00,robustness,robust-s3-range-local,Dolt,ok,warmup,2,1,20261111,10000,10,100,range-local,32,aba73e54364bc1f29c6dcaabd365c805c362421b0aa86d7321d244dd56c3d58d,dolt-native,dolt-native,4096,788.8262,616.8776,223.7417,210.8297,763871,450000,1.697491111111111,313871,,not sampled,,160292864,"external parent process-tree RSS sampler (psutil, 10 ms; isolated trial)",,not exposed by Dolt CLI,1000,True,,3.14.3,Windows-11-10.0.26200-SP0,dolt version 2.3.1 Warning: you are on an old version of Dolt. The newest version is 2.3.5.
4396fe06d7624623b767049064d24fb3,2026-09-23T09:17:55.155850+00:00,robustness,robust-s3-range-local,Revon-H,ok,warmup,2,2,20261111,10000,10,100,range-local,32,aba73e54364bc1f29c6dcaabd365c805c362421b0aa86d7321d244dd56c3d58d,hybrid,log,4096,142.4676,29.6812,5.9066,8.8108,4497408,450000,9.99424,4047408,,not sampled,,48463872,"external parent process-tree RSS sampler (psutil, 10 ms; isolated trial)",1000,log operations,1000,True,,3.14.3,Windows-11-10.0.26200-SP0,
4396fe06d7624623b767049064d24fb3,2026-09-23T09:17:56.072245+00:00,robustness,robust-s3-range-local,Revon-M (forced Merkle),ok,warmup,2,3,20261111,10000,10,100,range-local,32,aba73e54364bc1f29c6dcaabd365c805c362421b0aa86d7321d244dd56c3d58d,merkle,merkle,4096,152.2044,27.09565,9.9581,9.872,4460544,450000,9.91232,4010544,,not sampled,,48537600,"external parent process-tree RSS sampler (psutil, 10 ms; isolated trial)",3792,tree node pairs,1000,True,,3.14.3,Windows-11-10.0.26200-SP0,
4396fe06d7624623b767049064d24fb3,2026-09-23T09:18:04.867183+00:00,robustness,robust-s3-range-local,Dolt,ok,measured,1,1,20261111,10000,10,100,range-local,32,aba73e54364bc1f29c6dcaabd365c805c362421b0aa86d7321d244dd56c3d58d,dolt-native,dolt-native,4096,747.0839,605.3144,302.7105,274.0886,764264,450000,1.6983644444444443,314264,,not sampled,,160710656,"external parent process-tree RSS sampler (psutil, 10 ms; isolated trial)",,not exposed by Dolt CLI,1000,True,,3.14.3,Windows-11-10.0.26200-SP0,dolt version 2.3.1 Warning: you are on an old version of Dolt. The newest version is 2.3.5.
4396fe06d7624623b767049064d24fb3,2026-09-23T09:18:06.122530+00:00,robustness,robust-s3-range-local,Revon-M (forced Merkle),ok,measured,1,2,20261111,10000,10,100,range-local,32,aba73e54364bc1f29c6dcaabd365c805c362421b0aa86d7321d244dd56c3d58d,merkle,merkle,4096,168.7974,38.139250000000004,11.4155,12.4325,4456448,450000,9.903217777777778,4006448,,not sampled,,48754688,"external parent process-tree RSS sampler (psutil, 10 ms; isolated trial)",3792,tree node pairs,1000,True,,3.14.3,Windows-11-10.0.26200-SP0,
4396fe06d7624623b767049064d24fb3,2026-09-23T09:18:07.385036+00:00,robustness,robust-s3-range-local,Revon-H,ok,measured,1,3,20261111,10000,10,100,range-local,32,aba73e54364bc1f29c6dcaabd365c805c362421b0aa86d7321d244dd56c3d58d,hybrid,log,4096,200.3294,36.7184,12.6294,13.6266,4509696,450000,10.021546666666667,4059696,,not sampled,,49016832,"external parent process-tree RSS sampler (psutil, 10 ms; isolated trial)",1000,log operations,1000,True,,3.14.3,Windows-11-10.0.26200-SP0,
4396fe06d7624623b767049064d24fb3,2026-09-23T09:18:08.448816+00:00,robustness,robust-s3-range-local,Revon-M (forced Merkle),ok,measured,2,1,20261111,10000,10,100,range-local,32,aba73e54364bc1f29c6dcaabd365c805c362421b0aa86d7321d244dd56c3d58d,merkle,merkle,4096,179.0303,30.22885,10.7072,11.8072,4493312,450000,9.985137777777778,4043312,,not sampled,,48840704,"external parent process-tree RSS sampler (psutil, 10 ms; isolated trial)",3792,tree node pairs,1000,True,,3.14.3,Windows-11-10.0.26200-SP0,
4396fe06d7624623b767049064d24fb3,2026-09-23T09:18:09.576739+00:00,robustness,robust-s3-range-local,Revon-H,ok,measured,2,2,20261111,10000,10,100,range-local,32,aba73e54364bc1f29c6dcaabd365c805c362421b0aa86d7321d244dd56c3d58d,hybrid,log,4096,204.5887,34.8581,6.7245,10.5665,4419584,450000,9.821297777777778,3969584,,not sampled,,48652288,"external parent process-tree RSS sampler (psutil, 10 ms; isolated trial)",1000,log operations,1000,True,,3.14.3,Windows-11-10.0.26200-SP0,
4396fe06d7624623b767049064d24fb3,2026-09-23T09:18:18.752941+00:00,robustness,robust-s3-range-local,Dolt,ok,measured,2,3,20261111,10000,10,100,range-local,32,aba73e54364bc1f29c6dcaabd365c805c362421b0aa86d7321d244dd56c3d58d,dolt-native,dolt-native,4096,765.0111,631.52385,266.3409,282.1635,764302,450000,1.698448888888889,314302,,not sampled,,149454848,"external parent process-tree RSS sampler (psutil, 10 ms; isolated trial)",,not exposed by Dolt CLI,1000,True,,3.14.3,Windows-11-10.0.26200-SP0,dolt version 2.3.1 Warning: you are on an old version of Dolt. The newest version is 2.3.5.
4396fe06d7624623b767049064d24fb3,2026-09-23T09:18:19.782674+00:00,robustness,robust-s3-range-local,Revon-H,ok,measured,3,1,20261111,10000,10,100,range-local,32,aba73e54364bc1f29c6dcaabd365c805c362421b0aa86d7321d244dd56c3d58d,hybrid,log,4096,171.8634,27.808149999999998,6.2826,9.8414,4472832,450000,9.939626666666667,4022832,,not sampled,,48861184,"external parent process-tree RSS sampler (psutil, 10 ms; isolated trial)",1000,log operations,1000,True,,3.14.3,Windows-11-10.0.26200-SP0,
4396fe06d7624623b767049064d24fb3,2026-09-23T09:18:28.690476+00:00,robustness,robust-s3-range-local,Dolt,ok,measured,3,2,20261111,10000,10,100,range-local,32,aba73e54364bc1f29c6dcaabd365c805c362421b0aa86d7321d244dd56c3d58d,dolt-native,dolt-native,4096,677.142,630.7087,242.4451,277.6776,763829,450000,1.6973977777777778,313829,,not sampled,,150478848,"external parent process-tree RSS sampler (psutil, 10 ms; isolated trial)",,not exposed by Dolt CLI,1000,True,,3.14.3,Windows-11-10.0.26200-SP0,dolt version 2.3.1 Warning: you are on an old version of Dolt. The newest version is 2.3.5.
4396fe06d7624623b767049064d24fb3,2026-09-23T09:18:29.706976+00:00,robustness,robust-s3-range-local,Revon-M (forced Merkle),ok,measured,3,3,20261111,10000,10,100,range-local,32,aba73e54364bc1f29c6dcaabd365c805c362421b0aa86d7321d244dd56c3d58d,merkle,merkle,4096,146.7422,28.1375,9.8654,10.2237,4493312,450000,9.985137777777778,4043312,,not sampled,,49516544,"external parent process-tree RSS sampler (psutil, 10 ms; isolated trial)",3792,tree node pairs,1000,True,,3.14.3,Windows-11-10.0.26200-SP0,
4396fe06d7624623b767049064d24fb3,2026-09-23T09:18:39.050733+00:00,robustness,robust-s3-range-local,Dolt,ok,measured,4,1,20261111,10000,10,100,range-local,32,aba73e54364bc1f29c6dcaabd365c805c362421b0aa86d7321d244dd56c3d58d,dolt-native,dolt-native,4096,775.7845,671.2572,246.7975,284.0296,764111,450000,1.6980244444444443,314111,,not sampled,,157835264,"external parent process-tree RSS sampler (psutil, 10 ms; isolated trial)",,not exposed by Dolt CLI,1000,True,,3.14.3,Windows-11-10.0.26200-SP0,dolt version 2.3.1 Warning: you are on an old version of Dolt. The newest version is 2.3.5.
4396fe06d7624623b767049064d24fb3,2026-09-23T09:18:40.273825+00:00,robustness,robust-s3-range-local,Revon-M (forced Merkle),ok,measured,4,2,20261111,10000,10,100,range-local,32,aba73e54364bc1f29c6dcaabd365c805c362421b0aa86d7321d244dd56c3d58d,merkle,merkle,4096,151.0086,32.142250000000004,8.307,9.0553,4460544,450000,9.91232,4010544,,not sampled,,49115136,"external parent process-tree RSS sampler (psutil, 10 ms; isolated trial)",3792,tree node pairs,1000,True,,3.14.3,Windows-11-10.0.26200-SP0,
4396fe06d7624623b767049064d24fb3,2026-09-23T09:18:41.225258+00:00,robustness,robust-s3-range-local,Revon-H,ok,measured,4,3,20261111,10000,10,100,range-local,32,aba73e54364bc1f29c6dcaabd365c805c362421b0aa86d7321d244dd56c3d58d,hybrid,log,4096,148.2023,30.066000000000003,6.5823,14.7594,4497408,450000,9.99424,4047408,,not sampled,,49156096,"external parent process-tree RSS sampler (psutil, 10 ms; isolated trial)",1000,log operations,1000,True,,3.14.3,Windows-11-10.0.26200-SP0,
4396fe06d7624623b767049064d24fb3,2026-09-23T09:18:42.208312+00:00,robustness,robust-s3-range-local,Revon-M (forced Merkle),ok,measured,5,1,20261111,10000,10,100,range-local,32,aba73e54364bc1f29c6dcaabd365c805c362421b0aa86d7321d244dd56c3d58d,merkle,merkle,4096,138.8369,30.9162,12.1864,12.6553,4489216,450000,9.976035555555555,4039216,,not sampled,,49270784,"external parent process-tree RSS sampler (psutil, 10 ms; isolated trial)",3792,tree node pairs,1000,True,,3.14.3,Windows-11-10.0.26200-SP0,
4396fe06d7624623b767049064d24fb3,2026-09-23T09:18:43.185203+00:00,robustness,robust-s3-range-local,Revon-H,ok,measured,5,2,20261111,10000,10,100,range-local,32,aba73e54364bc1f29c6dcaabd365c805c362421b0aa86d7321d244dd56c3d58d,hybrid,log,4096,168.0116,26.7117,6.1605,11.265,4481024,450000,9.957831111111112,4031024,,not sampled,,48275456,"external parent process-tree RSS sampler (psutil, 10 ms; isolated trial)",1000,log operations,1000,True,,3.14.3,Windows-11-10.0.26200-SP0,
4396fe06d7624623b767049064d24fb3,2026-09-23T09:18:52.105365+00:00,robustness,robust-s3-range-local,Dolt,ok,measured,5,3,20261111,10000,10,100,range-local,32,aba73e54364bc1f29c6dcaabd365c805c362421b0aa86d7321d244dd56c3d58d,dolt-native,dolt-native,4096,713.4222,634.4418000000001,221.2773,206.1696,764096,450000,1.697991111111111,314096,,not sampled,,151007232,"external parent process-tree RSS sampler (psutil, 10 ms; isolated trial)",,not exposed by Dolt CLI,1000,True,,3.14.3,Windows-11-10.0.26200-SP0,dolt version 2.3.1 Warning: you are on an old version of Dolt. The newest version is 2.3.5.
4396fe06d7624623b767049064d24fb3,2026-09-23T09:18:53.163786+00:00,robustness,robust-s3-range-local,Revon-H,ok,measured,6,1,20261111,10000,10,100,range-local,32,aba73e54364bc1f29c6dcaabd365c805c362421b0aa86d7321d244dd56c3d58d,hybrid,log,4096,145.6356,27.2374,6.1925,10.9742,4476928,450000,9.948728888888889,4026928,,not sampled,,49176576,"external parent process-tree RSS sampler (psutil, 10 ms; isolated trial)",1000,log operations,1000,True,,3.14.3,Windows-11-10.0.26200-SP0,
4396fe06d7624623b767049064d24fb3,2026-09-23T09:19:02.203486+00:00,robustness,robust-s3-range-local,Dolt,ok,measured,6,2,20261111,10000,10,100,range-local,32,aba73e54364bc1f29c6dcaabd365c805c362421b0aa86d7321d244dd56c3d58d,dolt-native,dolt-native,4096,693.5739,618.13245,263.8056,270.1038,764342,450000,1.6985377777777777,314342,,not sampled,,152813568,"external parent process-tree RSS sampler (psutil, 10 ms; isolated trial)",,not exposed by Dolt CLI,1000,True,,3.14.3,Windows-11-10.0.26200-SP0,dolt version 2.3.1 Warning: you are on an old version of Dolt. The newest version is 2.3.5.
4396fe06d7624623b767049064d24fb3,2026-09-23T09:19:03.291700+00:00,robustness,robust-s3-range-local,Revon-M (forced Merkle),ok,measured,6,3,20261111,10000,10,100,range-local,32,aba73e54364bc1f29c6dcaabd365c805c362421b0aa86d7321d244dd56c3d58d,merkle,merkle,4096,169.779,30.7319,9.3738,10.818,4460544,450000,9.91232,4010544,,not sampled,,49053696,"external parent process-tree RSS sampler (psutil, 10 ms; isolated trial)",3792,tree node pairs,1000,True,,3.14.3,Windows-11-10.0.26200-SP0,
4396fe06d7624623b767049064d24fb3,2026-09-23T09:19:14.504957+00:00,robustness,robust-s3-range-local,Dolt,ok,measured,7,1,20261111,10000,10,100,range-local,32,aba73e54364bc1f29c6dcaabd365c805c362421b0aa86d7321d244dd56c3d58d,dolt-native,dolt-native,4096,994.1355,794.1051500000001,301.685,280.2338,764761,450000,1.699468888888889,314761,,not sampled,,154927104,"external parent process-tree RSS sampler (psutil, 10 ms; isolated trial)",,not exposed by Dolt CLI,1000,True,,3.14.3,Windows-11-10.0.26200-SP0,dolt version 2.3.1 Warning: you are on an old version of Dolt. The newest version is 2.3.5.
4396fe06d7624623b767049064d24fb3,2026-09-23T09:19:15.727561+00:00,robustness,robust-s3-range-local,Revon-M (forced Merkle),ok,measured,7,2,20261111,10000,10,100,range-local,32,aba73e54364bc1f29c6dcaabd365c805c362421b0aa86d7321d244dd56c3d58d,merkle,merkle,4096,184.5882,34.9294,10.573,11.4818,4460544,450000,9.91232,4010544,,not sampled,,48062464,"external parent process-tree RSS sampler (psutil, 10 ms; isolated trial)",3792,tree node pairs,1000,True,,3.14.3,Windows-11-10.0.26200-SP0,
4396fe06d7624623b767049064d24fb3,2026-09-23T09:19:16.790929+00:00,robustness,robust-s3-range-local,Revon-H,ok,measured,7,3,20261111,10000,10,100,range-local,32,aba73e54364bc1f29c6dcaabd365c805c362421b0aa86d7321d244dd56c3d58d,hybrid,log,4096,155.2634,25.968049999999998,5.6413,11.4342,4476928,450000,9.948728888888889,4026928,,not sampled,,49090560,"external parent process-tree RSS sampler (psutil, 10 ms; isolated trial)",1000,log operations,1000,True,,3.14.3,Windows-11-10.0.26200-SP0,
4396fe06d7624623b767049064d24fb3,2026-09-23T09:19:17.834116+00:00,robustness,robust-s3-repeated-key,Revon-M (forced Merkle),ok,warmup,1,1,20261111,10000,10,100,repeated-key,32,b8cefcb0697c69a0f102a14ba03b3e61cd0dd0d38149744b2b20ec330338e81a,merkle,merkle,4096,167.7938,29.070500000000003,1.9232,10.7303,4526080,450000,10.057955555555555,4076080,,not sampled,,48074752,"external parent process-tree RSS sampler (psutil, 10 ms; isolated trial)",1875,tree node pairs,216,True,,3.14.3,Windows-11-10.0.26200-SP0,
4396fe06d7624623b767049064d24fb3,2026-09-23T09:19:27.366125+00:00,robustness,robust-s3-repeated-key,Dolt,ok,warmup,1,2,20261111,10000,10,100,repeated-key,32,b8cefcb0697c69a0f102a14ba03b3e61cd0dd0d38149744b2b20ec330338e81a,dolt-native,dolt-native,4096,780.308,665.9063000000001,242.2189,242.8861,803935,450000,1.7865222222222221,353935,,not sampled,,146907136,"external parent process-tree RSS sampler (psutil, 10 ms; isolated trial)",,not exposed by Dolt CLI,216,True,,3.14.3,Windows-11-10.0.26200-SP0,dolt version 2.3.1 Warning: you are on an old version of Dolt. The newest version is 2.3.5.
4396fe06d7624623b767049064d24fb3,2026-09-23T09:19:28.345690+00:00,robustness,robust-s3-repeated-key,Revon-H,ok,warmup,1,3,20261111,10000,10,100,repeated-key,32,b8cefcb0697c69a0f102a14ba03b3e61cd0dd0d38149744b2b20ec330338e81a,hybrid,log,4096,147.1248,25.300150000000002,0.8489,9.6451,4526080,450000,10.057955555555555,4076080,,not sampled,,48422912,"external parent process-tree RSS sampler (psutil, 10 ms; isolated trial)",1000,log operations,216,True,,3.14.3,Windows-11-10.0.26200-SP0,
4396fe06d7624623b767049064d24fb3,2026-09-23T09:19:38.409695+00:00,robustness,robust-s3-repeated-key,Dolt,ok,warmup,2,1,20261111,10000,10,100,repeated-key,32,b8cefcb0697c69a0f102a14ba03b3e61cd0dd0d38149744b2b20ec330338e81a,dolt-native,dolt-native,4096,847.9656,717.6998,278.82,290.3833,804383,450000,1.7875177777777778,354383,,not sampled,,156880896,"external parent process-tree RSS sampler (psutil, 10 ms; isolated trial)",,not exposed by Dolt CLI,216,True,,3.14.3,Windows-11-10.0.26200-SP0,dolt version 2.3.1 Warning: you are on an old version of Dolt. The newest version is 2.3.5.
4396fe06d7624623b767049064d24fb3,2026-09-23T09:19:39.587935+00:00,robustness,robust-s3-repeated-key,Revon-H,ok,warmup,2,2,20261111,10000,10,100,repeated-key,32,b8cefcb0697c69a0f102a14ba03b3e61cd0dd0d38149744b2b20ec330338e81a,hybrid,log,4096,162.0585,34.1435,1.0223,11.2022,4476928,450000,9.948728888888889,4026928,,not sampled,,48500736,"external parent process-tree RSS sampler (psutil, 10 ms; isolated trial)",1000,log operations,216,True,,3.14.3,Windows-11-10.0.26200-SP0,
4396fe06d7624623b767049064d24fb3,2026-09-23T09:19:40.741552+00:00,robustness,robust-s3-repeated-key,Revon-M (forced Merkle),ok,warmup,2,3,20261111,10000,10,100,repeated-key,32,b8cefcb0697c69a0f102a14ba03b3e61cd0dd0d38149744b2b20ec330338e81a,merkle,merkle,4096,166.6617,46.0722,2.4743,15.2416,4505600,450000,10.012444444444444,4055600,,not sampled,,48640000,"external parent process-tree RSS sampler (psutil, 10 ms; isolated trial)",1875,tree node pairs,216,True,,3.14.3,Windows-11-10.0.26200-SP0,
4396fe06d7624623b767049064d24fb3,2026-09-23T09:19:41.908438+00:00,robustness,robust-s3-repeated-key,Revon-H,ok,measured,1,1,20261111,10000,10,100,repeated-key,32,b8cefcb0697c69a0f102a14ba03b3e61cd0dd0d38149744b2b20ec330338e81a,hybrid,log,4096,168.3599,31.66645,1.2599,17.3917,4493312,450000,9.985137777777778,4043312,,not sampled,,48168960,"external parent process-tree RSS sampler (psutil, 10 ms; isolated trial)",1000,log operations,216,True,,3.14.3,Windows-11-10.0.26200-SP0,
4396fe06d7624623b767049064d24fb3,2026-09-23T09:19:51.505816+00:00,robustness,robust-s3-repeated-key,Dolt,ok,measured,1,2,20261111,10000,10,100,repeated-key,32,b8cefcb0697c69a0f102a14ba03b3e61cd0dd0d38149744b2b20ec330338e81a,dolt-native,dolt-native,4096,833.9928,689.2534,253.9557,260.3526,804409,450000,1.7875755555555555,354409,,not sampled,,147374080,"external parent process-tree RSS sampler (psutil, 10 ms; isolated trial)",,not exposed by Dolt CLI,216,True,,3.14.3,Windows-11-10.0.26200-SP0,dolt version 2.3.1 Warning: you are on an old version of Dolt. The newest version is 2.3.5.
4396fe06d7624623b767049064d24fb3,2026-09-23T09:19:52.584022+00:00,robustness,robust-s3-repeated-key,Revon-M (forced Merkle),ok,measured,1,3,20261111,10000,10,100,repeated-key,32,b8cefcb0697c69a0f102a14ba03b3e61cd0dd0d38149744b2b20ec330338e81a,merkle,merkle,4096,173.4662,30.6337,2.0535,10.5979,4481024,450000,9.957831111111112,4031024,,not sampled,,48128000,"external parent process-tree RSS sampler (psutil, 10 ms; isolated trial)",1875,tree node pairs,216,True,,3.14.3,Windows-11-10.0.26200-SP0,
4396fe06d7624623b767049064d24fb3,2026-09-23T09:20:02.199123+00:00,robustness,robust-s3-repeated-key,Dolt,ok,measured,2,1,20261111,10000,10,100,repeated-key,32,b8cefcb0697c69a0f102a14ba03b3e61cd0dd0d38149744b2b20ec330338e81a,dolt-native,dolt-native,4096,908.4325,702.27465,227.8378,225.5333,804687,450000,1.7881933333333333,354687,,not sampled,,161153024,"external parent process-tree RSS sampler (psutil, 10 ms; isolated trial)",,not exposed by Dolt CLI,216,True,,3.14.3,Windows-11-10.0.26200-SP0,dolt version 2.3.1 Warning: you are on an old version of Dolt. The newest version is 2.3.5.
4396fe06d7624623b767049064d24fb3,2026-09-23T09:20:03.251588+00:00,robustness,robust-s3-repeated-key,Revon-M (forced Merkle),ok,measured,2,2,20261111,10000,10,100,repeated-key,32,b8cefcb0697c69a0f102a14ba03b3e61cd0dd0d38149744b2b20ec330338e81a,merkle,merkle,4096,162.4864,27.16155,2.1244,12.4645,4481024,450000,9.957831111111112,4031024,,not sampled,,48574464,"external parent process-tree RSS sampler (psutil, 10 ms; isolated trial)",1875,tree node pairs,216,True,,3.14.3,Windows-11-10.0.26200-SP0,
4396fe06d7624623b767049064d24fb3,2026-09-23T09:20:04.439193+00:00,robustness,robust-s3-repeated-key,Revon-H,ok,measured,2,3,20261111,10000,10,100,repeated-key,32,b8cefcb0697c69a0f102a14ba03b3e61cd0dd0d38149744b2b20ec330338e81a,hybrid,log,4096,164.4153,48.3144,1.2829,15.1338,4513792,450000,10.030648888888889,4063792,,not sampled,,48979968,"external parent process-tree RSS sampler (psutil, 10 ms; isolated trial)",1000,log operations,216,True,,3.14.3,Windows-11-10.0.26200-SP0,
4396fe06d7624623b767049064d24fb3,2026-09-23T09:20:05.653637+00:00,robustness,robust-s3-repeated-key,Revon-M (forced Merkle),ok,measured,3,1,20261111,10000,10,100,repeated-key,32,b8cefcb0697c69a0f102a14ba03b3e61cd0dd0d38149744b2b20ec330338e81a,merkle,merkle,4096,208.0724,33.90705,3.0288,12.4244,4509696,450000,10.021546666666667,4059696,,not sampled,,48091136,"external parent process-tree RSS sampler (psutil, 10 ms; isolated trial)",1875,tree node pairs,216,True,,3.14.3,Windows-11-10.0.26200-SP0,
4396fe06d7624623b767049064d24fb3,2026-09-23T09:20:06.798802+00:00,robustness,robust-s3-repeated-key,Revon-H,ok,measured,3,2,20261111,10000,10,100,repeated-key,32,b8cefcb0697c69a0f102a14ba03b3e61cd0dd0d38149744b2b20ec330338e81a,hybrid,log,4096,179.9356,33.7417,1.2046,11.7259,4526080,450000,10.057955555555555,4076080,,not sampled,,48107520,"external parent process-tree RSS sampler (psutil, 10 ms; isolated trial)",1000,log operations,216,True,,3.14.3,Windows-11-10.0.26200-SP0,
4396fe06d7624623b767049064d24fb3,2026-09-23T09:20:17.443118+00:00,robustness,robust-s3-repeated-key,Dolt,ok,measured,3,3,20261111,10000,10,100,repeated-key,32,b8cefcb0697c69a0f102a14ba03b3e61cd0dd0d38149744b2b20ec330338e81a,dolt-native,dolt-native,4096,972.8513,729.9631999999999,218.2952,280.0917,804162,450000,1.7870266666666668,354162,,not sampled,,160137216,"external parent process-tree RSS sampler (psutil, 10 ms; isolated trial)",,not exposed by Dolt CLI,216,True,,3.14.3,Windows-11-10.0.26200-SP0,dolt version 2.3.1 Warning: you are on an old version of Dolt. The newest version is 2.3.5.
4396fe06d7624623b767049064d24fb3,2026-09-23T09:20:18.477669+00:00,robustness,robust-s3-repeated-key,Revon-H,ok,measured,4,1,20261111,10000,10,100,repeated-key,32,b8cefcb0697c69a0f102a14ba03b3e61cd0dd0d38149744b2b20ec330338e81a,hybrid,log,4096,132.7358,29.4373,0.9676,12.1593,4493312,450000,9.985137777777778,4043312,,not sampled,,48885760,"external parent process-tree RSS sampler (psutil, 10 ms; isolated trial)",1000,log operations,216,True,,3.14.3,Windows-11-10.0.26200-SP0,
4396fe06d7624623b767049064d24fb3,2026-09-23T09:20:27.785784+00:00,robustness,robust-s3-repeated-key,Dolt,ok,measured,4,2,20261111,10000,10,100,repeated-key,32,b8cefcb0697c69a0f102a14ba03b3e61cd0dd0d38149744b2b20ec330338e81a,dolt-native,dolt-native,4096,709.2313,641.4045,278.5553,380.391,804836,450000,1.7885244444444444,354836,,not sampled,,148021248,"external parent process-tree RSS sampler (psutil, 10 ms; isolated trial)",,not exposed by Dolt CLI,216,True,,3.14.3,Windows-11-10.0.26200-SP0,dolt version 2.3.1 Warning: you are on an old version of Dolt. The newest version is 2.3.5.
4396fe06d7624623b767049064d24fb3,2026-09-23T09:20:28.910471+00:00,robustness,robust-s3-repeated-key,Revon-M (forced Merkle),ok,measured,4,3,20261111,10000,10,100,repeated-key,32,b8cefcb0697c69a0f102a14ba03b3e61cd0dd0d38149744b2b20ec330338e81a,merkle,merkle,4096,202.3502,33.3142,1.967,10.0295,4481024,450000,9.957831111111112,4031024,,not sampled,,48123904,"external parent process-tree RSS sampler (psutil, 10 ms; isolated trial)",1875,tree node pairs,216,True,,3.14.3,Windows-11-10.0.26200-SP0,
4396fe06d7624623b767049064d24fb3,2026-09-23T09:20:39.487843+00:00,robustness,robust-s3-repeated-key,Dolt,ok,measured,5,1,20261111,10000,10,100,repeated-key,32,b8cefcb0697c69a0f102a14ba03b3e61cd0dd0d38149744b2b20ec330338e81a,dolt-native,dolt-native,4096,762.3408,755.0808999999999,266.9916,489.9031,804630,450000,1.7880666666666667,354630,,not sampled,,158261248,"external parent process-tree RSS sampler (psutil, 10 ms; isolated trial)",,not exposed by Dolt CLI,216,True,,3.14.3,Windows-11-10.0.26200-SP0,dolt version 2.3.1 Warning: you are on an old version of Dolt. The newest version is 2.3.5.
4396fe06d7624623b767049064d24fb3,2026-09-23T09:20:40.594513+00:00,robustness,robust-s3-repeated-key,Revon-M (forced Merkle),ok,measured,5,2,20261111,10000,10,100,repeated-key,32,b8cefcb0697c69a0f102a14ba03b3e61cd0dd0d38149744b2b20ec330338e81a,merkle,merkle,4096,177.8951,27.88935,1.9742,10.1428,4472832,450000,9.939626666666667,4022832,,not sampled,,49053696,"external parent process-tree RSS sampler (psutil, 10 ms; isolated trial)",1875,tree node pairs,216,True,,3.14.3,Windows-11-10.0.26200-SP0,
4396fe06d7624623b767049064d24fb3,2026-09-23T09:20:41.687295+00:00,robustness,robust-s3-repeated-key,Revon-H,ok,measured,5,3,20261111,10000,10,100,repeated-key,32,b8cefcb0697c69a0f102a14ba03b3e61cd0dd0d38149744b2b20ec330338e81a,hybrid,log,4096,188.1186,28.12925,0.9792,11.9147,4481024,450000,9.957831111111112,4031024,,not sampled,,48881664,"external parent process-tree RSS sampler (psutil, 10 ms; isolated trial)",1000,log operations,216,True,,3.14.3,Windows-11-10.0.26200-SP0,
4396fe06d7624623b767049064d24fb3,2026-09-23T09:20:42.775138+00:00,robustness,robust-s3-repeated-key,Revon-M (forced Merkle),ok,measured,6,1,20261111,10000,10,100,repeated-key,32,b8cefcb0697c69a0f102a14ba03b3e61cd0dd0d38149744b2b20ec330338e81a,merkle,merkle,4096,184.1798,32.95445,2.27,12.5569,4501504,450000,10.003342222222223,4051504,,not sampled,,48357376,"external parent process-tree RSS sampler (psutil, 10 ms; isolated trial)",1875,tree node pairs,216,True,,3.14.3,Windows-11-10.0.26200-SP0,
4396fe06d7624623b767049064d24fb3,2026-09-23T09:20:43.834899+00:00,robustness,robust-s3-repeated-key,Revon-H,ok,measured,6,2,20261111,10000,10,100,repeated-key,32,b8cefcb0697c69a0f102a14ba03b3e61cd0dd0d38149744b2b20ec330338e81a,hybrid,log,4096,181.2191,33.23315,0.894,9.9148,4501504,450000,10.003342222222223,4051504,,not sampled,,48648192,"external parent process-tree RSS sampler (psutil, 10 ms; isolated trial)",1000,log operations,216,True,,3.14.3,Windows-11-10.0.26200-SP0,
4396fe06d7624623b767049064d24fb3,2026-09-23T09:20:54.854716+00:00,robustness,robust-s3-repeated-key,Dolt,ok,measured,6,3,20261111,10000,10,100,repeated-key,32,b8cefcb0697c69a0f102a14ba03b3e61cd0dd0d38149744b2b20ec330338e81a,dolt-native,dolt-native,4096,853.8124,770.2125,250.8893,290.0887,804887,450000,1.7886377777777778,354887,,not sampled,,148365312,"external parent process-tree RSS sampler (psutil, 10 ms; isolated trial)",,not exposed by Dolt CLI,216,True,,3.14.3,Windows-11-10.0.26200-SP0,dolt version 2.3.1 Warning: you are on an old version of Dolt. The newest version is 2.3.5.
4396fe06d7624623b767049064d24fb3,2026-09-23T09:20:56.025749+00:00,robustness,robust-s3-repeated-key,Revon-H,ok,measured,7,1,20261111,10000,10,100,repeated-key,32,b8cefcb0697c69a0f102a14ba03b3e61cd0dd0d38149744b2b20ec330338e81a,hybrid,log,4096,160.1918,34.28575,1.0192,13.1443,4493312,450000,9.985137777777778,4043312,,not sampled,,49057792,"external parent process-tree RSS sampler (psutil, 10 ms; isolated trial)",1000,log operations,216,True,,3.14.3,Windows-11-10.0.26200-SP0,
4396fe06d7624623b767049064d24fb3,2026-09-23T09:21:06.460550+00:00,robustness,robust-s3-repeated-key,Dolt,ok,measured,7,2,20261111,10000,10,100,repeated-key,32,b8cefcb0697c69a0f102a14ba03b3e61cd0dd0d38149744b2b20ec330338e81a,dolt-native,dolt-native,4096,795.128,763.7914000000001,248.8922,346.2225,804612,450000,1.7880266666666667,354612,,not sampled,,147566592,"external parent process-tree RSS sampler (psutil, 10 ms; isolated trial)",,not exposed by Dolt CLI,216,True,,3.14.3,Windows-11-10.0.26200-SP0,dolt version 2.3.1 Warning: you are on an old version of Dolt. The newest version is 2.3.5.
4396fe06d7624623b767049064d24fb3,2026-09-23T09:21:07.629259+00:00,robustness,robust-s3-repeated-key,Revon-M (forced Merkle),ok,measured,7,3,20261111,10000,10,100,repeated-key,32,b8cefcb0697c69a0f102a14ba03b3e61cd0dd0d38149744b2b20ec330338e81a,merkle,merkle,4096,212.1836,28.006999999999998,1.996,9.8203,4493312,450000,9.985137777777778,4043312,,not sampled,,48758784,"external parent process-tree RSS sampler (psutil, 10 ms; isolated trial)",1875,tree node pairs,216,True,,3.14.3,Windows-11-10.0.26200-SP0,
