run_id,timestamp_utc,phase,scenario,model,status,trial_kind,trial,execution_order,seed,rows,commits,changes_per_commit,locality,payload_bytes,workload_sha256,strategy_requested,strategy_selected,hybrid_threshold,initial_import_ms,incremental_commit_ms,diff_ms,checkout_ms,storage_bytes,logical_payload_bytes,storage_bytes_per_logical_payload_byte,storage_bytes_minus_logical_payload_bytes,storage_bytes_after_compaction,compaction_method,compaction_ms,process_tree_peak_rss_bytes,process_tree_cpu_seconds,process_tree_read_bytes,process_tree_write_bytes,commit_operations_per_second,memory_method,work_examined,work_unit,changed_keys,correctness,notes,python_version,platform,dolt_version
006db74792484b3a90a6254558c50300,2026-09-23T23:26:05.674761+00:00,robustness,robust-s1-baseline,Revon-H,ok,warmup,1,1,20260923,10000,10,100,spread,32,06ffdcc9b45dd2ca383707f7dab8f409d51cbe975dba01c3511b69a00cb077b8,hybrid,log,4096,143.1841,26.09715,6.051,9.3805,4448256,450000,9.885013333333333,3998256,,not sampled,,53121024,0.625,11120774,34226742,36.334727133466174,external parent process-tree RSS/CPU/I-O sampler (10 ms; psutil or Linux /proc; isolated trial),1000,log operations,962,True,,3.14.3,Windows-11-10.0.26200-SP0,
006db74792484b3a90a6254558c50300,2026-09-23T23:26:14.529857+00:00,robustness,robust-s1-baseline,Dolt,ok,warmup,1,2,20260923,10000,10,100,spread,32,06ffdcc9b45dd2ca383707f7dab8f409d51cbe975dba01c3511b69a00cb077b8,dolt-native,dolt-native,4096,732.6643,577.5685000000001,220.9629,222.3594,2974831,450000,6.610735555555555,2524831,,not sampled,,165736448,7.796875,71276349,5826263,1.5954102217677641,external parent process-tree RSS/CPU/I-O sampler (10 ms; psutil or Linux /proc; isolated trial),,not exposed by Dolt CLI,962,True,,3.14.3,Windows-11-10.0.26200-SP0,Dolt 2.3.1
006db74792484b3a90a6254558c50300,2026-09-23T23:26:15.518620+00:00,robustness,robust-s1-baseline,Revon-M (forced Merkle),ok,warmup,1,3,20260923,10000,10,100,spread,32,06ffdcc9b45dd2ca383707f7dab8f409d51cbe975dba01c3511b69a00cb077b8,merkle,merkle,4096,136.1962,26.8538,8.584,10.3124,4411392,450000,9.803093333333333,3961392,,not sampled,,52846592,0.609375,15876230,34391310,34.640612307463144,external parent process-tree RSS/CPU/I-O sampler (10 ms; psutil or Linux /proc; isolated trial),3774,tree node pairs,962,True,,3.14.3,Windows-11-10.0.26200-SP0,
006db74792484b3a90a6254558c50300,2026-09-23T23:26:23.843528+00:00,robustness,robust-s1-baseline,Dolt,ok,warmup,2,1,20260923,10000,10,100,spread,32,06ffdcc9b45dd2ca383707f7dab8f409d51cbe975dba01c3511b69a00cb077b8,dolt-native,dolt-native,4096,617.2325,588.01025,240.3082,226.0969,2974719,450000,6.610486666666667,2524719,,not sampled,,152084480,7.53125,71242040,5796767,1.6531446597129011,external parent process-tree RSS/CPU/I-O sampler (10 ms; psutil or Linux /proc; isolated trial),,not exposed by Dolt CLI,962,True,,3.14.3,Windows-11-10.0.26200-SP0,Dolt 2.3.1
006db74792484b3a90a6254558c50300,2026-09-23T23:26:24.853587+00:00,robustness,robust-s1-baseline,Revon-M (forced Merkle),ok,warmup,2,2,20260923,10000,10,100,spread,32,06ffdcc9b45dd2ca383707f7dab8f409d51cbe975dba01c3511b69a00cb077b8,merkle,merkle,4096,150.1895,29.371499999999997,7.9395,11.1754,4460544,450000,9.91232,4010544,,not sampled,,52486144,0.71875,10985606,34542976,33.913192401410114,external parent process-tree RSS/CPU/I-O sampler (10 ms; psutil or Linux /proc; isolated trial),3774,tree node pairs,962,True,,3.14.3,Windows-11-10.0.26200-SP0,
006db74792484b3a90a6254558c50300,2026-09-23T23:26:25.767774+00:00,robustness,robust-s1-baseline,Revon-H,ok,warmup,2,3,20260923,10000,10,100,spread,32,06ffdcc9b45dd2ca383707f7dab8f409d51cbe975dba01c3511b69a00cb077b8,hybrid,log,4096,136.9006,25.82705,5.393,10.3253,4452352,450000,9.894115555555556,4002352,,not sampled,,53231616,0.671875,11009952,34376820,37.275906568685706,external parent process-tree RSS/CPU/I-O sampler (10 ms; psutil or Linux /proc; isolated trial),1000,log operations,962,True,,3.14.3,Windows-11-10.0.26200-SP0,
006db74792484b3a90a6254558c50300,2026-09-23T23:26:26.674940+00:00,robustness,robust-s1-baseline,Revon-M (forced Merkle),ok,measured,1,1,20260923,10000,10,100,spread,32,06ffdcc9b45dd2ca383707f7dab8f409d51cbe975dba01c3511b69a00cb077b8,merkle,merkle,4096,143.0063,26.79715,9.3524,9.49,4460544,450000,9.91232,4010544,,not sampled,,53010432,0.640625,10891400,34106442,36.61603401483095,external parent process-tree RSS/CPU/I-O sampler (10 ms; psutil or Linux /proc; isolated trial),3774,tree node pairs,962,True,,3.14.3,Windows-11-10.0.26200-SP0,
006db74792484b3a90a6254558c50300,2026-09-23T23:26:35.535116+00:00,robustness,robust-s1-baseline,Dolt,ok,measured,1,2,20260923,10000,10,100,spread,32,06ffdcc9b45dd2ca383707f7dab8f409d51cbe975dba01c3511b69a00cb077b8,dolt-native,dolt-native,4096,658.8559,641.18475,280.7103,280.7494,2974486,450000,6.609968888888889,2524486,,not sampled,,161566720,7.5,71247953,5823578,1.5720738808068047,external parent process-tree RSS/CPU/I-O sampler (10 ms; psutil or Linux /proc; isolated trial),,not exposed by Dolt CLI,962,True,,3.14.3,Windows-11-10.0.26200-SP0,Dolt 2.3.1
006db74792484b3a90a6254558c50300,2026-09-23T23:26:36.594089+00:00,robustness,robust-s1-baseline,Revon-H,ok,measured,1,3,20260923,10000,10,100,spread,32,06ffdcc9b45dd2ca383707f7dab8f409d51cbe975dba01c3511b69a00cb077b8,hybrid,log,4096,146.2989,28.29205,5.6212,9.2909,4501504,450000,10.003342222222223,4051504,,not sampled,,53116928,0.671875,12742792,34295002,33.96816435700133,external parent process-tree RSS/CPU/I-O sampler (10 ms; psutil or Linux /proc; isolated trial),1000,log operations,962,True,,3.14.3,Windows-11-10.0.26200-SP0,
006db74792484b3a90a6254558c50300,2026-09-23T23:26:46.136013+00:00,robustness,robust-s1-baseline,Dolt,ok,measured,2,1,20260923,10000,10,100,spread,32,06ffdcc9b45dd2ca383707f7dab8f409d51cbe975dba01c3511b69a00cb077b8,dolt-native,dolt-native,4096,749.6953,701.0093999999999,251.2431,270.9759,2974719,450000,6.610486666666667,2524719,,not sampled,,161959936,9.046875,71262059,5824687,1.4340778778859742,external parent process-tree RSS/CPU/I-O sampler (10 ms; psutil or Linux /proc; isolated trial),,not exposed by Dolt CLI,962,True,,3.14.3,Windows-11-10.0.26200-SP0,Dolt 2.3.1
006db74792484b3a90a6254558c50300,2026-09-23T23:26:47.297940+00:00,robustness,robust-s1-baseline,Revon-H,ok,measured,2,2,20260923,10000,10,100,spread,32,06ffdcc9b45dd2ca383707f7dab8f409d51cbe975dba01c3511b69a00cb077b8,hybrid,log,4096,164.3003,30.4724,6.6873,11.2889,4419584,450000,9.821297777777778,3969584,,not sampled,,53329920,0.84375,12615816,34441009,30.689494740434387,external parent process-tree RSS/CPU/I-O sampler (10 ms; psutil or Linux /proc; isolated trial),1000,log operations,962,True,,3.14.3,Windows-11-10.0.26200-SP0,
006db74792484b3a90a6254558c50300,2026-09-23T23:26:48.402205+00:00,robustness,robust-s1-baseline,Revon-M (forced Merkle),ok,measured,2,3,20260923,10000,10,100,spread,32,06ffdcc9b45dd2ca383707f7dab8f409d51cbe975dba01c3511b69a00cb077b8,merkle,merkle,4096,172.9491,32.239450000000005,9.0576,11.0763,4452352,450000,9.894115555555556,4002352,,not sampled,,52805632,0.75,11001992,34465092,29.104862491166674,external parent process-tree RSS/CPU/I-O sampler (10 ms; psutil or Linux /proc; isolated trial),3774,tree node pairs,962,True,,3.14.3,Windows-11-10.0.26200-SP0,
006db74792484b3a90a6254558c50300,2026-09-23T23:26:49.361117+00:00,robustness,robust-s1-baseline,Revon-H,ok,measured,3,1,20260923,10000,10,100,spread,32,06ffdcc9b45dd2ca383707f7dab8f409d51cbe975dba01c3511b69a00cb077b8,hybrid,log,4096,163.0744,26.0838,5.8598,10.7173,4448256,450000,9.885013333333333,3998256,,not sampled,,53329920,0.703125,11124872,34509117,36.472855988751775,external parent process-tree RSS/CPU/I-O sampler (10 ms; psutil or Linux /proc; isolated trial),1000,log operations,962,True,,3.14.3,Windows-11-10.0.26200-SP0,
006db74792484b3a90a6254558c50300,2026-09-23T23:26:50.418060+00:00,robustness,robust-s1-baseline,Revon-M (forced Merkle),ok,measured,3,2,20260923,10000,10,100,spread,32,06ffdcc9b45dd2ca383707f7dab8f409d51cbe975dba01c3511b69a00cb077b8,merkle,merkle,4096,164.5758,28.0743,11.5128,11.8104,4448256,450000,9.885013333333333,3998256,,not sampled,,53243904,0.78125,11100296,34095041,34.13575105479471,external parent process-tree RSS/CPU/I-O sampler (10 ms; psutil or Linux /proc; isolated trial),3774,tree node pairs,962,True,,3.14.3,Windows-11-10.0.26200-SP0,
006db74792484b3a90a6254558c50300,2026-09-23T23:27:00.665622+00:00,robustness,robust-s1-baseline,Dolt,ok,measured,3,3,20260923,10000,10,100,spread,32,06ffdcc9b45dd2ca383707f7dab8f409d51cbe975dba01c3511b69a00cb077b8,dolt-native,dolt-native,4096,646.9929,720.2999,301.196,281.5769,2974699,450000,6.610442222222222,2524699,,not sampled,,153354240,9.34375,71255789,5806345,1.2953304619224852,external parent process-tree RSS/CPU/I-O sampler (10 ms; psutil or Linux /proc; isolated trial),,not exposed by Dolt CLI,962,True,,3.14.3,Windows-11-10.0.26200-SP0,Dolt 2.3.1
006db74792484b3a90a6254558c50300,2026-09-23T23:27:01.850473+00:00,robustness,robust-s1-baseline,Revon-M (forced Merkle),ok,measured,4,1,20260923,10000,10,100,spread,32,06ffdcc9b45dd2ca383707f7dab8f409d51cbe975dba01c3511b69a00cb077b8,merkle,merkle,4096,164.3753,32.93835,11.881,12.0722,4456448,450000,9.903217777777778,4006448,,not sampled,,53972992,0.8125,10936456,34432282,30.856178733798192,external parent process-tree RSS/CPU/I-O sampler (10 ms; psutil or Linux /proc; isolated trial),3774,tree node pairs,962,True,,3.14.3,Windows-11-10.0.26200-SP0,
006db74792484b3a90a6254558c50300,2026-09-23T23:27:12.032677+00:00,robustness,robust-s1-baseline,Dolt,ok,measured,4,2,20260923,10000,10,100,spread,32,06ffdcc9b45dd2ca383707f7dab8f409d51cbe975dba01c3511b69a00cb077b8,dolt-native,dolt-native,4096,645.9902,741.9902999999999,293.6313,333.4945,2975623,450000,6.612495555555555,2525623,,not sampled,,165265408,9.578125,71270457,5831977,1.3346961470792444,external parent process-tree RSS/CPU/I-O sampler (10 ms; psutil or Linux /proc; isolated trial),,not exposed by Dolt CLI,962,True,,3.14.3,Windows-11-10.0.26200-SP0,Dolt 2.3.1
006db74792484b3a90a6254558c50300,2026-09-23T23:27:13.305392+00:00,robustness,robust-s1-baseline,Revon-H,ok,measured,4,3,20260923,10000,10,100,spread,32,06ffdcc9b45dd2ca383707f7dab8f409d51cbe975dba01c3511b69a00cb077b8,hybrid,log,4096,170.426,34.999399999999994,5.5605,10.9366,4485120,450000,9.966933333333333,4035120,,not sampled,,53137408,0.8125,12775560,34153439,28.298109261829673,external parent process-tree RSS/CPU/I-O sampler (10 ms; psutil or Linux /proc; isolated trial),1000,log operations,962,True,,3.14.3,Windows-11-10.0.26200-SP0,
006db74792484b3a90a6254558c50300,2026-09-23T23:27:24.893223+00:00,robustness,robust-s1-baseline,Dolt,ok,measured,5,1,20260923,10000,10,100,spread,32,06ffdcc9b45dd2ca383707f7dab8f409d51cbe975dba01c3511b69a00cb077b8,dolt-native,dolt-native,4096,989.0962,802.02535,276.3284,305.2906,2974832,450000,6.610737777777778,2524832,,not sampled,,153292800,10.671875,71261802,5847714,1.19147609423556,external parent process-tree RSS/CPU/I-O sampler (10 ms; psutil or Linux /proc; isolated trial),,not exposed by Dolt CLI,962,True,,3.14.3,Windows-11-10.0.26200-SP0,Dolt 2.3.1
006db74792484b3a90a6254558c50300,2026-09-23T23:27:26.158455+00:00,robustness,robust-s1-baseline,Revon-H,ok,measured,5,2,20260923,10000,10,100,spread,32,06ffdcc9b45dd2ca383707f7dab8f409d51cbe975dba01c3511b69a00cb077b8,hybrid,log,4096,167.6378,36.76075,7.3132,14.3538,4460544,450000,9.91232,4010544,,not sampled,,53264384,0.765625,10846344,34280548,27.966082734859164,external parent process-tree RSS/CPU/I-O sampler (10 ms; psutil or Linux /proc; isolated trial),1000,log operations,962,True,,3.14.3,Windows-11-10.0.26200-SP0,
006db74792484b3a90a6254558c50300,2026-09-23T23:27:27.298320+00:00,robustness,robust-s1-baseline,Revon-M (forced Merkle),ok,measured,5,3,20260923,10000,10,100,spread,32,06ffdcc9b45dd2ca383707f7dab8f409d51cbe975dba01c3511b69a00cb077b8,merkle,merkle,4096,168.5241,32.0206,12.1351,12.9117,4481024,450000,9.957831111111112,4031024,,not sampled,,52981760,0.796875,11006088,34226717,32.05581301716044,external parent process-tree RSS/CPU/I-O sampler (10 ms; psutil or Linux /proc; isolated trial),3774,tree node pairs,962,True,,3.14.3,Windows-11-10.0.26200-SP0,
006db74792484b3a90a6254558c50300,2026-09-23T23:27:28.394541+00:00,robustness,robust-s1-baseline,Revon-H,ok,measured,6,1,20260923,10000,10,100,spread,32,06ffdcc9b45dd2ca383707f7dab8f409d51cbe975dba01c3511b69a00cb077b8,hybrid,log,4096,154.6319,29.7476,7.0756,14.1916,4472832,450000,9.939626666666667,4022832,,not sampled,,52785152,0.796875,10973320,34427608,32.44578957477846,external parent process-tree RSS/CPU/I-O sampler (10 ms; psutil or Linux /proc; isolated trial),1000,log operations,962,True,,3.14.3,Windows-11-10.0.26200-SP0,
006db74792484b3a90a6254558c50300,2026-09-23T23:27:29.553499+00:00,robustness,robust-s1-baseline,Revon-M (forced Merkle),ok,measured,6,2,20260923,10000,10,100,spread,32,06ffdcc9b45dd2ca383707f7dab8f409d51cbe975dba01c3511b69a00cb077b8,merkle,merkle,4096,169.9377,29.4259,8.3285,13.2118,4444160,450000,9.875911111111112,3994160,,not sampled,,53940224,0.828125,10854536,34345668,32.18932473234577,external parent process-tree RSS/CPU/I-O sampler (10 ms; psutil or Linux /proc; isolated trial),3774,tree node pairs,962,True,,3.14.3,Windows-11-10.0.26200-SP0,
006db74792484b3a90a6254558c50300,2026-09-23T23:27:41.307621+00:00,robustness,robust-s1-baseline,Dolt,ok,measured,6,3,20260923,10000,10,100,spread,32,06ffdcc9b45dd2ca383707f7dab8f409d51cbe975dba01c3511b69a00cb077b8,dolt-native,dolt-native,4096,1130.3726,816.97835,308.4374,299.7395,2974495,450000,6.609988888888889,2524495,,not sampled,,153911296,11.921875,71255218,5835683,1.1929532442733293,external parent process-tree RSS/CPU/I-O sampler (10 ms; psutil or Linux /proc; isolated trial),,not exposed by Dolt CLI,962,True,,3.14.3,Windows-11-10.0.26200-SP0,Dolt 2.3.1
006db74792484b3a90a6254558c50300,2026-09-23T23:27:42.617716+00:00,robustness,robust-s1-baseline,Revon-M (forced Merkle),ok,measured,7,1,20260923,10000,10,100,spread,32,06ffdcc9b45dd2ca383707f7dab8f409d51cbe975dba01c3511b69a00cb077b8,merkle,merkle,4096,166.1519,31.913,8.5344,11.559,4468736,450000,9.930524444444444,4018736,,not sampled,,53100544,0.890625,12681352,34231351,29.527434086647077,external parent process-tree RSS/CPU/I-O sampler (10 ms; psutil or Linux /proc; isolated trial),3774,tree node pairs,962,True,,3.14.3,Windows-11-10.0.26200-SP0,
006db74792484b3a90a6254558c50300,2026-09-23T23:27:54.695697+00:00,robustness,robust-s1-baseline,Dolt,ok,measured,7,2,20260923,10000,10,100,spread,32,06ffdcc9b45dd2ca383707f7dab8f409d51cbe975dba01c3511b69a00cb077b8,dolt-native,dolt-native,4096,857.6617,880.0924500000001,332.4094,346.6875,2974733,450000,6.610517777777778,2524733,,not sampled,,157175808,11.359375,71256789,5832972,1.1249190170799603,external parent process-tree RSS/CPU/I-O sampler (10 ms; psutil or Linux /proc; isolated trial),,not exposed by Dolt CLI,962,True,,3.14.3,Windows-11-10.0.26200-SP0,Dolt 2.3.1
006db74792484b3a90a6254558c50300,2026-09-23T23:27:56.147801+00:00,robustness,robust-s1-baseline,Revon-H,ok,measured,7,3,20260923,10000,10,100,spread,32,06ffdcc9b45dd2ca383707f7dab8f409d51cbe975dba01c3511b69a00cb077b8,hybrid,log,4096,190.3005,36.020700000000005,9.2303,12.9788,4440064,450000,9.866808888888889,3990064,,not sampled,,53538816,0.90625,12718216,34165784,27.241253718771645,external parent process-tree RSS/CPU/I-O sampler (10 ms; psutil or Linux /proc; isolated trial),1000,log operations,962,True,,3.14.3,Windows-11-10.0.26200-SP0,
006db74792484b3a90a6254558c50300,2026-09-23T23:28:09.579955+00:00,robustness,robust-s1-payload-128,Dolt,ok,warmup,1,1,20260923,10000,10,100,spread,128,0fc9aace1f3bb3d660d2efc28068cdcde643da622460da8d22bd05b07d19b3e6,dolt-native,dolt-native,4096,1210.1768,960.364,335.3099,380.4082,3242386,1410000,2.299564539007092,1832386,,not sampled,,156336128,12.3125,89070624,9640514,1.0365468379133258,external parent process-tree RSS/CPU/I-O sampler (10 ms; psutil or Linux /proc; isolated trial),,not exposed by Dolt CLI,962,True,,3.14.3,Windows-11-10.0.26200-SP0,Dolt 2.3.1
006db74792484b3a90a6254558c50300,2026-09-23T23:28:11.437854+00:00,robustness,robust-s1-payload-128,Revon-M (forced Merkle),ok,warmup,1,2,20260923,10000,10,100,spread,128,0fc9aace1f3bb3d660d2efc28068cdcde643da622460da8d22bd05b07d19b3e6,merkle,merkle,4096,214.0574,65.3647,16.4136,38.3738,7655424,1410000,5.429378723404255,6245424,,not sampled,,56659968,1.3125,22446877,47929977,15.810331672299888,external parent process-tree RSS/CPU/I-O sampler (10 ms; psutil or Linux /proc; isolated trial),3774,tree node pairs,962,True,,3.14.3,Windows-11-10.0.26200-SP0,
006db74792484b3a90a6254558c50300,2026-09-23T23:28:12.987015+00:00,robustness,robust-s1-payload-128,Revon-H,ok,warmup,1,3,20260923,10000,10,100,spread,128,0fc9aace1f3bb3d660d2efc28068cdcde643da622460da8d22bd05b07d19b3e6,hybrid,log,4096,205.3939,45.0667,7.8281,20.5005,7680000,1410000,5.446808510638298,6270000,,not sampled,,57286656,1.109375,22659869,48139036,21.400225301571975,external parent process-tree RSS/CPU/I-O sampler (10 ms; psutil or Linux /proc; isolated trial),1000,log operations,962,True,,3.14.3,Windows-11-10.0.26200-SP0,
006db74792484b3a90a6254558c50300,2026-09-23T23:28:14.529762+00:00,robustness,robust-s1-payload-128,Revon-M (forced Merkle),ok,warmup,2,1,20260923,10000,10,100,spread,128,0fc9aace1f3bb3d660d2efc28068cdcde643da622460da8d22bd05b07d19b3e6,merkle,merkle,4096,193.8376,46.32995,11.9325,18.6803,7659520,1410000,5.432283687943262,6249520,,not sampled,,57102336,0.953125,22696074,48003778,21.603885415584223,external parent process-tree RSS/CPU/I-O sampler (10 ms; psutil or Linux /proc; isolated trial),3774,tree node pairs,962,True,,3.14.3,Windows-11-10.0.26200-SP0,
006db74792484b3a90a6254558c50300,2026-09-23T23:28:16.010835+00:00,robustness,robust-s1-payload-128,Revon-H,ok,warmup,2,2,20260923,10000,10,100,spread,128,0fc9aace1f3bb3d660d2efc28068cdcde643da622460da8d22bd05b07d19b3e6,hybrid,log,4096,198.3889,52.2607,9.2477,19.7981,7696384,1410000,5.458428368794326,6286384,,not sampled,,57094144,1.15625,22582045,47872476,17.975896120891495,external parent process-tree RSS/CPU/I-O sampler (10 ms; psutil or Linux /proc; isolated trial),1000,log operations,962,True,,3.14.3,Windows-11-10.0.26200-SP0,
006db74792484b3a90a6254558c50300,2026-09-23T23:28:28.501220+00:00,robustness,robust-s1-payload-128,Dolt,ok,warmup,2,3,20260923,10000,10,100,spread,128,0fc9aace1f3bb3d660d2efc28068cdcde643da622460da8d22bd05b07d19b3e6,dolt-native,dolt-native,4096,1092.5215,875.95555,340.1582,326.2375,3242592,1410000,2.2997106382978725,1832592,,not sampled,,153894912,12.40625,89079412,9624532,1.1137554015605562,external parent process-tree RSS/CPU/I-O sampler (10 ms; psutil or Linux /proc; isolated trial),,not exposed by Dolt CLI,962,True,,3.14.3,Windows-11-10.0.26200-SP0,Dolt 2.3.1
006db74792484b3a90a6254558c50300,2026-09-23T23:28:42.455183+00:00,robustness,robust-s1-payload-128,Dolt,ok,measured,1,1,20260923,10000,10,100,spread,128,0fc9aace1f3bb3d660d2efc28068cdcde643da622460da8d22bd05b07d19b3e6,dolt-native,dolt-native,4096,1196.0397,1066.5843,226.1326,248.3144,3242375,1410000,2.2995567375886523,1832375,,not sampled,,176586752,12.9375,89075122,9640389,0.9376982147510639,external parent process-tree RSS/CPU/I-O sampler (10 ms; psutil or Linux /proc; isolated trial),,not exposed by Dolt CLI,962,True,,3.14.3,Windows-11-10.0.26200-SP0,Dolt 2.3.1
006db74792484b3a90a6254558c50300,2026-09-23T23:28:43.625106+00:00,robustness,robust-s1-payload-128,Revon-M (forced Merkle),ok,measured,1,2,20260923,10000,10,100,spread,128,0fc9aace1f3bb3d660d2efc28068cdcde643da622460da8d22bd05b07d19b3e6,merkle,merkle,4096,163.2722,36.8746,8.6715,13.5871,7696384,1410000,5.458428368794326,6286384,,not sampled,,56619008,0.78125,22733599,48118521,27.15555352794089,external parent process-tree RSS/CPU/I-O sampler (10 ms; psutil or Linux /proc; isolated trial),3774,tree node pairs,962,True,,3.14.3,Windows-11-10.0.26200-SP0,
006db74792484b3a90a6254558c50300,2026-09-23T23:28:44.710774+00:00,robustness,robust-s1-payload-128,Revon-H,ok,measured,1,3,20260923,10000,10,100,spread,128,0fc9aace1f3bb3d660d2efc28068cdcde643da622460da8d22bd05b07d19b3e6,hybrid,log,4096,164.8934,37.40435,7.1589,14.1681,7700480,1410000,5.461333333333333,6290480,,not sampled,,56918016,0.71875,22594994,47876607,26.456706245899213,external parent process-tree RSS/CPU/I-O sampler (10 ms; psutil or Linux /proc; isolated trial),1000,log operations,962,True,,3.14.3,Windows-11-10.0.26200-SP0,
006db74792484b3a90a6254558c50300,2026-09-23T23:28:45.825927+00:00,robustness,robust-s1-payload-128,Revon-M (forced Merkle),ok,measured,2,1,20260923,10000,10,100,spread,128,0fc9aace1f3bb3d660d2efc28068cdcde643da622460da8d22bd05b07d19b3e6,merkle,merkle,4096,168.5815,38.383250000000004,10.337,14.6656,7704576,1410000,5.46423829787234,6294576,,not sampled,,57024512,0.765625,22528799,47757764,25.143898531294596,external parent process-tree RSS/CPU/I-O sampler (10 ms; psutil or Linux /proc; isolated trial),3774,tree node pairs,962,True,,3.14.3,Windows-11-10.0.26200-SP0,
006db74792484b3a90a6254558c50300,2026-09-23T23:28:47.188031+00:00,robustness,robust-s1-payload-128,Revon-H,ok,measured,2,2,20260923,10000,10,100,spread,128,0fc9aace1f3bb3d660d2efc28068cdcde643da622460da8d22bd05b07d19b3e6,hybrid,log,4096,162.4837,37.9638,6.9643,13.293,7671808,1410000,5.440998581560284,6261808,,not sampled,,56717312,0.734375,22504223,47638836,15.18822001655516,external parent process-tree RSS/CPU/I-O sampler (10 ms; psutil or Linux /proc; isolated trial),1000,log operations,962,True,,3.14.3,Windows-11-10.0.26200-SP0,
006db74792484b3a90a6254558c50300,2026-09-23T23:28:55.386667+00:00,robustness,robust-s1-payload-128,Dolt,ok,measured,2,3,20260923,10000,10,100,spread,128,0fc9aace1f3bb3d660d2efc28068cdcde643da622460da8d22bd05b07d19b3e6,dolt-native,dolt-native,4096,625.2656,581.649,209.7159,223.5525,3241897,1410000,2.299217730496454,1831897,,not sampled,,168038400,7.578125,89054488,9615329,1.6878941865886004,external parent process-tree RSS/CPU/I-O sampler (10 ms; psutil or Linux /proc; isolated trial),,not exposed by Dolt CLI,962,True,,3.14.3,Windows-11-10.0.26200-SP0,Dolt 2.3.1
006db74792484b3a90a6254558c50300,2026-09-23T23:28:56.519310+00:00,robustness,robust-s1-payload-128,Revon-H,ok,measured,3,1,20260923,10000,10,100,spread,128,0fc9aace1f3bb3d660d2efc28068cdcde643da622460da8d22bd05b07d19b3e6,hybrid,log,4096,162.0099,37.3512,5.8002,14.1405,7671808,1410000,5.440998581560284,6261808,,not sampled,,56369152,0.75,22489816,47716718,26.908969378400116,external parent process-tree RSS/CPU/I-O sampler (10 ms; psutil or Linux /proc; isolated trial),1000,log operations,962,True,,3.14.3,Windows-11-10.0.26200-SP0,
006db74792484b3a90a6254558c50300,2026-09-23T23:29:05.726232+00:00,robustness,robust-s1-payload-128,Dolt,ok,measured,3,2,20260923,10000,10,100,spread,128,0fc9aace1f3bb3d660d2efc28068cdcde643da622460da8d22bd05b07d19b3e6,dolt-native,dolt-native,4096,753.3346,662.8208500000001,264.4297,243.1655,3241951,1410000,2.299256028368794,1831951,,not sampled,,155070464,8.796875,89055823,9612189,1.541177995085245,external parent process-tree RSS/CPU/I-O sampler (10 ms; psutil or Linux /proc; isolated trial),,not exposed by Dolt CLI,962,True,,3.14.3,Windows-11-10.0.26200-SP0,Dolt 2.3.1
006db74792484b3a90a6254558c50300,2026-09-23T23:29:06.943987+00:00,robustness,robust-s1-payload-128,Revon-M (forced Merkle),ok,measured,3,3,20260923,10000,10,100,spread,128,0fc9aace1f3bb3d660d2efc28068cdcde643da622460da8d22bd05b07d19b3e6,merkle,merkle,4096,182.8203,39.08295,14.4417,15.568,7671808,1410000,5.440998581560284,6261808,,not sampled,,57167872,0.734375,22646924,47847930,25.40484526289823,external parent process-tree RSS/CPU/I-O sampler (10 ms; psutil or Linux /proc; isolated trial),3774,tree node pairs,962,True,,3.14.3,Windows-11-10.0.26200-SP0,
006db74792484b3a90a6254558c50300,2026-09-23T23:29:15.751487+00:00,robustness,robust-s1-payload-128,Dolt,ok,measured,4,1,20260923,10000,10,100,spread,128,0fc9aace1f3bb3d660d2efc28068cdcde643da622460da8d22bd05b07d19b3e6,dolt-native,dolt-native,4096,880.672,587.16465,223.7975,234.8332,3241936,1410000,2.2992453900709218,1831936,,not sampled,,151973888,8.40625,89052772,9591115,1.6532981529121573,external parent process-tree RSS/CPU/I-O sampler (10 ms; psutil or Linux /proc; isolated trial),,not exposed by Dolt CLI,962,True,,3.14.3,Windows-11-10.0.26200-SP0,Dolt 2.3.1
006db74792484b3a90a6254558c50300,2026-09-23T23:29:16.916656+00:00,robustness,robust-s1-payload-128,Revon-M (forced Merkle),ok,measured,4,2,20260923,10000,10,100,spread,128,0fc9aace1f3bb3d660d2efc28068cdcde643da622460da8d22bd05b07d19b3e6,merkle,merkle,4096,168.683,38.850300000000004,10.3762,14.9119,7675904,1410000,5.443903546099291,6265904,,not sampled,,57249792,0.765625,22831244,48420546,26.087476002783013,external parent process-tree RSS/CPU/I-O sampler (10 ms; psutil or Linux /proc; isolated trial),3774,tree node pairs,962,True,,3.14.3,Windows-11-10.0.26200-SP0,
006db74792484b3a90a6254558c50300,2026-09-23T23:29:18.019854+00:00,robustness,robust-s1-payload-128,Revon-H,ok,measured,4,3,20260923,10000,10,100,spread,128,0fc9aace1f3bb3d660d2efc28068cdcde643da622460da8d22bd05b07d19b3e6,hybrid,log,4096,164.4176,39.88675,6.1726,14.3334,7655424,1410000,5.429378723404255,6245424,,not sampled,,57327616,0.796875,22869426,48200535,25.014082928688854,external parent process-tree RSS/CPU/I-O sampler (10 ms; psutil or Linux /proc; isolated trial),1000,log operations,962,True,,3.14.3,Windows-11-10.0.26200-SP0,
006db74792484b3a90a6254558c50300,2026-09-23T23:29:19.187138+00:00,robustness,robust-s1-payload-128,Revon-M (forced Merkle),ok,measured,5,1,20260923,10000,10,100,spread,128,0fc9aace1f3bb3d660d2efc28068cdcde643da622460da8d22bd05b07d19b3e6,merkle,merkle,4096,188.1858,37.945350000000005,9.164,14.8468,7696384,1410000,5.458428368794326,6286384,,not sampled,,56438784,0.765625,22573855,48102172,25.597935782458503,external parent process-tree RSS/CPU/I-O sampler (10 ms; psutil or Linux /proc; isolated trial),3774,tree node pairs,962,True,,3.14.3,Windows-11-10.0.26200-SP0,
006db74792484b3a90a6254558c50300,2026-09-23T23:29:20.248725+00:00,robustness,robust-s1-payload-128,Revon-H,ok,measured,5,2,20260923,10000,10,100,spread,128,0fc9aace1f3bb3d660d2efc28068cdcde643da622460da8d22bd05b07d19b3e6,hybrid,log,4096,164.1176,36.65325,5.6527,14.1479,7675904,1410000,5.443903546099291,6265904,,not sampled,,56860672,0.59375,22701490,48016023,27.502674635108264,external parent process-tree RSS/CPU/I-O sampler (10 ms; psutil or Linux /proc; isolated trial),1000,log operations,962,True,,3.14.3,Windows-11-10.0.26200-SP0,
006db74792484b3a90a6254558c50300,2026-09-23T23:29:28.811550+00:00,robustness,robust-s1-payload-128,Dolt,ok,measured,5,3,20260923,10000,10,100,spread,128,0fc9aace1f3bb3d660d2efc28068cdcde643da622460da8d22bd05b07d19b3e6,dolt-native,dolt-native,4096,609.0822,599.7097,212.9,241.5607,3242381,1410000,2.2995609929078014,1832381,,not sampled,,155660288,7.4375,89068242,9627906,1.5905726125027915,external parent process-tree RSS/CPU/I-O sampler (10 ms; psutil or Linux /proc; isolated trial),,not exposed by Dolt CLI,962,True,,3.14.3,Windows-11-10.0.26200-SP0,Dolt 2.3.1
006db74792484b3a90a6254558c50300,2026-09-23T23:29:29.958574+00:00,robustness,robust-s1-payload-128,Revon-H,ok,measured,6,1,20260923,10000,10,100,spread,128,0fc9aace1f3bb3d660d2efc28068cdcde643da622460da8d22bd05b07d19b3e6,hybrid,log,4096,160.4891,38.239599999999996,6.1727,13.8823,7692288,1410000,5.455523404255319,6282288,,not sampled,,57233408,0.75,22676255,48212785,25.933152631125797,external parent process-tree RSS/CPU/I-O sampler (10 ms; psutil or Linux /proc; isolated trial),1000,log operations,962,True,,3.14.3,Windows-11-10.0.26200-SP0,
006db74792484b3a90a6254558c50300,2026-09-23T23:29:38.885106+00:00,robustness,robust-s1-payload-128,Dolt,ok,measured,6,2,20260923,10000,10,100,spread,128,0fc9aace1f3bb3d660d2efc28068cdcde643da622460da8d22bd05b07d19b3e6,dolt-native,dolt-native,4096,614.167,607.1281,589.9357,224.0042,3242161,1410000,2.299404964539007,1832161,,not sampled,,154357760,7.984375,89056283,9591731,1.591109820261393,external parent process-tree RSS/CPU/I-O sampler (10 ms; psutil or Linux /proc; isolated trial),,not exposed by Dolt CLI,962,True,,3.14.3,Windows-11-10.0.26200-SP0,Dolt 2.3.1
006db74792484b3a90a6254558c50300,2026-09-23T23:29:40.021856+00:00,robustness,robust-s1-payload-128,Revon-M (forced Merkle),ok,measured,6,3,20260923,10000,10,100,spread,128,0fc9aace1f3bb3d660d2efc28068cdcde643da622460da8d22bd05b07d19b3e6,merkle,merkle,4096,162.2293,39.663349999999994,9.0143,13.0994,7671808,1410000,5.440998581560284,6261808,,not sampled,,57200640,0.71875,22549279,47970956,25.34326823239067,external parent process-tree RSS/CPU/I-O sampler (10 ms; psutil or Linux /proc; isolated trial),3774,tree node pairs,962,True,,3.14.3,Windows-11-10.0.26200-SP0,
006db74792484b3a90a6254558c50300,2026-09-23T23:29:48.662275+00:00,robustness,robust-s1-payload-128,Dolt,ok,measured,7,1,20260923,10000,10,100,spread,128,0fc9aace1f3bb3d660d2efc28068cdcde643da622460da8d22bd05b07d19b3e6,dolt-native,dolt-native,4096,694.5142,599.0966,318.6881,258.0615,3241951,1410000,2.299256028368794,1831951,,not sampled,,172736512,8.109375,89057867,9594276,1.640469247697864,external parent process-tree RSS/CPU/I-O sampler (10 ms; psutil or Linux /proc; isolated trial),,not exposed by Dolt CLI,962,True,,3.14.3,Windows-11-10.0.26200-SP0,Dolt 2.3.1
006db74792484b3a90a6254558c50300,2026-09-23T23:29:49.834001+00:00,robustness,robust-s1-payload-128,Revon-M (forced Merkle),ok,measured,7,2,20260923,10000,10,100,spread,128,0fc9aace1f3bb3d660d2efc28068cdcde643da622460da8d22bd05b07d19b3e6,merkle,merkle,4096,168.0451,38.04255,9.6209,15.5813,7680000,1410000,5.446808510638298,6270000,,not sampled,,57139200,0.828125,22811423,47913539,25.900294227342425,external parent process-tree RSS/CPU/I-O sampler (10 ms; psutil or Linux /proc; isolated trial),3774,tree node pairs,962,True,,3.14.3,Windows-11-10.0.26200-SP0,
006db74792484b3a90a6254558c50300,2026-09-23T23:29:50.911231+00:00,robustness,robust-s1-payload-128,Revon-H,ok,measured,7,3,20260923,10000,10,100,spread,128,0fc9aace1f3bb3d660d2efc28068cdcde643da622460da8d22bd05b07d19b3e6,hybrid,log,4096,159.2739,36.100300000000004,6.256,13.0281,7655424,1410000,5.429378723404255,6245424,,not sampled,,56983552,0.734375,22508319,47782392,27.173071268987865,external parent process-tree RSS/CPU/I-O sampler (10 ms; psutil or Linux /proc; isolated trial),1000,log operations,962,True,,3.14.3,Windows-11-10.0.26200-SP0,
006db74792484b3a90a6254558c50300,2026-09-23T23:29:54.573796+00:00,robustness,robust-s1-history-50,Revon-M (forced Merkle),ok,warmup,1,1,20260923,10000,50,100,spread,32,a1e8f0e19789e28a16b7f0c82e93d03ae8f291f905ee2523bad2f710ecd9a581,merkle,merkle,4096,146.913,41.574650000000005,46.3967,21.5326,11640832,450000,25.868515555555554,11190832,,not sampled,,72601600,2.515625,98099976,213292751,22.70042328571284,external parent process-tree RSS/CPU/I-O sampler (10 ms; psutil or Linux /proc; isolated trial),4309,tree node pairs,4006,True,,3.14.3,Windows-11-10.0.26200-SP0,
006db74792484b3a90a6254558c50300,2026-09-23T23:30:28.167937+00:00,robustness,robust-s1-history-50,Dolt,ok,warmup,1,2,20260923,10000,50,100,spread,32,a1e8f0e19789e28a16b7f0c82e93d03ae8f291f905ee2523bad2f710ecd9a581,dolt-native,dolt-native,4096,769.5928,588.3027,346.9253,239.8192,13054809,450000,29.01068666666667,12604809,,not sampled,,170983424,30.390625,1045259616,27108272,1.6469290617948766,external parent process-tree RSS/CPU/I-O sampler (10 ms; psutil or Linux /proc; isolated trial),,not exposed by Dolt CLI,4006,True,,3.14.3,Windows-11-10.0.26200-SP0,Dolt 2.3.1
006db74792484b3a90a6254558c50300,2026-09-23T23:30:31.855323+00:00,robustness,robust-s1-history-50,Revon-H,ok,warmup,1,3,20260923,10000,50,100,spread,32,a1e8f0e19789e28a16b7f0c82e93d03ae8f291f905ee2523bad2f710ecd9a581,hybrid,merkle,4096,133.3237,42.26965,45.5646,24.4004,11767808,450000,26.150684444444444,11317808,,not sampled,,72650752,2.1875,104982718,217224462,21.90043283577448,external parent process-tree RSS/CPU/I-O sampler (10 ms; psutil or Linux /proc; isolated trial),4309,tree node pairs,4006,True,,3.14.3,Windows-11-10.0.26200-SP0,
006db74792484b3a90a6254558c50300,2026-09-23T23:31:06.232512+00:00,robustness,robust-s1-history-50,Dolt,ok,warmup,2,1,20260923,10000,50,100,spread,32,a1e8f0e19789e28a16b7f0c82e93d03ae8f291f905ee2523bad2f710ecd9a581,dolt-native,dolt-native,4096,825.6717,597.37085,366.1557,240.5057,13055246,450000,29.011657777777778,12605246,,not sampled,,178606080,31.046875,1045737531,27183501,1.6165973959532294,external parent process-tree RSS/CPU/I-O sampler (10 ms; psutil or Linux /proc; isolated trial),,not exposed by Dolt CLI,4006,True,,3.14.3,Windows-11-10.0.26200-SP0,Dolt 2.3.1
006db74792484b3a90a6254558c50300,2026-09-23T23:31:10.669242+00:00,robustness,robust-s1-history-50,Revon-H,ok,warmup,2,2,20260923,10000,50,100,spread,32,a1e8f0e19789e28a16b7f0c82e93d03ae8f291f905ee2523bad2f710ecd9a581,hybrid,merkle,4096,142.2342,45.832750000000004,64.9706,32.1906,11771904,450000,26.159786666666665,11321904,,not sampled,,72298496,2.96875,99703755,217564785,18.049443562729127,external parent process-tree RSS/CPU/I-O sampler (10 ms; psutil or Linux /proc; isolated trial),4309,tree node pairs,4006,True,,3.14.3,Windows-11-10.0.26200-SP0,
006db74792484b3a90a6254558c50300,2026-09-23T23:31:15.143363+00:00,robustness,robust-s1-history-50,Revon-M (forced Merkle),ok,warmup,2,3,20260923,10000,50,100,spread,32,a1e8f0e19789e28a16b7f0c82e93d03ae8f291f905ee2523bad2f710ecd9a581,merkle,merkle,4096,175.7396,47.2687,43.893,23.117,11673600,450000,25.941333333333333,11223600,,not sampled,,72646656,3.078125,102585096,217351096,18.028655899520675,external parent process-tree RSS/CPU/I-O sampler (10 ms; psutil or Linux /proc; isolated trial),4309,tree node pairs,4006,True,,3.14.3,Windows-11-10.0.26200-SP0,
006db74792484b3a90a6254558c50300,2026-09-23T23:31:18.861178+00:00,robustness,robust-s1-history-50,Revon-H,ok,measured,1,1,20260923,10000,50,100,spread,32,a1e8f0e19789e28a16b7f0c82e93d03ae8f291f905ee2523bad2f710ecd9a581,hybrid,merkle,4096,160.6109,43.44745,46.258,21.9634,11710464,450000,26.023253333333333,11260464,,not sampled,,71757824,2.484375,112120876,215042795,22.50938191038025,external parent process-tree RSS/CPU/I-O sampler (10 ms; psutil or Linux /proc; isolated trial),4309,tree node pairs,4006,True,,3.14.3,Windows-11-10.0.26200-SP0,
006db74792484b3a90a6254558c50300,2026-09-23T23:31:22.827643+00:00,robustness,robust-s1-history-50,Revon-M (forced Merkle),ok,measured,1,2,20260923,10000,50,100,spread,32,a1e8f0e19789e28a16b7f0c82e93d03ae8f291f905ee2523bad2f710ecd9a581,merkle,merkle,4096,140.2767,43.4242,48.0506,23.7581,11694080,450000,25.986844444444444,11244080,,not sampled,,72941568,2.703125,110265098,215723991,19.99715720413186,external parent process-tree RSS/CPU/I-O sampler (10 ms; psutil or Linux /proc; isolated trial),4309,tree node pairs,4006,True,,3.14.3,Windows-11-10.0.26200-SP0,
006db74792484b3a90a6254558c50300,2026-09-23T23:31:56.518769+00:00,robustness,robust-s1-history-50,Dolt,ok,measured,1,3,20260923,10000,50,100,spread,32,a1e8f0e19789e28a16b7f0c82e93d03ae8f291f905ee2523bad2f710ecd9a581,dolt-native,dolt-native,4096,791.0754,589.8929,348.0172,243.302,13054886,450000,29.010857777777776,12604886,,not sampled,,167616512,31.453125,1070010048,27395477,1.6501429492434643,external parent process-tree RSS/CPU/I-O sampler (10 ms; psutil or Linux /proc; isolated trial),,not exposed by Dolt CLI,4006,True,,3.14.3,Windows-11-10.0.26200-SP0,Dolt 2.3.1
006db74792484b3a90a6254558c50300,2026-09-23T23:31:59.841231+00:00,robustness,robust-s1-history-50,Revon-M (forced Merkle),ok,measured,2,1,20260923,10000,50,100,spread,32,a1e8f0e19789e28a16b7f0c82e93d03ae8f291f905ee2523bad2f710ecd9a581,merkle,merkle,4096,135.9259,40.865,26.2699,14.4513,11747328,450000,26.105173333333333,11297328,,not sampled,,73011200,2.375,98054922,215219591,25.407104385342436,external parent process-tree RSS/CPU/I-O sampler (10 ms; psutil or Linux /proc; isolated trial),4309,tree node pairs,4006,True,,3.14.3,Windows-11-10.0.26200-SP0,
006db74792484b3a90a6254558c50300,2026-09-23T23:32:34.461921+00:00,robustness,robust-s1-history-50,Dolt,ok,measured,2,2,20260923,10000,50,100,spread,32,a1e8f0e19789e28a16b7f0c82e93d03ae8f291f905ee2523bad2f710ecd9a581,dolt-native,dolt-native,4096,1004.499,607.4828,339.8938,235.6972,13055241,450000,29.011646666666667,12605241,,not sampled,,168206336,30.78125,1048796651,27029130,1.6045936718413454,external parent process-tree RSS/CPU/I-O sampler (10 ms; psutil or Linux /proc; isolated trial),,not exposed by Dolt CLI,4006,True,,3.14.3,Windows-11-10.0.26200-SP0,Dolt 2.3.1
006db74792484b3a90a6254558c50300,2026-09-23T23:32:38.262953+00:00,robustness,robust-s1-history-50,Revon-H,ok,measured,2,3,20260923,10000,50,100,spread,32,a1e8f0e19789e28a16b7f0c82e93d03ae8f291f905ee2523bad2f710ecd9a581,hybrid,merkle,4096,133.4292,43.262550000000005,38.5473,23.169,11743232,450000,26.09607111111111,11293232,,not sampled,,72572928,2.53125,103781130,215334933,20.929623554767634,external parent process-tree RSS/CPU/I-O sampler (10 ms; psutil or Linux /proc; isolated trial),4309,tree node pairs,4006,True,,3.14.3,Windows-11-10.0.26200-SP0,
006db74792484b3a90a6254558c50300,2026-09-23T23:33:14.109244+00:00,robustness,robust-s1-history-50,Dolt,ok,measured,3,1,20260923,10000,50,100,spread,32,a1e8f0e19789e28a16b7f0c82e93d03ae8f291f905ee2523bad2f710ecd9a581,dolt-native,dolt-native,4096,903.4045,638.25065,372.3072,276.6993,13055033,450000,29.011184444444446,12605033,,not sampled,,177618944,33.625,1063206116,27228457,1.5473871388664184,external parent process-tree RSS/CPU/I-O sampler (10 ms; psutil or Linux /proc; isolated trial),,not exposed by Dolt CLI,4006,True,,3.14.3,Windows-11-10.0.26200-SP0,Dolt 2.3.1
006db74792484b3a90a6254558c50300,2026-09-23T23:33:17.576049+00:00,robustness,robust-s1-history-50,Revon-H,ok,measured,3,2,20260923,10000,50,100,spread,32,a1e8f0e19789e28a16b7f0c82e93d03ae8f291f905ee2523bad2f710ecd9a581,hybrid,merkle,4096,162.7765,41.780150000000006,50.8512,23.291,11632640,450000,25.85031111111111,11182640,,not sampled,,71790592,2.5,106115850,215277120,24.91384294831613,external parent process-tree RSS/CPU/I-O sampler (10 ms; psutil or Linux /proc; isolated trial),4309,tree node pairs,4006,True,,3.14.3,Windows-11-10.0.26200-SP0,
006db74792484b3a90a6254558c50300,2026-09-23T23:33:20.802841+00:00,robustness,robust-s1-history-50,Revon-M (forced Merkle),ok,measured,3,3,20260923,10000,50,100,spread,32,a1e8f0e19789e28a16b7f0c82e93d03ae8f291f905ee2523bad2f710ecd9a581,merkle,merkle,4096,137.6805,40.061400000000006,26.0181,14.5832,11751424,450000,26.114275555555555,11301424,,not sampled,,72232960,2.171875,97772298,216589003,25.889350985038025,external parent process-tree RSS/CPU/I-O sampler (10 ms; psutil or Linux /proc; isolated trial),4309,tree node pairs,4006,True,,3.14.3,Windows-11-10.0.26200-SP0,
006db74792484b3a90a6254558c50300,2026-09-23T23:33:24.746687+00:00,robustness,robust-s1-history-50,Revon-H,ok,measured,4,1,20260923,10000,50,100,spread,32,a1e8f0e19789e28a16b7f0c82e93d03ae8f291f905ee2523bad2f710ecd9a581,hybrid,merkle,4096,158.8995,44.07015,46.3629,22.7303,11722752,450000,26.05056,11272752,,not sampled,,72749056,2.453125,97860066,216990774,20.59224278682564,external parent process-tree RSS/CPU/I-O sampler (10 ms; psutil or Linux /proc; isolated trial),4309,tree node pairs,4006,True,,3.14.3,Windows-11-10.0.26200-SP0,
006db74792484b3a90a6254558c50300,2026-09-23T23:33:28.842686+00:00,robustness,robust-s1-history-50,Revon-M (forced Merkle),ok,measured,4,2,20260923,10000,50,100,spread,32,a1e8f0e19789e28a16b7f0c82e93d03ae8f291f905ee2523bad2f710ecd9a581,merkle,merkle,4096,151.4211,47.84065,47.9147,23.1328,11755520,450000,26.123377777777776,11305520,,not sampled,,71954432,2.796875,101425930,216248696,19.40256777462443,external parent process-tree RSS/CPU/I-O sampler (10 ms; psutil or Linux /proc; isolated trial),4309,tree node pairs,4006,True,,3.14.3,Windows-11-10.0.26200-SP0,
006db74792484b3a90a6254558c50300,2026-09-23T23:34:03.845896+00:00,robustness,robust-s1-history-50,Dolt,ok,measured,4,3,20260923,10000,50,100,spread,32,a1e8f0e19789e28a16b7f0c82e93d03ae8f291f905ee2523bad2f710ecd9a581,dolt-native,dolt-native,4096,932.2216,620.2609500000001,341.896,232.7084,13055095,450000,29.011322222222223,12605095,,not sampled,,171307008,31.0,1033587518,26899607,1.592332047320325,external parent process-tree RSS/CPU/I-O sampler (10 ms; psutil or Linux /proc; isolated trial),,not exposed by Dolt CLI,4006,True,,3.14.3,Windows-11-10.0.26200-SP0,Dolt 2.3.1
006db74792484b3a90a6254558c50300,2026-09-23T23:34:08.185471+00:00,robustness,robust-s1-history-50,Revon-M (forced Merkle),ok,measured,5,1,20260923,10000,50,100,spread,32,a1e8f0e19789e28a16b7f0c82e93d03ae8f291f905ee2523bad2f710ecd9a581,merkle,merkle,4096,149.8031,47.8331,46.7368,23.5659,11800576,450000,26.223502222222223,11350576,,not sampled,,72830976,3.046875,98902794,215842187,18.73161351646258,external parent process-tree RSS/CPU/I-O sampler (10 ms; psutil or Linux /proc; isolated trial),4309,tree node pairs,4006,True,,3.14.3,Windows-11-10.0.26200-SP0,
006db74792484b3a90a6254558c50300,2026-09-23T23:34:44.000993+00:00,robustness,robust-s1-history-50,Dolt,ok,measured,5,2,20260923,10000,50,100,spread,32,a1e8f0e19789e28a16b7f0c82e93d03ae8f291f905ee2523bad2f710ecd9a581,dolt-native,dolt-native,4096,864.5388,625.18135,359.0463,241.8817,13055122,450000,29.011382222222224,12605122,,not sampled,,168656896,33.015625,1067363485,27523371,1.5635867025306756,external parent process-tree RSS/CPU/I-O sampler (10 ms; psutil or Linux /proc; isolated trial),,not exposed by Dolt CLI,4006,True,,3.14.3,Windows-11-10.0.26200-SP0,Dolt 2.3.1
006db74792484b3a90a6254558c50300,2026-09-23T23:34:47.516547+00:00,robustness,robust-s1-history-50,Revon-H,ok,measured,5,3,20260923,10000,50,100,spread,32,a1e8f0e19789e28a16b7f0c82e93d03ae8f291f905ee2523bad2f710ecd9a581,hybrid,merkle,4096,154.1256,40.580200000000005,68.5864,27.1597,11661312,450000,25.91402666666667,11211312,,not sampled,,72364032,2.546875,101229322,214912178,25.200862212219384,external parent process-tree RSS/CPU/I-O sampler (10 ms; psutil or Linux /proc; isolated trial),4309,tree node pairs,4006,True,,3.14.3,Windows-11-10.0.26200-SP0,
006db74792484b3a90a6254558c50300,2026-09-23T23:35:24.124227+00:00,robustness,robust-s1-history-50,Dolt,ok,measured,6,1,20260923,10000,50,100,spread,32,a1e8f0e19789e28a16b7f0c82e93d03ae8f291f905ee2523bad2f710ecd9a581,dolt-native,dolt-native,4096,813.2683,650.2567,361.2932,260.5794,13055639,450000,29.012531111111112,12605639,,not sampled,,169291776,33.203125,1057962782,27288946,1.5072710272025525,external parent process-tree RSS/CPU/I-O sampler (10 ms; psutil or Linux /proc; isolated trial),,not exposed by Dolt CLI,4006,True,,3.14.3,Windows-11-10.0.26200-SP0,Dolt 2.3.1
006db74792484b3a90a6254558c50300,2026-09-23T23:35:27.851216+00:00,robustness,robust-s1-history-50,Revon-H,ok,measured,6,2,20260923,10000,50,100,spread,32,a1e8f0e19789e28a16b7f0c82e93d03ae8f291f905ee2523bad2f710ecd9a581,hybrid,merkle,4096,161.902,42.301649999999995,54.6237,28.2178,11694080,450000,25.986844444444444,11244080,,not sampled,,72601600,2.5,97628938,216624882,23.336123867025357,external parent process-tree RSS/CPU/I-O sampler (10 ms; psutil or Linux /proc; isolated trial),4309,tree node pairs,4006,True,,3.14.3,Windows-11-10.0.26200-SP0,
006db74792484b3a90a6254558c50300,2026-09-23T23:35:32.203597+00:00,robustness,robust-s1-history-50,Revon-M (forced Merkle),ok,measured,6,3,20260923,10000,50,100,spread,32,a1e8f0e19789e28a16b7f0c82e93d03ae8f291f905ee2523bad2f710ecd9a581,merkle,merkle,4096,164.5093,46.68145,47.6215,25.5599,11685888,450000,25.96864,11235888,,not sampled,,72286208,2.96875,122700554,216469626,18.24697381238111,external parent process-tree RSS/CPU/I-O sampler (10 ms; psutil or Linux /proc; isolated trial),4309,tree node pairs,4006,True,,3.14.3,Windows-11-10.0.26200-SP0,
006db74792484b3a90a6254558c50300,2026-09-23T23:35:36.646781+00:00,robustness,robust-s1-history-50,Revon-H,ok,measured,7,1,20260923,10000,50,100,spread,32,a1e8f0e19789e28a16b7f0c82e93d03ae8f291f905ee2523bad2f710ecd9a581,hybrid,merkle,4096,202.7232,49.3942,50.5508,27.1064,11698176,450000,25.995946666666665,11248176,,not sampled,,72359936,3.1875,100619018,214985459,18.30579568081341,external parent process-tree RSS/CPU/I-O sampler (10 ms; psutil or Linux /proc; isolated trial),4309,tree node pairs,4006,True,,3.14.3,Windows-11-10.0.26200-SP0,
006db74792484b3a90a6254558c50300,2026-09-23T23:35:40.603180+00:00,robustness,robust-s1-history-50,Revon-M (forced Merkle),ok,measured,7,2,20260923,10000,50,100,spread,32,a1e8f0e19789e28a16b7f0c82e93d03ae8f291f905ee2523bad2f710ecd9a581,merkle,merkle,4096,172.6866,44.32035,33.2251,22.7851,11694080,450000,25.986844444444444,11244080,,not sampled,,71634944,2.71875,98621632,215789021,21.046463857328547,external parent process-tree RSS/CPU/I-O sampler (10 ms; psutil or Linux /proc; isolated trial),4309,tree node pairs,4006,True,,3.14.3,Windows-11-10.0.26200-SP0,
006db74792484b3a90a6254558c50300,2026-09-23T23:36:17.931177+00:00,robustness,robust-s1-history-50,Dolt,ok,measured,7,3,20260923,10000,50,100,spread,32,a1e8f0e19789e28a16b7f0c82e93d03ae8f291f905ee2523bad2f710ecd9a581,dolt-native,dolt-native,4096,952.8929,656.03025,381.7427,292.7081,13054674,450000,29.010386666666665,12604674,,not sampled,,179593216,34.5625,1063581907,27143782,1.4872949140784375,external parent process-tree RSS/CPU/I-O sampler (10 ms; psutil or Linux /proc; isolated trial),,not exposed by Dolt CLI,4006,True,,3.14.3,Windows-11-10.0.26200-SP0,Dolt 2.3.1
006db74792484b3a90a6254558c50300,2026-09-23T23:36:27.482453+00:00,robustness,robust-s1-range-local,Dolt,ok,warmup,1,1,20260923,10000,10,100,range-local,32,c50bad9a5279f1edaf2c6f54d261e4b70070e26c0f3e9291b774eb35b2a6cd30,dolt-native,dolt-native,4096,766.7326,651.6015500000001,239.4086,256.6144,785205,450000,1.7449,335205,,not sampled,,154365952,8.59375,28457440,3281293,1.4529344619476392,external parent process-tree RSS/CPU/I-O sampler (10 ms; psutil or Linux /proc; isolated trial),,not exposed by Dolt CLI,907,True,,3.14.3,Windows-11-10.0.26200-SP0,Dolt 2.3.1
006db74792484b3a90a6254558c50300,2026-09-23T23:36:28.590060+00:00,robustness,robust-s1-range-local,Revon-H,ok,warmup,1,2,20260923,10000,10,100,range-local,32,c50bad9a5279f1edaf2c6f54d261e4b70070e26c0f3e9291b774eb35b2a6cd30,hybrid,log,4096,164.7764,30.4976,6.2097,10.3805,4481024,450000,9.957831111111112,4031024,,not sampled,,53329920,0.703125,16683150,34846329,33.8461819645204,external parent process-tree RSS/CPU/I-O sampler (10 ms; psutil or Linux /proc; isolated trial),1000,log operations,907,True,,3.14.3,Windows-11-10.0.26200-SP0,
006db74792484b3a90a6254558c50300,2026-09-23T23:36:29.645891+00:00,robustness,robust-s1-range-local,Revon-M (forced Merkle),ok,warmup,1,3,20260923,10000,10,100,range-local,32,c50bad9a5279f1edaf2c6f54d261e4b70070e26c0f3e9291b774eb35b2a6cd30,merkle,merkle,4096,169.1771,33.74185,10.5925,13.2529,4501504,450000,10.003342222222223,4051504,,not sampled,,53301248,0.78125,16654478,34600337,30.61509085181286,external parent process-tree RSS/CPU/I-O sampler (10 ms; psutil or Linux /proc; isolated trial),3618,tree node pairs,907,True,,3.14.3,Windows-11-10.0.26200-SP0,
006db74792484b3a90a6254558c50300,2026-09-23T23:36:30.910113+00:00,robustness,robust-s1-range-local,Revon-H,ok,warmup,2,1,20260923,10000,10,100,range-local,32,c50bad9a5279f1edaf2c6f54d261e4b70070e26c0f3e9291b774eb35b2a6cd30,hybrid,log,4096,199.3125,38.02425,7.649,18.6462,4476928,450000,9.948728888888889,4026928,,not sampled,,52785152,0.921875,16556174,34957027,25.911172871831162,external parent process-tree RSS/CPU/I-O sampler (10 ms; psutil or Linux /proc; isolated trial),1000,log operations,907,True,,3.14.3,Windows-11-10.0.26200-SP0,
006db74792484b3a90a6254558c50300,2026-09-23T23:36:32.110955+00:00,robustness,robust-s1-range-local,Revon-M (forced Merkle),ok,warmup,2,2,20260923,10000,10,100,range-local,32,c50bad9a5279f1edaf2c6f54d261e4b70070e26c0f3e9291b774eb35b2a6cd30,merkle,merkle,4096,163.6057,38.7158,8.6777,11.4526,4485120,450000,9.966933333333333,4035120,,not sampled,,53231616,0.8125,22122638,34936550,23.01578606734787,external parent process-tree RSS/CPU/I-O sampler (10 ms; psutil or Linux /proc; isolated trial),3618,tree node pairs,907,True,,3.14.3,Windows-11-10.0.26200-SP0,
006db74792484b3a90a6254558c50300,2026-09-23T23:36:42.649339+00:00,robustness,robust-s1-range-local,Dolt,ok,warmup,2,3,20260923,10000,10,100,range-local,32,c50bad9a5279f1edaf2c6f54d261e4b70070e26c0f3e9291b774eb35b2a6cd30,dolt-native,dolt-native,4096,794.2904,803.43245,258.1672,276.4426,784808,450000,1.7440177777777777,334808,,not sampled,,163938304,10.0,28445527,3260181,1.262911358487101,external parent process-tree RSS/CPU/I-O sampler (10 ms; psutil or Linux /proc; isolated trial),,not exposed by Dolt CLI,907,True,,3.14.3,Windows-11-10.0.26200-SP0,Dolt 2.3.1
006db74792484b3a90a6254558c50300,2026-09-23T23:36:53.069745+00:00,robustness,robust-s1-range-local,Dolt,ok,measured,1,1,20260923,10000,10,100,range-local,32,c50bad9a5279f1edaf2c6f54d261e4b70070e26c0f3e9291b774eb35b2a6cd30,dolt-native,dolt-native,4096,1003.2523,679.27685,226.4509,248.5716,785014,450000,1.7444755555555556,335014,,not sampled,,171556864,9.25,28448592,3237047,1.3755232542041116,external parent process-tree RSS/CPU/I-O sampler (10 ms; psutil or Linux /proc; isolated trial),,not exposed by Dolt CLI,907,True,,3.14.3,Windows-11-10.0.26200-SP0,Dolt 2.3.1
006db74792484b3a90a6254558c50300,2026-09-23T23:36:54.186784+00:00,robustness,robust-s1-range-local,Revon-M (forced Merkle),ok,measured,1,2,20260923,10000,10,100,range-local,32,c50bad9a5279f1edaf2c6f54d261e4b70070e26c0f3e9291b774eb35b2a6cd30,merkle,merkle,4096,166.3834,32.0743,9.4419,11.0726,4481024,450000,9.957831111111112,4031024,,not sampled,,52899840,0.765625,16720016,34904253,31.289121179324525,external parent process-tree RSS/CPU/I-O sampler (10 ms; psutil or Linux /proc; isolated trial),3618,tree node pairs,907,True,,3.14.3,Windows-11-10.0.26200-SP0,
006db74792484b3a90a6254558c50300,2026-09-23T23:36:55.186737+00:00,robustness,robust-s1-range-local,Revon-H,ok,measured,1,3,20260923,10000,10,100,range-local,32,c50bad9a5279f1edaf2c6f54d261e4b70070e26c0f3e9291b774eb35b2a6cd30,hybrid,log,4096,150.3909,32.342600000000004,5.4162,11.5895,4468736,450000,9.930524444444444,4018736,,not sampled,,53747712,0.78125,16539792,34596264,31.488366937718528,external parent process-tree RSS/CPU/I-O sampler (10 ms; psutil or Linux /proc; isolated trial),1000,log operations,907,True,,3.14.3,Windows-11-10.0.26200-SP0,
006db74792484b3a90a6254558c50300,2026-09-23T23:36:56.190248+00:00,robustness,robust-s1-range-local,Revon-M (forced Merkle),ok,measured,2,1,20260923,10000,10,100,range-local,32,c50bad9a5279f1edaf2c6f54d261e4b70070e26c0f3e9291b774eb35b2a6cd30,merkle,merkle,4096,144.0206,32.18235,9.2214,11.2252,4505600,450000,10.012444444444444,4055600,,not sampled,,53047296,0.703125,18145424,34796598,32.31856278058573,external parent process-tree RSS/CPU/I-O sampler (10 ms; psutil or Linux /proc; isolated trial),3618,tree node pairs,907,True,,3.14.3,Windows-11-10.0.26200-SP0,
006db74792484b3a90a6254558c50300,2026-09-23T23:36:57.198765+00:00,robustness,robust-s1-range-local,Revon-H,ok,measured,2,2,20260923,10000,10,100,range-local,32,c50bad9a5279f1edaf2c6f54d261e4b70070e26c0f3e9291b774eb35b2a6cd30,hybrid,log,4096,142.8796,34.195049999999995,6.3432,12.8399,4460544,450000,9.91232,4010544,,not sampled,,53444608,0.671875,16662672,34842770,31.983481171644467,external parent process-tree RSS/CPU/I-O sampler (10 ms; psutil or Linux /proc; isolated trial),1000,log operations,907,True,,3.14.3,Windows-11-10.0.26200-SP0,
006db74792484b3a90a6254558c50300,2026-09-23T23:37:06.440585+00:00,robustness,robust-s1-range-local,Dolt,ok,measured,2,3,20260923,10000,10,100,range-local,32,c50bad9a5279f1edaf2c6f54d261e4b70070e26c0f3e9291b774eb35b2a6cd30,dolt-native,dolt-native,4096,712.3038,633.64645,244.8378,246.3735,785012,450000,1.744471111111111,335012,,not sampled,,150982656,8.4375,28447411,3201352,1.4811168195492728,external parent process-tree RSS/CPU/I-O sampler (10 ms; psutil or Linux /proc; isolated trial),,not exposed by Dolt CLI,907,True,,3.14.3,Windows-11-10.0.26200-SP0,Dolt 2.3.1
006db74792484b3a90a6254558c50300,2026-09-23T23:37:07.453589+00:00,robustness,robust-s1-range-local,Revon-H,ok,measured,3,1,20260923,10000,10,100,range-local,32,c50bad9a5279f1edaf2c6f54d261e4b70070e26c0f3e9291b774eb35b2a6cd30,hybrid,log,4096,140.6715,29.0257,5.3546,10.0928,4472832,450000,9.939626666666667,4022832,,not sampled,,53325824,0.625,16609424,34719245,35.434329203344156,external parent process-tree RSS/CPU/I-O sampler (10 ms; psutil or Linux /proc; isolated trial),1000,log operations,907,True,,3.14.3,Windows-11-10.0.26200-SP0,
006db74792484b3a90a6254558c50300,2026-09-23T23:37:17.153227+00:00,robustness,robust-s1-range-local,Dolt,ok,measured,3,2,20260923,10000,10,100,range-local,32,c50bad9a5279f1edaf2c6f54d261e4b70070e26c0f3e9291b774eb35b2a6cd30,dolt-native,dolt-native,4096,780.3211,692.68085,270.2875,292.0366,785263,450000,1.745028888888889,335263,,not sampled,,160112640,9.21875,28458395,3230898,1.4207743003979474,external parent process-tree RSS/CPU/I-O sampler (10 ms; psutil or Linux /proc; isolated trial),,not exposed by Dolt CLI,907,True,,3.14.3,Windows-11-10.0.26200-SP0,Dolt 2.3.1
006db74792484b3a90a6254558c50300,2026-09-23T23:37:18.248381+00:00,robustness,robust-s1-range-local,Revon-M (forced Merkle),ok,measured,3,3,20260923,10000,10,100,range-local,32,c50bad9a5279f1edaf2c6f54d261e4b70070e26c0f3e9291b774eb35b2a6cd30,merkle,merkle,4096,148.479,30.96395,8.037,10.868,4481024,450000,9.957831111111112,4031024,,not sampled,,53157888,0.6875,16514986,34766800,32.09466127775907,external parent process-tree RSS/CPU/I-O sampler (10 ms; psutil or Linux /proc; isolated trial),3618,tree node pairs,907,True,,3.14.3,Windows-11-10.0.26200-SP0,
006db74792484b3a90a6254558c50300,2026-09-23T23:37:28.206516+00:00,robustness,robust-s1-range-local,Dolt,ok,measured,4,1,20260923,10000,10,100,range-local,32,c50bad9a5279f1edaf2c6f54d261e4b70070e26c0f3e9291b774eb35b2a6cd30,dolt-native,dolt-native,4096,1003.6322,709.90075,230.5259,251.1952,785003,450000,1.7444511111111112,335003,,not sampled,,148987904,9.078125,28458159,3267478,1.4013488066344784,external parent process-tree RSS/CPU/I-O sampler (10 ms; psutil or Linux /proc; isolated trial),,not exposed by Dolt CLI,907,True,,3.14.3,Windows-11-10.0.26200-SP0,Dolt 2.3.1
006db74792484b3a90a6254558c50300,2026-09-23T23:37:29.236878+00:00,robustness,robust-s1-range-local,Revon-M (forced Merkle),ok,measured,4,2,20260923,10000,10,100,range-local,32,c50bad9a5279f1edaf2c6f54d261e4b70070e26c0f3e9291b774eb35b2a6cd30,merkle,merkle,4096,145.125,28.04815,8.3525,9.9905,4493312,450000,9.985137777777778,4043312,,not sampled,,52682752,0.640625,11260048,34723335,34.67651664680859,external parent process-tree RSS/CPU/I-O sampler (10 ms; psutil or Linux /proc; isolated trial),3618,tree node pairs,907,True,,3.14.3,Windows-11-10.0.26200-SP0,
006db74792484b3a90a6254558c50300,2026-09-23T23:37:30.230515+00:00,robustness,robust-s1-range-local,Revon-H,ok,measured,4,3,20260923,10000,10,100,range-local,32,c50bad9a5279f1edaf2c6f54d261e4b70070e26c0f3e9291b774eb35b2a6cd30,hybrid,log,4096,160.8268,29.96845,5.3742,10.9387,4481024,450000,9.957831111111112,4031024,,not sampled,,52113408,0.609375,16638096,34912465,33.58989293557526,external parent process-tree RSS/CPU/I-O sampler (10 ms; psutil or Linux /proc; isolated trial),1000,log operations,907,True,,3.14.3,Windows-11-10.0.26200-SP0,
006db74792484b3a90a6254558c50300,2026-09-23T23:37:31.149227+00:00,robustness,robust-s1-range-local,Revon-M (forced Merkle),ok,measured,5,1,20260923,10000,10,100,range-local,32,c50bad9a5279f1edaf2c6f54d261e4b70070e26c0f3e9291b774eb35b2a6cd30,merkle,merkle,4096,142.1807,26.6249,8.8824,9.6806,4501504,450000,10.003342222222223,4051504,,not sampled,,52965376,0.578125,11288720,34711025,36.123891944769454,external parent process-tree RSS/CPU/I-O sampler (10 ms; psutil or Linux /proc; isolated trial),3618,tree node pairs,907,True,,3.14.3,Windows-11-10.0.26200-SP0,
006db74792484b3a90a6254558c50300,2026-09-23T23:37:32.082692+00:00,robustness,robust-s1-range-local,Revon-H,ok,measured,5,2,20260923,10000,10,100,range-local,32,c50bad9a5279f1edaf2c6f54d261e4b70070e26c0f3e9291b774eb35b2a6cd30,hybrid,log,4096,135.9726,30.964750000000002,5.0355,11.1221,4542464,450000,10.094364444444444,4092464,,not sampled,,53358592,0.59375,16531600,34669977,34.366115285257656,external parent process-tree RSS/CPU/I-O sampler (10 ms; psutil or Linux /proc; isolated trial),1000,log operations,907,True,,3.14.3,Windows-11-10.0.26200-SP0,
006db74792484b3a90a6254558c50300,2026-09-23T23:37:42.035009+00:00,robustness,robust-s1-range-local,Dolt,ok,measured,5,3,20260923,10000,10,100,range-local,32,c50bad9a5279f1edaf2c6f54d261e4b70070e26c0f3e9291b774eb35b2a6cd30,dolt-native,dolt-native,4096,985.9635,686.3372999999999,239.8724,254.2858,784555,450000,1.7434555555555555,334555,,not sampled,,157974528,8.640625,28436778,3194014,1.3881106022652383,external parent process-tree RSS/CPU/I-O sampler (10 ms; psutil or Linux /proc; isolated trial),,not exposed by Dolt CLI,907,True,,3.14.3,Windows-11-10.0.26200-SP0,Dolt 2.3.1
006db74792484b3a90a6254558c50300,2026-09-23T23:37:43.160638+00:00,robustness,robust-s1-range-local,Revon-H,ok,measured,6,1,20260923,10000,10,100,range-local,32,c50bad9a5279f1edaf2c6f54d261e4b70070e26c0f3e9291b774eb35b2a6cd30,hybrid,log,4096,155.9595,30.7907,5.9736,10.6679,4497408,450000,9.99424,4047408,,not sampled,,52695040,0.640625,19587216,35191223,29.541809489006464,external parent process-tree RSS/CPU/I-O sampler (10 ms; psutil or Linux /proc; isolated trial),1000,log operations,907,True,,3.14.3,Windows-11-10.0.26200-SP0,
006db74792484b3a90a6254558c50300,2026-09-23T23:37:53.585273+00:00,robustness,robust-s1-range-local,Dolt,ok,measured,6,2,20260923,10000,10,100,range-local,32,c50bad9a5279f1edaf2c6f54d261e4b70070e26c0f3e9291b774eb35b2a6cd30,dolt-native,dolt-native,4096,1066.9361,706.953,250.3377,257.0266,785684,450000,1.7459644444444444,335684,,not sampled,,158371840,9.3125,28468049,3244163,1.3413344829464076,external parent process-tree RSS/CPU/I-O sampler (10 ms; psutil or Linux /proc; isolated trial),,not exposed by Dolt CLI,907,True,,3.14.3,Windows-11-10.0.26200-SP0,Dolt 2.3.1
006db74792484b3a90a6254558c50300,2026-09-23T23:37:54.620363+00:00,robustness,robust-s1-range-local,Revon-M (forced Merkle),ok,measured,6,3,20260923,10000,10,100,range-local,32,c50bad9a5279f1edaf2c6f54d261e4b70070e26c0f3e9291b774eb35b2a6cd30,merkle,merkle,4096,146.844,29.3232,9.0894,9.5127,4513792,450000,10.030648888888889,4063792,,not sampled,,53141504,0.671875,16519312,34633111,35.47339601718899,external parent process-tree RSS/CPU/I-O sampler (10 ms; psutil or Linux /proc; isolated trial),3618,tree node pairs,907,True,,3.14.3,Windows-11-10.0.26200-SP0,
006db74792484b3a90a6254558c50300,2026-09-23T23:38:04.528365+00:00,robustness,robust-s1-range-local,Dolt,ok,measured,7,1,20260923,10000,10,100,range-local,32,c50bad9a5279f1edaf2c6f54d261e4b70070e26c0f3e9291b774eb35b2a6cd30,dolt-native,dolt-native,4096,841.4206,664.421,274.6949,340.8455,785238,450000,1.7449733333333333,335238,,not sampled,,164876288,8.8125,28457036,3248252,1.423889963150582,external parent process-tree RSS/CPU/I-O sampler (10 ms; psutil or Linux /proc; isolated trial),,not exposed by Dolt CLI,907,True,,3.14.3,Windows-11-10.0.26200-SP0,Dolt 2.3.1
006db74792484b3a90a6254558c50300,2026-09-23T23:38:05.632990+00:00,robustness,robust-s1-range-local,Revon-M (forced Merkle),ok,measured,7,2,20260923,10000,10,100,range-local,32,c50bad9a5279f1edaf2c6f54d261e4b70070e26c0f3e9291b774eb35b2a6cd30,merkle,merkle,4096,145.0477,32.09585,9.0585,11.5376,4505600,450000,10.012444444444444,4055600,,not sampled,,53104640,0.78125,16650154,34815968,32.132344128408555,external parent process-tree RSS/CPU/I-O sampler (10 ms; psutil or Linux /proc; isolated trial),3618,tree node pairs,907,True,,3.14.3,Windows-11-10.0.26200-SP0,
006db74792484b3a90a6254558c50300,2026-09-23T23:38:06.747382+00:00,robustness,robust-s1-range-local,Revon-H,ok,measured,7,3,20260923,10000,10,100,range-local,32,c50bad9a5279f1edaf2c6f54d261e4b70070e26c0f3e9291b774eb35b2a6cd30,hybrid,log,4096,172.2327,32.9357,7.631,15.6774,4481024,450000,9.957831111111112,4031024,,not sampled,,52891648,0.8125,16601232,34698739,28.77327722160631,external parent process-tree RSS/CPU/I-O sampler (10 ms; psutil or Linux /proc; isolated trial),1000,log operations,907,True,,3.14.3,Windows-11-10.0.26200-SP0,
006db74792484b3a90a6254558c50300,2026-09-23T23:38:07.892882+00:00,robustness,robust-s1-repeated-key,Revon-H,ok,warmup,1,1,20260923,10000,10,100,repeated-key,32,29306fabfccd1ee6a994b8f99605353a0d6b9b07f8ff7c228e8b37a04bec8b67,hybrid,log,4096,165.3715,31.57305,0.9653,11.8207,4444160,450000,9.875911111111112,3994160,,not sampled,,52211712,0.6875,11128976,34518898,30.984117541348308,external parent process-tree RSS/CPU/I-O sampler (10 ms; psutil or Linux /proc; isolated trial),1000,log operations,218,True,,3.14.3,Windows-11-10.0.26200-SP0,
006db74792484b3a90a6254558c50300,2026-09-23T23:38:17.985666+00:00,robustness,robust-s1-repeated-key,Dolt,ok,warmup,1,2,20260923,10000,10,100,repeated-key,32,29306fabfccd1ee6a994b8f99605353a0d6b9b07f8ff7c228e8b37a04bec8b67,dolt-native,dolt-native,4096,1206.5217,674.8634,214.0621,240.7083,807540,450000,1.7945333333333333,357540,,not sampled,,154103808,8.921875,28446027,3183412,1.4071212125028405,external parent process-tree RSS/CPU/I-O sampler (10 ms; psutil or Linux /proc; isolated trial),,not exposed by Dolt CLI,218,True,,3.14.3,Windows-11-10.0.26200-SP0,Dolt 2.3.1
006db74792484b3a90a6254558c50300,2026-09-23T23:38:19.073616+00:00,robustness,robust-s1-repeated-key,Revon-M (forced Merkle),ok,warmup,1,3,20260923,10000,10,100,repeated-key,32,29306fabfccd1ee6a994b8f99605353a0d6b9b07f8ff7c228e8b37a04bec8b67,merkle,merkle,4096,151.932,29.60025,2.2173,10.332,4472832,450000,9.939626666666667,4022832,,not sampled,,53002240,0.640625,11174032,34374871,32.92565880127554,external parent process-tree RSS/CPU/I-O sampler (10 ms; psutil or Linux /proc; isolated trial),1889,tree node pairs,218,True,,3.14.3,Windows-11-10.0.26200-SP0,
006db74792484b3a90a6254558c50300,2026-09-23T23:38:28.952618+00:00,robustness,robust-s1-repeated-key,Dolt,ok,warmup,2,1,20260923,10000,10,100,repeated-key,32,29306fabfccd1ee6a994b8f99605353a0d6b9b07f8ff7c228e8b37a04bec8b67,dolt-native,dolt-native,4096,739.013,655.2968000000001,233.1612,294.0863,807716,450000,1.7949244444444445,357716,,not sampled,,156925952,9.40625,28433311,3162900,1.3599593056657047,external parent process-tree RSS/CPU/I-O sampler (10 ms; psutil or Linux /proc; isolated trial),,not exposed by Dolt CLI,218,True,,3.14.3,Windows-11-10.0.26200-SP0,Dolt 2.3.1
006db74792484b3a90a6254558c50300,2026-09-23T23:38:29.960700+00:00,robustness,robust-s1-repeated-key,Revon-M (forced Merkle),ok,warmup,2,2,20260923,10000,10,100,repeated-key,32,29306fabfccd1ee6a994b8f99605353a0d6b9b07f8ff7c228e8b37a04bec8b67,merkle,merkle,4096,160.0149,27.81375,2.1521,10.7262,4493312,450000,9.985137777777778,4043312,,not sampled,,52813824,0.671875,11264144,34723338,35.271328219461026,external parent process-tree RSS/CPU/I-O sampler (10 ms; psutil or Linux /proc; isolated trial),1889,tree node pairs,218,True,,3.14.3,Windows-11-10.0.26200-SP0,
006db74792484b3a90a6254558c50300,2026-09-23T23:38:30.881247+00:00,robustness,robust-s1-repeated-key,Revon-H,ok,warmup,2,3,20260923,10000,10,100,repeated-key,32,29306fabfccd1ee6a994b8f99605353a0d6b9b07f8ff7c228e8b37a04bec8b67,hybrid,log,4096,139.7352,26.9337,0.9004,9.6772,4497408,450000,9.99424,4047408,,not sampled,,52789248,0.609375,11358352,34894102,35.83330347224711,external parent process-tree RSS/CPU/I-O sampler (10 ms; psutil or Linux /proc; isolated trial),1000,log operations,218,True,,3.14.3,Windows-11-10.0.26200-SP0,
006db74792484b3a90a6254558c50300,2026-09-23T23:38:31.804195+00:00,robustness,robust-s1-repeated-key,Revon-H,ok,measured,1,1,20260923,10000,10,100,repeated-key,32,29306fabfccd1ee6a994b8f99605353a0d6b9b07f8ff7c228e8b37a04bec8b67,hybrid,log,4096,141.2747,28.27515,0.8696,11.0551,4493312,450000,9.985137777777778,4043312,,not sampled,,53075968,0.625,11112594,34637232,34.540620114661046,external parent process-tree RSS/CPU/I-O sampler (10 ms; psutil or Linux /proc; isolated trial),1000,log operations,218,True,,3.14.3,Windows-11-10.0.26200-SP0,
006db74792484b3a90a6254558c50300,2026-09-23T23:38:41.406846+00:00,robustness,robust-s1-repeated-key,Dolt,ok,measured,1,2,20260923,10000,10,100,repeated-key,32,29306fabfccd1ee6a994b8f99605353a0d6b9b07f8ff7c228e8b37a04bec8b67,dolt-native,dolt-native,4096,732.124,651.49575,229.2531,244.576,807899,450000,1.7953311111111112,357899,,not sampled,,148881408,8.921875,28451456,3166786,1.415000462351401,external parent process-tree RSS/CPU/I-O sampler (10 ms; psutil or Linux /proc; isolated trial),,not exposed by Dolt CLI,218,True,,3.14.3,Windows-11-10.0.26200-SP0,Dolt 2.3.1
006db74792484b3a90a6254558c50300,2026-09-23T23:38:42.452107+00:00,robustness,robust-s1-repeated-key,Revon-M (forced Merkle),ok,measured,1,3,20260923,10000,10,100,repeated-key,32,29306fabfccd1ee6a994b8f99605353a0d6b9b07f8ff7c228e8b37a04bec8b67,merkle,merkle,4096,137.6776,27.6189,3.2125,13.8806,4476928,450000,9.948728888888889,4026928,,not sampled,,53211136,0.640625,11083922,34354894,33.72682419117173,external parent process-tree RSS/CPU/I-O sampler (10 ms; psutil or Linux /proc; isolated trial),1889,tree node pairs,218,True,,3.14.3,Windows-11-10.0.26200-SP0,
006db74792484b3a90a6254558c50300,2026-09-23T23:38:52.749507+00:00,robustness,robust-s1-repeated-key,Dolt,ok,measured,2,1,20260923,10000,10,100,repeated-key,32,29306fabfccd1ee6a994b8f99605353a0d6b9b07f8ff7c228e8b37a04bec8b67,dolt-native,dolt-native,4096,990.3229,725.5181,237.3732,251.6679,807934,450000,1.7954088888888888,357934,,not sampled,,152535040,9.515625,28454634,3175877,1.337316360720333,external parent process-tree RSS/CPU/I-O sampler (10 ms; psutil or Linux /proc; isolated trial),,not exposed by Dolt CLI,218,True,,3.14.3,Windows-11-10.0.26200-SP0,Dolt 2.3.1
006db74792484b3a90a6254558c50300,2026-09-23T23:38:53.882771+00:00,robustness,robust-s1-repeated-key,Revon-M (forced Merkle),ok,measured,2,2,20260923,10000,10,100,repeated-key,32,29306fabfccd1ee6a994b8f99605353a0d6b9b07f8ff7c228e8b37a04bec8b67,merkle,merkle,4096,148.5004,34.537949999999995,2.3666,12.1858,4501504,450000,10.003342222222223,4051504,,not sampled,,52690944,0.71875,11276434,34592134,29.85855405771778,external parent process-tree RSS/CPU/I-O sampler (10 ms; psutil or Linux /proc; isolated trial),1889,tree node pairs,218,True,,3.14.3,Windows-11-10.0.26200-SP0,
006db74792484b3a90a6254558c50300,2026-09-23T23:38:54.887550+00:00,robustness,robust-s1-repeated-key,Revon-H,ok,measured,2,3,20260923,10000,10,100,repeated-key,32,29306fabfccd1ee6a994b8f99605353a0d6b9b07f8ff7c228e8b37a04bec8b67,hybrid,log,4096,158.2051,29.14125,0.9817,10.9597,4456448,450000,9.903217777777778,4006448,,not sampled,,53301248,0.625,11112594,34506072,32.815795423706064,external parent process-tree RSS/CPU/I-O sampler (10 ms; psutil or Linux /proc; isolated trial),1000,log operations,218,True,,3.14.3,Windows-11-10.0.26200-SP0,
006db74792484b3a90a6254558c50300,2026-09-23T23:38:55.831708+00:00,robustness,robust-s1-repeated-key,Revon-M (forced Merkle),ok,measured,3,1,20260923,10000,10,100,repeated-key,32,29306fabfccd1ee6a994b8f99605353a0d6b9b07f8ff7c228e8b37a04bec8b67,merkle,merkle,4096,146.8149,27.55355,2.1019,11.4283,4497408,450000,9.99424,4047408,,not sampled,,52457472,0.625,11235474,34682338,35.505651967208394,external parent process-tree RSS/CPU/I-O sampler (10 ms; psutil or Linux /proc; isolated trial),1889,tree node pairs,218,True,,3.14.3,Windows-11-10.0.26200-SP0,
006db74792484b3a90a6254558c50300,2026-09-23T23:38:56.817081+00:00,robustness,robust-s1-repeated-key,Revon-H,ok,measured,3,2,20260923,10000,10,100,repeated-key,32,29306fabfccd1ee6a994b8f99605353a0d6b9b07f8ff7c228e8b37a04bec8b67,hybrid,log,4096,140.0037,27.93055,0.8843,10.7874,4472832,450000,9.939626666666667,4022832,,not sampled,,52748288,0.65625,11149458,34538856,34.271151983648544,external parent process-tree RSS/CPU/I-O sampler (10 ms; psutil or Linux /proc; isolated trial),1000,log operations,218,True,,3.14.3,Windows-11-10.0.26200-SP0,
006db74792484b3a90a6254558c50300,2026-09-23T23:39:07.034283+00:00,robustness,robust-s1-repeated-key,Dolt,ok,measured,3,3,20260923,10000,10,100,repeated-key,32,29306fabfccd1ee6a994b8f99605353a0d6b9b07f8ff7c228e8b37a04bec8b67,dolt-native,dolt-native,4096,778.3126,693.40845,279.9098,329.0687,807747,450000,1.7949933333333334,357747,,not sampled,,153493504,9.875,28447151,3201751,1.3469248648000596,external parent process-tree RSS/CPU/I-O sampler (10 ms; psutil or Linux /proc; isolated trial),,not exposed by Dolt CLI,218,True,,3.14.3,Windows-11-10.0.26200-SP0,Dolt 2.3.1
006db74792484b3a90a6254558c50300,2026-09-23T23:39:08.229925+00:00,robustness,robust-s1-repeated-key,Revon-H,ok,measured,4,1,20260923,10000,10,100,repeated-key,32,29306fabfccd1ee6a994b8f99605353a0d6b9b07f8ff7c228e8b37a04bec8b67,hybrid,log,4096,172.2846,30.04305,0.9643,10.8437,4472832,450000,9.939626666666667,4022832,,not sampled,,53235712,0.703125,11030674,34702839,33.44433508146873,external parent process-tree RSS/CPU/I-O sampler (10 ms; psutil or Linux /proc; isolated trial),1000,log operations,218,True,,3.14.3,Windows-11-10.0.26200-SP0,
006db74792484b3a90a6254558c50300,2026-09-23T23:39:18.175130+00:00,robustness,robust-s1-repeated-key,Dolt,ok,measured,4,2,20260923,10000,10,100,repeated-key,32,29306fabfccd1ee6a994b8f99605353a0d6b9b07f8ff7c228e8b37a04bec8b67,dolt-native,dolt-native,4096,1086.4911,658.84595,246.173,270.3704,808161,450000,1.7959133333333333,358161,,not sampled,,147591168,9.359375,28454235,3143037,1.4398843530963892,external parent process-tree RSS/CPU/I-O sampler (10 ms; psutil or Linux /proc; isolated trial),,not exposed by Dolt CLI,218,True,,3.14.3,Windows-11-10.0.26200-SP0,Dolt 2.3.1
006db74792484b3a90a6254558c50300,2026-09-23T23:39:19.218052+00:00,robustness,robust-s1-repeated-key,Revon-M (forced Merkle),ok,measured,4,3,20260923,10000,10,100,repeated-key,32,29306fabfccd1ee6a994b8f99605353a0d6b9b07f8ff7c228e8b37a04bec8b67,merkle,merkle,4096,143.1526,29.046149999999997,2.0061,10.127,4481024,450000,9.957831111111112,4031024,,not sampled,,53075968,0.671875,11477138,34969372,33.49993970010854,external parent process-tree RSS/CPU/I-O sampler (10 ms; psutil or Linux /proc; isolated trial),1889,tree node pairs,218,True,,3.14.3,Windows-11-10.0.26200-SP0,
006db74792484b3a90a6254558c50300,2026-09-23T23:39:28.616214+00:00,robustness,robust-s1-repeated-key,Dolt,ok,measured,5,1,20260923,10000,10,100,repeated-key,32,29306fabfccd1ee6a994b8f99605353a0d6b9b07f8ff7c228e8b37a04bec8b67,dolt-native,dolt-native,4096,682.0409,645.0892,219.6478,281.4846,807515,450000,1.7944777777777778,357515,,not sampled,,158257152,8.125,28436673,3161256,1.4456934577325566,external parent process-tree RSS/CPU/I-O sampler (10 ms; psutil or Linux /proc; isolated trial),,not exposed by Dolt CLI,218,True,,3.14.3,Windows-11-10.0.26200-SP0,Dolt 2.3.1
006db74792484b3a90a6254558c50300,2026-09-23T23:39:29.719639+00:00,robustness,robust-s1-repeated-key,Revon-M (forced Merkle),ok,measured,5,2,20260923,10000,10,100,repeated-key,32,29306fabfccd1ee6a994b8f99605353a0d6b9b07f8ff7c228e8b37a04bec8b67,merkle,merkle,4096,156.1277,30.1617,1.9931,9.6156,4489216,450000,9.976035555555555,4039216,,not sampled,,53018624,0.703125,11128978,34490181,32.84072249589491,external parent process-tree RSS/CPU/I-O sampler (10 ms; psutil or Linux /proc; isolated trial),1889,tree node pairs,218,True,,3.14.3,Windows-11-10.0.26200-SP0,
006db74792484b3a90a6254558c50300,2026-09-23T23:39:30.655921+00:00,robustness,robust-s1-repeated-key,Revon-H,ok,measured,5,3,20260923,10000,10,100,repeated-key,32,29306fabfccd1ee6a994b8f99605353a0d6b9b07f8ff7c228e8b37a04bec8b67,hybrid,log,4096,143.0941,27.801099999999998,0.8286,10.241,4472832,450000,9.939626666666667,4022832,,not sampled,,52609024,0.625,11210898,34493236,35.93022637479825,external parent process-tree RSS/CPU/I-O sampler (10 ms; psutil or Linux /proc; isolated trial),1000,log operations,218,True,,3.14.3,Windows-11-10.0.26200-SP0,
006db74792484b3a90a6254558c50300,2026-09-23T23:39:31.619000+00:00,robustness,robust-s1-repeated-key,Revon-M (forced Merkle),ok,measured,6,1,20260923,10000,10,100,repeated-key,32,29306fabfccd1ee6a994b8f99605353a0d6b9b07f8ff7c228e8b37a04bec8b67,merkle,merkle,4096,139.6523,27.66115,2.5383,13.9772,4476928,450000,9.948728888888889,4026928,,not sampled,,53022720,0.625,11407506,34858643,34.33509403695555,external parent process-tree RSS/CPU/I-O sampler (10 ms; psutil or Linux /proc; isolated trial),1889,tree node pairs,218,True,,3.14.3,Windows-11-10.0.26200-SP0,
006db74792484b3a90a6254558c50300,2026-09-23T23:39:32.640495+00:00,robustness,robust-s1-repeated-key,Revon-H,ok,measured,6,2,20260923,10000,10,100,repeated-key,32,29306fabfccd1ee6a994b8f99605353a0d6b9b07f8ff7c228e8b37a04bec8b67,hybrid,log,4096,142.1272,31.0493,0.9089,11.435,4464640,450000,9.921422222222223,4014640,,not sampled,,52396032,0.65625,16801938,34197501,32.36805324933176,external parent process-tree RSS/CPU/I-O sampler (10 ms; psutil or Linux /proc; isolated trial),1000,log operations,218,True,,3.14.3,Windows-11-10.0.26200-SP0,
006db74792484b3a90a6254558c50300,2026-09-23T23:39:42.212567+00:00,robustness,robust-s1-repeated-key,Dolt,ok,measured,6,3,20260923,10000,10,100,repeated-key,32,29306fabfccd1ee6a994b8f99605353a0d6b9b07f8ff7c228e8b37a04bec8b67,dolt-native,dolt-native,4096,688.3632,675.01095,216.4426,266.1919,807693,450000,1.7948733333333333,357693,,not sampled,,153317376,9.6875,28446976,3179385,1.402199855264931,external parent process-tree RSS/CPU/I-O sampler (10 ms; psutil or Linux /proc; isolated trial),,not exposed by Dolt CLI,218,True,,3.14.3,Windows-11-10.0.26200-SP0,Dolt 2.3.1
006db74792484b3a90a6254558c50300,2026-09-23T23:39:43.320644+00:00,robustness,robust-s1-repeated-key,Revon-H,ok,measured,7,1,20260923,10000,10,100,repeated-key,32,29306fabfccd1ee6a994b8f99605353a0d6b9b07f8ff7c228e8b37a04bec8b67,hybrid,log,4096,151.5376,34.365899999999996,1.0097,11.0132,4481024,450000,9.957831111111112,4031024,,not sampled,,53092352,0.71875,11489426,35002129,29.50387754710663,external parent process-tree RSS/CPU/I-O sampler (10 ms; psutil or Linux /proc; isolated trial),1000,log operations,218,True,,3.14.3,Windows-11-10.0.26200-SP0,
006db74792484b3a90a6254558c50300,2026-09-23T23:39:53.781807+00:00,robustness,robust-s1-repeated-key,Dolt,ok,measured,7,2,20260923,10000,10,100,repeated-key,32,29306fabfccd1ee6a994b8f99605353a0d6b9b07f8ff7c228e8b37a04bec8b67,dolt-native,dolt-native,4096,876.1443,756.8115,210.8938,250.6259,807538,450000,1.7945288888888888,357538,,not sampled,,156282880,10.0,28449381,3172585,1.2847462844495081,external parent process-tree RSS/CPU/I-O sampler (10 ms; psutil or Linux /proc; isolated trial),,not exposed by Dolt CLI,218,True,,3.14.3,Windows-11-10.0.26200-SP0,Dolt 2.3.1
006db74792484b3a90a6254558c50300,2026-09-23T23:39:54.825483+00:00,robustness,robust-s1-repeated-key,Revon-M (forced Merkle),ok,measured,7,3,20260923,10000,10,100,repeated-key,32,29306fabfccd1ee6a994b8f99605353a0d6b9b07f8ff7c228e8b37a04bec8b67,merkle,merkle,4096,149.1078,28.871499999999997,2.1644,11.4016,4472832,450000,9.939626666666667,4022832,,not sampled,,52690944,0.671875,11223186,34568090,32.695658997354926,external parent process-tree RSS/CPU/I-O sampler (10 ms; psutil or Linux /proc; isolated trial),1889,tree node pairs,218,True,,3.14.3,Windows-11-10.0.26200-SP0,
006db74792484b3a90a6254558c50300,2026-09-23T23:40:05.675091+00:00,robustness,robust-s2-baseline,Dolt,ok,warmup,1,1,20261017,10000,10,100,spread,32,955a18d7ae975079055a543ff596d1f3ba4d14df90ae8467b4b854f61cdf294a,dolt-native,dolt-native,4096,816.6152,806.2664,276.2458,279.1925,2944353,450000,6.543006666666667,2494353,,not sampled,,167526400,9.984375,70943749,5795774,1.2489733283119608,external parent process-tree RSS/CPU/I-O sampler (10 ms; psutil or Linux /proc; isolated trial),,not exposed by Dolt CLI,954,True,,3.14.3,Windows-11-10.0.26200-SP0,Dolt 2.3.1
006db74792484b3a90a6254558c50300,2026-09-23T23:40:06.925380+00:00,robustness,robust-s2-baseline,Revon-M (forced Merkle),ok,warmup,1,2,20261017,10000,10,100,spread,32,955a18d7ae975079055a543ff596d1f3ba4d14df90ae8467b4b854f61cdf294a,merkle,merkle,4096,181.3491,35.08435,12.7259,13.4795,4481024,450000,9.957831111111112,4031024,,not sampled,,52428800,0.796875,12009606,34592153,28.104476705885528,external parent process-tree RSS/CPU/I-O sampler (10 ms; psutil or Linux /proc; isolated trial),3813,tree node pairs,954,True,,3.14.3,Windows-11-10.0.26200-SP0,
006db74792484b3a90a6254558c50300,2026-09-23T23:40:08.058006+00:00,robustness,robust-s2-baseline,Revon-H,ok,warmup,1,3,20261017,10000,10,100,spread,32,955a18d7ae975079055a543ff596d1f3ba4d14df90ae8467b4b854f61cdf294a,hybrid,log,4096,167.525,28.4663,6.4705,12.1056,4468736,450000,9.930524444444444,4018736,,not sampled,,53698560,0.84375,11858054,34415841,32.68388279298159,external parent process-tree RSS/CPU/I-O sampler (10 ms; psutil or Linux /proc; isolated trial),1000,log operations,954,True,,3.14.3,Windows-11-10.0.26200-SP0,
006db74792484b3a90a6254558c50300,2026-09-23T23:40:09.446547+00:00,robustness,robust-s2-baseline,Revon-M (forced Merkle),ok,warmup,2,1,20261017,10000,10,100,spread,32,955a18d7ae975079055a543ff596d1f3ba4d14df90ae8467b4b854f61cdf294a,merkle,merkle,4096,160.1748,41.2397,12.4494,13.7424,4489216,450000,9.976035555555555,4039216,,not sampled,,53276672,0.90625,11923590,34362544,16.939999200432037,external parent process-tree RSS/CPU/I-O sampler (10 ms; psutil or Linux /proc; isolated trial),3813,tree node pairs,954,True,,3.14.3,Windows-11-10.0.26200-SP0,
006db74792484b3a90a6254558c50300,2026-09-23T23:40:10.733401+00:00,robustness,robust-s2-baseline,Revon-H,ok,warmup,2,2,20261017,10000,10,100,spread,32,955a18d7ae975079055a543ff596d1f3ba4d14df90ae8467b4b854f61cdf294a,hybrid,log,4096,192.8781,31.44225,6.9242,13.8951,4493312,450000,9.985137777777778,4043312,,not sampled,,52502528,0.859375,10018950,34317419,30.27741377598105,external parent process-tree RSS/CPU/I-O sampler (10 ms; psutil or Linux /proc; isolated trial),1000,log operations,954,True,,3.14.3,Windows-11-10.0.26200-SP0,
006db74792484b3a90a6254558c50300,2026-09-23T23:40:20.773987+00:00,robustness,robust-s2-baseline,Dolt,ok,warmup,2,3,20261017,10000,10,100,spread,32,955a18d7ae975079055a543ff596d1f3ba4d14df90ae8467b4b854f61cdf294a,dolt-native,dolt-native,4096,940.969,660.28,240.016,266.8545,2944440,450000,6.5432,2494440,,not sampled,,153055232,9.21875,70950812,5788168,1.4031535229978758,external parent process-tree RSS/CPU/I-O sampler (10 ms; psutil or Linux /proc; isolated trial),,not exposed by Dolt CLI,954,True,,3.14.3,Windows-11-10.0.26200-SP0,Dolt 2.3.1
006db74792484b3a90a6254558c50300,2026-09-23T23:40:30.206271+00:00,robustness,robust-s2-baseline,Dolt,ok,measured,1,1,20261017,10000,10,100,spread,32,955a18d7ae975079055a543ff596d1f3ba4d14df90ae8467b4b854f61cdf294a,dolt-native,dolt-native,4096,694.3128,649.05425,237.7775,243.914,2944865,450000,6.544144444444444,2494865,,not sampled,,165502976,8.25,70955703,5760123,1.446171333702589,external parent process-tree RSS/CPU/I-O sampler (10 ms; psutil or Linux /proc; isolated trial),,not exposed by Dolt CLI,954,True,,3.14.3,Windows-11-10.0.26200-SP0,Dolt 2.3.1
006db74792484b3a90a6254558c50300,2026-09-23T23:40:31.242747+00:00,robustness,robust-s2-baseline,Revon-M (forced Merkle),ok,measured,1,2,20261017,10000,10,100,spread,32,955a18d7ae975079055a543ff596d1f3ba4d14df90ae8467b4b854f61cdf294a,merkle,merkle,4096,133.8397,29.869500000000002,9.6024,10.6398,4505600,450000,10.012444444444444,4055600,,not sampled,,52809728,0.671875,11993224,34682864,33.49124455139315,external parent process-tree RSS/CPU/I-O sampler (10 ms; psutil or Linux /proc; isolated trial),3813,tree node pairs,954,True,,3.14.3,Windows-11-10.0.26200-SP0,
006db74792484b3a90a6254558c50300,2026-09-23T23:40:32.225798+00:00,robustness,robust-s2-baseline,Revon-H,ok,measured,1,3,20261017,10000,10,100,spread,32,955a18d7ae975079055a543ff596d1f3ba4d14df90ae8467b4b854f61cdf294a,hybrid,log,4096,144.7625,28.7666,6.1481,11.5098,4501504,450000,10.003342222222223,4051504,,not sampled,,53141504,0.71875,11989128,34707442,32.624053780100176,external parent process-tree RSS/CPU/I-O sampler (10 ms; psutil or Linux /proc; isolated trial),1000,log operations,954,True,,3.14.3,Windows-11-10.0.26200-SP0,
006db74792484b3a90a6254558c50300,2026-09-23T23:40:33.189792+00:00,robustness,robust-s2-baseline,Revon-M (forced Merkle),ok,measured,2,1,20261017,10000,10,100,spread,32,955a18d7ae975079055a543ff596d1f3ba4d14df90ae8467b4b854f61cdf294a,merkle,merkle,4096,135.015,26.94,8.8651,9.9948,4501504,450000,10.003342222222223,4051504,,not sampled,,53211136,0.59375,12083336,34449153,35.08930755111372,external parent process-tree RSS/CPU/I-O sampler (10 ms; psutil or Linux /proc; isolated trial),3813,tree node pairs,954,True,,3.14.3,Windows-11-10.0.26200-SP0,
006db74792484b3a90a6254558c50300,2026-09-23T23:40:34.159696+00:00,robustness,robust-s2-baseline,Revon-H,ok,measured,2,2,20261017,10000,10,100,spread,32,955a18d7ae975079055a543ff596d1f3ba4d14df90ae8467b4b854f61cdf294a,hybrid,log,4096,139.8162,27.41505,6.3825,10.7715,4460544,450000,9.91232,4010544,,not sampled,,53501952,0.5,11919496,34681490,35.00824444156599,external parent process-tree RSS/CPU/I-O sampler (10 ms; psutil or Linux /proc; isolated trial),1000,log operations,954,True,,3.14.3,Windows-11-10.0.26200-SP0,
006db74792484b3a90a6254558c50300,2026-09-23T23:40:43.481203+00:00,robustness,robust-s2-baseline,Dolt,ok,measured,2,3,20261017,10000,10,100,spread,32,955a18d7ae975079055a543ff596d1f3ba4d14df90ae8467b4b854f61cdf294a,dolt-native,dolt-native,4096,657.9211,676.6094,233.444,253.8643,2944639,450000,6.543642222222222,2494639,,not sampled,,153640960,8.3125,70950725,5804779,1.4474350011581651,external parent process-tree RSS/CPU/I-O sampler (10 ms; psutil or Linux /proc; isolated trial),,not exposed by Dolt CLI,954,True,,3.14.3,Windows-11-10.0.26200-SP0,Dolt 2.3.1
006db74792484b3a90a6254558c50300,2026-09-23T23:40:44.544182+00:00,robustness,robust-s2-baseline,Revon-H,ok,measured,3,1,20261017,10000,10,100,spread,32,955a18d7ae975079055a543ff596d1f3ba4d14df90ae8467b4b854f61cdf294a,hybrid,log,4096,144.3025,29.18625,6.4739,11.7125,4493312,450000,9.985137777777778,4043312,,not sampled,,52764672,0.734375,11907208,34752545,32.87734645621658,external parent process-tree RSS/CPU/I-O sampler (10 ms; psutil or Linux /proc; isolated trial),1000,log operations,954,True,,3.14.3,Windows-11-10.0.26200-SP0,
006db74792484b3a90a6254558c50300,2026-09-23T23:40:54.374049+00:00,robustness,robust-s2-baseline,Dolt,ok,measured,3,2,20261017,10000,10,100,spread,32,955a18d7ae975079055a543ff596d1f3ba4d14df90ae8467b4b854f61cdf294a,dolt-native,dolt-native,4096,759.6488,638.20555,257.6046,254.1424,2945109,450000,6.544686666666666,2495109,,not sampled,,149987328,9.171875,70951743,5741836,1.3797878846565765,external parent process-tree RSS/CPU/I-O sampler (10 ms; psutil or Linux /proc; isolated trial),,not exposed by Dolt CLI,954,True,,3.14.3,Windows-11-10.0.26200-SP0,Dolt 2.3.1
006db74792484b3a90a6254558c50300,2026-09-23T23:40:55.464127+00:00,robustness,robust-s2-baseline,Revon-M (forced Merkle),ok,measured,3,3,20261017,10000,10,100,spread,32,955a18d7ae975079055a543ff596d1f3ba4d14df90ae8467b4b854f61cdf294a,merkle,merkle,4096,166.7971,28.97515,9.2558,10.6523,4485120,450000,9.966933333333333,4035120,,not sampled,,52838400,0.6875,12017800,34542953,33.68127210122974,external parent process-tree RSS/CPU/I-O sampler (10 ms; psutil or Linux /proc; isolated trial),3813,tree node pairs,954,True,,3.14.3,Windows-11-10.0.26200-SP0,
006db74792484b3a90a6254558c50300,2026-09-23T23:41:05.631359+00:00,robustness,robust-s2-baseline,Dolt,ok,measured,4,1,20261017,10000,10,100,spread,32,955a18d7ae975079055a543ff596d1f3ba4d14df90ae8467b4b854f61cdf294a,dolt-native,dolt-native,4096,780.1738,699.351,317.7322,471.0048,2944438,450000,6.543195555555555,2494438,,not sampled,,147001344,9.3125,70956494,5814560,1.3614517225066771,external parent process-tree RSS/CPU/I-O sampler (10 ms; psutil or Linux /proc; isolated trial),,not exposed by Dolt CLI,954,True,,3.14.3,Windows-11-10.0.26200-SP0,Dolt 2.3.1
006db74792484b3a90a6254558c50300,2026-09-23T23:41:06.834977+00:00,robustness,robust-s2-baseline,Revon-M (forced Merkle),ok,measured,4,2,20261017,10000,10,100,spread,32,955a18d7ae975079055a543ff596d1f3ba4d14df90ae8467b4b854f61cdf294a,merkle,merkle,4096,166.012,33.00795,9.7366,11.4259,4460544,450000,9.91232,4010544,,not sampled,,53219328,0.75,11800712,34465587,30.493568906317655,external parent process-tree RSS/CPU/I-O sampler (10 ms; psutil or Linux /proc; isolated trial),3813,tree node pairs,954,True,,3.14.3,Windows-11-10.0.26200-SP0,
006db74792484b3a90a6254558c50300,2026-09-23T23:41:08.043250+00:00,robustness,robust-s2-baseline,Revon-H,ok,measured,4,3,20261017,10000,10,100,spread,32,955a18d7ae975079055a543ff596d1f3ba4d14df90ae8467b4b854f61cdf294a,hybrid,log,4096,177.9764,36.7265,7.0704,12.4225,4489216,450000,9.976035555555555,4039216,,not sampled,,52785152,0.859375,11976840,34456829,25.025363205608883,external parent process-tree RSS/CPU/I-O sampler (10 ms; psutil or Linux /proc; isolated trial),1000,log operations,954,True,,3.14.3,Windows-11-10.0.26200-SP0,
006db74792484b3a90a6254558c50300,2026-09-23T23:41:09.467928+00:00,robustness,robust-s2-baseline,Revon-M (forced Merkle),ok,measured,5,1,20261017,10000,10,100,spread,32,955a18d7ae975079055a543ff596d1f3ba4d14df90ae8467b4b854f61cdf294a,merkle,merkle,4096,209.743,46.1545,13.2006,13.8297,4485120,450000,9.966933333333333,4035120,,not sampled,,52948992,1.078125,11944072,34387661,21.109636485726824,external parent process-tree RSS/CPU/I-O sampler (10 ms; psutil or Linux /proc; isolated trial),3813,tree node pairs,954,True,,3.14.3,Windows-11-10.0.26200-SP0,
006db74792484b3a90a6254558c50300,2026-09-23T23:41:10.756155+00:00,robustness,robust-s2-baseline,Revon-H,ok,measured,5,2,20261017,10000,10,100,spread,32,955a18d7ae975079055a543ff596d1f3ba4d14df90ae8467b4b854f61cdf294a,hybrid,log,4096,333.3244,29.1593,6.4204,10.046,4505600,450000,10.012444444444444,4055600,,not sampled,,52473856,0.78125,11985032,34883728,33.74027478754592,external parent process-tree RSS/CPU/I-O sampler (10 ms; psutil or Linux /proc; isolated trial),1000,log operations,954,True,,3.14.3,Windows-11-10.0.26200-SP0,
006db74792484b3a90a6254558c50300,2026-09-23T23:41:20.412671+00:00,robustness,robust-s2-baseline,Dolt,ok,measured,5,3,20261017,10000,10,100,spread,32,955a18d7ae975079055a543ff596d1f3ba4d14df90ae8467b4b854f61cdf294a,dolt-native,dolt-native,4096,929.4048,621.855,274.2339,270.479,2944412,450000,6.543137777777778,2494412,,not sampled,,152674304,8.8125,70943109,5767185,1.4806150255685189,external parent process-tree RSS/CPU/I-O sampler (10 ms; psutil or Linux /proc; isolated trial),,not exposed by Dolt CLI,954,True,,3.14.3,Windows-11-10.0.26200-SP0,Dolt 2.3.1
006db74792484b3a90a6254558c50300,2026-09-23T23:41:21.452432+00:00,robustness,robust-s2-baseline,Revon-H,ok,measured,6,1,20261017,10000,10,100,spread,32,955a18d7ae975079055a543ff596d1f3ba4d14df90ae8467b4b854f61cdf294a,hybrid,log,4096,143.3717,27.153950000000002,6.3548,9.9153,4505600,450000,10.012444444444444,4055600,,not sampled,,53035008,0.703125,12099720,34743815,36.57688626088025,external parent process-tree RSS/CPU/I-O sampler (10 ms; psutil or Linux /proc; isolated trial),1000,log operations,954,True,,3.14.3,Windows-11-10.0.26200-SP0,
006db74792484b3a90a6254558c50300,2026-09-23T23:41:31.016161+00:00,robustness,robust-s2-baseline,Dolt,ok,measured,6,2,20261017,10000,10,100,spread,32,955a18d7ae975079055a543ff596d1f3ba4d14df90ae8467b4b854f61cdf294a,dolt-native,dolt-native,4096,823.8413,668.63985,222.8234,250.285,2944680,450000,6.543733333333333,2494680,,not sampled,,154918912,8.78125,70952572,5784616,1.4266003763514454,external parent process-tree RSS/CPU/I-O sampler (10 ms; psutil or Linux /proc; isolated trial),,not exposed by Dolt CLI,954,True,,3.14.3,Windows-11-10.0.26200-SP0,Dolt 2.3.1
006db74792484b3a90a6254558c50300,2026-09-23T23:41:32.143283+00:00,robustness,robust-s2-baseline,Revon-M (forced Merkle),ok,measured,6,3,20261017,10000,10,100,spread,32,955a18d7ae975079055a543ff596d1f3ba4d14df90ae8467b4b854f61cdf294a,merkle,merkle,4096,205.5113,31.103650000000002,8.4051,11.0366,4501504,450000,10.003342222222223,4051504,,not sampled,,53141504,0.734375,11988898,34984620,32.71902277440299,external parent process-tree RSS/CPU/I-O sampler (10 ms; psutil or Linux /proc; isolated trial),3813,tree node pairs,954,True,,3.14.3,Windows-11-10.0.26200-SP0,
006db74792484b3a90a6254558c50300,2026-09-23T23:41:41.996355+00:00,robustness,robust-s2-baseline,Dolt,ok,measured,7,1,20261017,10000,10,100,spread,32,955a18d7ae975079055a543ff596d1f3ba4d14df90ae8467b4b854f61cdf294a,dolt-native,dolt-native,4096,863.6467,689.6853,248.7409,246.746,2944674,450000,6.54372,2494674,,not sampled,,153464832,9.265625,70945502,5779522,1.38586141687949,external parent process-tree RSS/CPU/I-O sampler (10 ms; psutil or Linux /proc; isolated trial),,not exposed by Dolt CLI,954,True,,3.14.3,Windows-11-10.0.26200-SP0,Dolt 2.3.1
006db74792484b3a90a6254558c50300,2026-09-23T23:41:43.051878+00:00,robustness,robust-s2-baseline,Revon-M (forced Merkle),ok,measured,7,2,20261017,10000,10,100,spread,32,955a18d7ae975079055a543ff596d1f3ba4d14df90ae8467b4b854f61cdf294a,merkle,merkle,4096,147.5004,27.50635,8.7602,11.3098,4468736,450000,9.930524444444444,4018736,,not sampled,,52838400,0.640625,11853960,34489666,34.211332983009285,external parent process-tree RSS/CPU/I-O sampler (10 ms; psutil or Linux /proc; isolated trial),3813,tree node pairs,954,True,,3.14.3,Windows-11-10.0.26200-SP0,
006db74792484b3a90a6254558c50300,2026-09-23T23:41:44.042318+00:00,robustness,robust-s2-baseline,Revon-H,ok,measured,7,3,20261017,10000,10,100,spread,32,955a18d7ae975079055a543ff596d1f3ba4d14df90ae8467b4b854f61cdf294a,hybrid,log,4096,151.1587,28.3171,6.6321,11.0342,4481024,450000,9.957831111111112,4031024,,not sampled,,52527104,0.640625,12030088,34514237,34.068114425257285,external parent process-tree RSS/CPU/I-O sampler (10 ms; psutil or Linux /proc; isolated trial),1000,log operations,954,True,,3.14.3,Windows-11-10.0.26200-SP0,
006db74792484b3a90a6254558c50300,2026-09-23T23:41:45.251153+00:00,robustness,robust-s2-payload-128,Revon-H,ok,warmup,1,1,20261017,10000,10,100,spread,128,0869c611683a6f62e59c7edceef4c5ee9cbdb1007e6e0f602b382c1517cf3ec9,hybrid,log,4096,171.8254,41.373400000000004,6.9382,15.8736,7630848,1410000,5.411948936170213,6220848,,not sampled,,56979456,0.734375,23986314,47429751,23.975359084946856,external parent process-tree RSS/CPU/I-O sampler (10 ms; psutil or Linux /proc; isolated trial),1000,log operations,954,True,,3.14.3,Windows-11-10.0.26200-SP0,
006db74792484b3a90a6254558c50300,2026-09-23T23:41:46.412384+00:00,robustness,robust-s2-payload-128,Revon-M (forced Merkle),ok,warmup,1,2,20261017,10000,10,100,spread,128,0869c611683a6f62e59c7edceef4c5ee9cbdb1007e6e0f602b382c1517cf3ec9,merkle,merkle,4096,171.3994,41.1403,9.7842,16.9542,7655424,1410000,5.429378723404255,6245424,,not sampled,,57008128,0.828125,24555658,48385055,24.17337921118396,external parent process-tree RSS/CPU/I-O sampler (10 ms; psutil or Linux /proc; isolated trial),3813,tree node pairs,954,True,,3.14.3,Windows-11-10.0.26200-SP0,
006db74792484b3a90a6254558c50300,2026-09-23T23:41:56.087753+00:00,robustness,robust-s2-payload-128,Dolt,ok,warmup,1,3,20261017,10000,10,100,spread,128,0869c611683a6f62e59c7edceef4c5ee9cbdb1007e6e0f602b382c1517cf3ec9,dolt-native,dolt-native,4096,729.5844,682.5488,251.9692,269.8628,3288906,1410000,2.3325574468085106,1878906,,not sampled,,153776128,9.171875,89723118,9650806,1.4131098867456016,external parent process-tree RSS/CPU/I-O sampler (10 ms; psutil or Linux /proc; isolated trial),,not exposed by Dolt CLI,954,True,,3.14.3,Windows-11-10.0.26200-SP0,Dolt 2.3.1
006db74792484b3a90a6254558c50300,2026-09-23T23:41:57.258638+00:00,robustness,robust-s2-payload-128,Revon-M (forced Merkle),ok,warmup,2,1,20261017,10000,10,100,spread,128,0869c611683a6f62e59c7edceef4c5ee9cbdb1007e6e0f602b382c1517cf3ec9,merkle,merkle,4096,166.0341,38.84585,10.5402,15.6582,7639040,1410000,5.417758865248227,6229040,,not sampled,,57335808,0.65625,24117386,47498066,25.720501992181482,external parent process-tree RSS/CPU/I-O sampler (10 ms; psutil or Linux /proc; isolated trial),3813,tree node pairs,954,True,,3.14.3,Windows-11-10.0.26200-SP0,
006db74792484b3a90a6254558c50300,2026-09-23T23:42:08.097257+00:00,robustness,robust-s2-payload-128,Dolt,ok,warmup,2,2,20261017,10000,10,100,spread,128,0869c611683a6f62e59c7edceef4c5ee9cbdb1007e6e0f602b382c1517cf3ec9,dolt-native,dolt-native,4096,1077.6123,812.32855,293.9562,329.1864,3290028,1410000,2.3333531914893615,1880028,,not sampled,,168984576,11.0625,89750987,9680732,1.295119485975365,external parent process-tree RSS/CPU/I-O sampler (10 ms; psutil or Linux /proc; isolated trial),,not exposed by Dolt CLI,954,True,,3.14.3,Windows-11-10.0.26200-SP0,Dolt 2.3.1
006db74792484b3a90a6254558c50300,2026-09-23T23:42:09.534747+00:00,robustness,robust-s2-payload-128,Revon-H,ok,warmup,2,3,20261017,10000,10,100,spread,128,0869c611683a6f62e59c7edceef4c5ee9cbdb1007e6e0f602b382c1517cf3ec9,hybrid,log,4096,196.9449,52.485,8.3975,16.9798,7647232,1410000,5.423568794326241,6237232,,not sampled,,56832000,1.03125,24154250,47421555,18.818375390834134,external parent process-tree RSS/CPU/I-O sampler (10 ms; psutil or Linux /proc; isolated trial),1000,log operations,954,True,,3.14.3,Windows-11-10.0.26200-SP0,
006db74792484b3a90a6254558c50300,2026-09-23T23:42:10.752877+00:00,robustness,robust-s2-payload-128,Revon-H,ok,measured,1,1,20261017,10000,10,100,spread,128,0869c611683a6f62e59c7edceef4c5ee9cbdb1007e6e0f602b382c1517cf3ec9,hybrid,log,4096,179.3713,41.5948,7.0088,14.6241,7663616,1410000,5.435188652482269,6253616,,not sampled,,56627200,0.734375,24408204,47753621,23.81047055918652,external parent process-tree RSS/CPU/I-O sampler (10 ms; psutil or Linux /proc; isolated trial),1000,log operations,954,True,,3.14.3,Windows-11-10.0.26200-SP0,
006db74792484b3a90a6254558c50300,2026-09-23T23:42:12.124123+00:00,robustness,robust-s2-payload-128,Revon-M (forced Merkle),ok,measured,1,2,20261017,10000,10,100,spread,128,0869c611683a6f62e59c7edceef4c5ee9cbdb1007e6e0f602b382c1517cf3ec9,merkle,merkle,4096,165.8699,42.75795,8.8215,15.1365,7647232,1410000,5.423568794326241,6237232,,not sampled,,57028608,0.859375,24630047,47425675,15.806955344876943,external parent process-tree RSS/CPU/I-O sampler (10 ms; psutil or Linux /proc; isolated trial),3813,tree node pairs,954,True,,3.14.3,Windows-11-10.0.26200-SP0,
006db74792484b3a90a6254558c50300,2026-09-23T23:42:21.512885+00:00,robustness,robust-s2-payload-128,Dolt,ok,measured,1,3,20261017,10000,10,100,spread,128,0869c611683a6f62e59c7edceef4c5ee9cbdb1007e6e0f602b382c1517cf3ec9,dolt-native,dolt-native,4096,770.8385,660.5461,247.9592,249.1882,3289307,1410000,2.3328418439716314,1879307,,not sampled,,153493504,8.65625,89731198,9674220,1.458181384757286,external parent process-tree RSS/CPU/I-O sampler (10 ms; psutil or Linux /proc; isolated trial),,not exposed by Dolt CLI,954,True,,3.14.3,Windows-11-10.0.26200-SP0,Dolt 2.3.1
006db74792484b3a90a6254558c50300,2026-09-23T23:42:22.645754+00:00,robustness,robust-s2-payload-128,Revon-M (forced Merkle),ok,measured,2,1,20261017,10000,10,100,spread,128,0869c611683a6f62e59c7edceef4c5ee9cbdb1007e6e0f602b382c1517cf3ec9,merkle,merkle,4096,162.5377,37.0411,9.7103,15.1902,7684096,1410000,5.449713475177305,6274096,,not sampled,,56795136,0.703125,24565829,47466618,27.081856807931953,external parent process-tree RSS/CPU/I-O sampler (10 ms; psutil or Linux /proc; isolated trial),3813,tree node pairs,954,True,,3.14.3,Windows-11-10.0.26200-SP0,
006db74792484b3a90a6254558c50300,2026-09-23T23:42:32.471976+00:00,robustness,robust-s2-payload-128,Dolt,ok,measured,2,2,20261017,10000,10,100,spread,128,0869c611683a6f62e59c7edceef4c5ee9cbdb1007e6e0f602b382c1517cf3ec9,dolt-native,dolt-native,4096,790.6389,674.0044499999999,242.3379,289.3764,3289088,1410000,2.332686524822695,1879088,,not sampled,,162648064,9.53125,89731706,9675810,1.3981866553737927,external parent process-tree RSS/CPU/I-O sampler (10 ms; psutil or Linux /proc; isolated trial),,not exposed by Dolt CLI,954,True,,3.14.3,Windows-11-10.0.26200-SP0,Dolt 2.3.1
006db74792484b3a90a6254558c50300,2026-09-23T23:42:33.636952+00:00,robustness,robust-s2-payload-128,Revon-H,ok,measured,2,3,20261017,10000,10,100,spread,128,0869c611683a6f62e59c7edceef4c5ee9cbdb1007e6e0f602b382c1517cf3ec9,hybrid,log,4096,164.1741,37.8732,6.6948,13.7221,7643136,1410000,5.420663829787234,6233136,,not sampled,,57585664,0.8125,24330380,47417438,26.279295830500647,external parent process-tree RSS/CPU/I-O sampler (10 ms; psutil or Linux /proc; isolated trial),1000,log operations,954,True,,3.14.3,Windows-11-10.0.26200-SP0,
006db74792484b3a90a6254558c50300,2026-09-23T23:42:43.320297+00:00,robustness,robust-s2-payload-128,Dolt,ok,measured,3,1,20261017,10000,10,100,spread,128,0869c611683a6f62e59c7edceef4c5ee9cbdb1007e6e0f602b382c1517cf3ec9,dolt-native,dolt-native,4096,710.9508,633.12495,235.7908,266.6115,3289087,1410000,2.332685815602837,1879087,,not sampled,,155697152,9.0,89728192,9642850,1.3982560391377459,external parent process-tree RSS/CPU/I-O sampler (10 ms; psutil or Linux /proc; isolated trial),,not exposed by Dolt CLI,954,True,,3.14.3,Windows-11-10.0.26200-SP0,Dolt 2.3.1
006db74792484b3a90a6254558c50300,2026-09-23T23:42:44.504763+00:00,robustness,robust-s2-payload-128,Revon-H,ok,measured,3,2,20261017,10000,10,100,spread,128,0869c611683a6f62e59c7edceef4c5ee9cbdb1007e6e0f602b382c1517cf3ec9,hybrid,log,4096,173.156,38.9025,7.4716,14.2508,7675904,1410000,5.443903546099291,6265904,,not sampled,,56827904,0.71875,24211596,47511733,25.439285583455103,external parent process-tree RSS/CPU/I-O sampler (10 ms; psutil or Linux /proc; isolated trial),1000,log operations,954,True,,3.14.3,Windows-11-10.0.26200-SP0,
006db74792484b3a90a6254558c50300,2026-09-23T23:42:45.665956+00:00,robustness,robust-s2-payload-128,Revon-M (forced Merkle),ok,measured,3,3,20261017,10000,10,100,spread,128,0869c611683a6f62e59c7edceef4c5ee9cbdb1007e6e0f602b382c1517cf3ec9,merkle,merkle,4096,177.7174,41.56615,9.9658,16.5209,7634944,1410000,5.41485390070922,6224944,,not sampled,,57032704,0.765625,24137638,47538852,24.174483687421024,external parent process-tree RSS/CPU/I-O sampler (10 ms; psutil or Linux /proc; isolated trial),3813,tree node pairs,954,True,,3.14.3,Windows-11-10.0.26200-SP0,
006db74792484b3a90a6254558c50300,2026-09-23T23:42:47.010617+00:00,robustness,robust-s2-payload-128,Revon-H,ok,measured,4,1,20261017,10000,10,100,spread,128,0869c611683a6f62e59c7edceef4c5ee9cbdb1007e6e0f602b382c1517cf3ec9,hybrid,log,4096,165.9036,39.044200000000004,5.704,13.4407,7651328,1410000,5.4264737588652485,6241328,,not sampled,,56999936,0.765625,24215692,47585561,16.242085028939336,external parent process-tree RSS/CPU/I-O sampler (10 ms; psutil or Linux /proc; isolated trial),1000,log operations,954,True,,3.14.3,Windows-11-10.0.26200-SP0,
006db74792484b3a90a6254558c50300,2026-09-23T23:42:48.106743+00:00,robustness,robust-s2-payload-128,Revon-M (forced Merkle),ok,measured,4,2,20261017,10000,10,100,spread,128,0869c611683a6f62e59c7edceef4c5ee9cbdb1007e6e0f602b382c1517cf3ec9,merkle,merkle,4096,160.7581,38.0293,9.9398,16.0477,7704576,1410000,5.46423829787234,6294576,,not sampled,,57544704,0.75,24412300,47909377,25.689565746149583,external parent process-tree RSS/CPU/I-O sampler (10 ms; psutil or Linux /proc; isolated trial),3813,tree node pairs,954,True,,3.14.3,Windows-11-10.0.26200-SP0,
006db74792484b3a90a6254558c50300,2026-09-23T23:42:57.786544+00:00,robustness,robust-s2-payload-128,Dolt,ok,measured,4,3,20261017,10000,10,100,spread,128,0869c611683a6f62e59c7edceef4c5ee9cbdb1007e6e0f602b382c1517cf3ec9,dolt-native,dolt-native,4096,906.2058,642.8269,263.5313,266.5525,3289064,1410000,2.332669503546099,1879064,,not sampled,,154943488,9.0,89731527,9685991,1.450911317398458,external parent process-tree RSS/CPU/I-O sampler (10 ms; psutil or Linux /proc; isolated trial),,not exposed by Dolt CLI,954,True,,3.14.3,Windows-11-10.0.26200-SP0,Dolt 2.3.1
006db74792484b3a90a6254558c50300,2026-09-23T23:42:58.946195+00:00,robustness,robust-s2-payload-128,Revon-M (forced Merkle),ok,measured,5,1,20261017,10000,10,100,spread,128,0869c611683a6f62e59c7edceef4c5ee9cbdb1007e6e0f602b382c1517cf3ec9,merkle,merkle,4096,162.6749,37.77485,10.3481,15.5459,7655424,1410000,5.429378723404255,6245424,,not sampled,,57122816,0.703125,24187020,47392876,25.872993614027717,external parent process-tree RSS/CPU/I-O sampler (10 ms; psutil or Linux /proc; isolated trial),3813,tree node pairs,954,True,,3.14.3,Windows-11-10.0.26200-SP0,
006db74792484b3a90a6254558c50300,2026-09-23T23:43:09.002495+00:00,robustness,robust-s2-payload-128,Dolt,ok,measured,5,2,20261017,10000,10,100,spread,128,0869c611683a6f62e59c7edceef4c5ee9cbdb1007e6e0f602b382c1517cf3ec9,dolt-native,dolt-native,4096,809.7064,749.0778,218.8839,263.8755,3289721,1410000,2.333135460992908,1879721,,not sampled,,153907200,8.9375,89738024,9668441,1.3492139048042162,external parent process-tree RSS/CPU/I-O sampler (10 ms; psutil or Linux /proc; isolated trial),,not exposed by Dolt CLI,954,True,,3.14.3,Windows-11-10.0.26200-SP0,Dolt 2.3.1
006db74792484b3a90a6254558c50300,2026-09-23T23:43:10.387516+00:00,robustness,robust-s2-payload-128,Revon-H,ok,measured,5,3,20261017,10000,10,100,spread,128,0869c611683a6f62e59c7edceef4c5ee9cbdb1007e6e0f602b382c1517cf3ec9,hybrid,log,4096,191.8246,45.916399999999996,7.4749,17.0429,7663616,1410000,5.435188652482269,6253616,,not sampled,,57389056,0.90625,26284172,47708552,19.96384946139531,external parent process-tree RSS/CPU/I-O sampler (10 ms; psutil or Linux /proc; isolated trial),1000,log operations,954,True,,3.14.3,Windows-11-10.0.26200-SP0,
006db74792484b3a90a6254558c50300,2026-09-23T23:43:20.208295+00:00,robustness,robust-s2-payload-128,Dolt,ok,measured,6,1,20261017,10000,10,100,spread,128,0869c611683a6f62e59c7edceef4c5ee9cbdb1007e6e0f602b382c1517cf3ec9,dolt-native,dolt-native,4096,855.3692,648.31695,231.8256,263.4559,3289213,1410000,2.3327751773049648,1879213,,not sampled,,150396928,8.984375,89737434,9591605,1.3988933270955748,external parent process-tree RSS/CPU/I-O sampler (10 ms; psutil or Linux /proc; isolated trial),,not exposed by Dolt CLI,954,True,,3.14.3,Windows-11-10.0.26200-SP0,Dolt 2.3.1
006db74792484b3a90a6254558c50300,2026-09-23T23:43:21.359284+00:00,robustness,robust-s2-payload-128,Revon-H,ok,measured,6,2,20261017,10000,10,100,spread,128,0869c611683a6f62e59c7edceef4c5ee9cbdb1007e6e0f602b382c1517cf3ec9,hybrid,log,4096,156.8265,36.1931,6.4765,12.5612,7659520,1410000,5.432283687943262,6249520,,not sampled,,56971264,0.71875,24457356,47868429,26.82584047370142,external parent process-tree RSS/CPU/I-O sampler (10 ms; psutil or Linux /proc; isolated trial),1000,log operations,954,True,,3.14.3,Windows-11-10.0.26200-SP0,
006db74792484b3a90a6254558c50300,2026-09-23T23:43:22.455307+00:00,robustness,robust-s2-payload-128,Revon-M (forced Merkle),ok,measured,6,3,20261017,10000,10,100,spread,128,0869c611683a6f62e59c7edceef4c5ee9cbdb1007e6e0f602b382c1517cf3ec9,merkle,merkle,4096,182.3755,37.592349999999996,9.813,15.5804,7610368,1410000,5.397424113475178,6200368,,not sampled,,56713216,0.84375,24105100,47208436,26.855045861704568,external parent process-tree RSS/CPU/I-O sampler (10 ms; psutil or Linux /proc; isolated trial),3813,tree node pairs,954,True,,3.14.3,Windows-11-10.0.26200-SP0,
006db74792484b3a90a6254558c50300,2026-09-23T23:43:23.505272+00:00,robustness,robust-s2-payload-128,Revon-H,ok,measured,7,1,20261017,10000,10,100,spread,128,0869c611683a6f62e59c7edceef4c5ee9cbdb1007e6e0f602b382c1517cf3ec9,hybrid,log,4096,157.8219,36.501,6.4888,16.0502,7684096,1410000,5.449713475177305,6274096,,not sampled,,56774656,0.578125,24273036,47466613,26.936389715686406,external parent process-tree RSS/CPU/I-O sampler (10 ms; psutil or Linux /proc; isolated trial),1000,log operations,954,True,,3.14.3,Windows-11-10.0.26200-SP0,
006db74792484b3a90a6254558c50300,2026-09-23T23:43:24.960845+00:00,robustness,robust-s2-payload-128,Revon-M (forced Merkle),ok,measured,7,2,20261017,10000,10,100,spread,128,0869c611683a6f62e59c7edceef4c5ee9cbdb1007e6e0f602b382c1517cf3ec9,merkle,merkle,4096,548.0539,36.875,8.6733,12.6819,7692288,1410000,5.455523404255319,6282288,,not sampled,,57307136,0.703125,24154252,47413329,26.474658324678327,external parent process-tree RSS/CPU/I-O sampler (10 ms; psutil or Linux /proc; isolated trial),3813,tree node pairs,954,True,,3.14.3,Windows-11-10.0.26200-SP0,
006db74792484b3a90a6254558c50300,2026-09-23T23:43:34.294894+00:00,robustness,robust-s2-payload-128,Dolt,ok,measured,7,3,20261017,10000,10,100,spread,128,0869c611683a6f62e59c7edceef4c5ee9cbdb1007e6e0f602b382c1517cf3ec9,dolt-native,dolt-native,4096,857.0063,628.78295,247.5069,243.7371,3289290,1410000,2.3328297872340427,1879290,,not sampled,,162029568,8.78125,89719452,9627452,1.4986330817797777,external parent process-tree RSS/CPU/I-O sampler (10 ms; psutil or Linux /proc; isolated trial),,not exposed by Dolt CLI,954,True,,3.14.3,Windows-11-10.0.26200-SP0,Dolt 2.3.1
006db74792484b3a90a6254558c50300,2026-09-23T23:43:37.954429+00:00,robustness,robust-s2-history-50,Revon-M (forced Merkle),ok,warmup,1,1,20261017,10000,50,100,spread,32,79de3ef1fe3b9e76c045533f0ea0b41f3dd709433c6f03b17fa17f6b2cb00288,merkle,merkle,4096,140.878,43.915,54.6089,23.4111,11542528,450000,25.65006222222222,11092528,,not sampled,,71905280,2.4375,97313544,213465470,23.75870055493672,external parent process-tree RSS/CPU/I-O sampler (10 ms; psutil or Linux /proc; isolated trial),4310,tree node pairs,3951,True,,3.14.3,Windows-11-10.0.26200-SP0,
006db74792484b3a90a6254558c50300,2026-09-23T23:44:14.069526+00:00,robustness,robust-s2-history-50,Dolt,ok,warmup,1,2,20261017,10000,50,100,spread,32,79de3ef1fe3b9e76c045533f0ea0b41f3dd709433c6f03b17fa17f6b2cb00288,dolt-native,dolt-native,4096,1152.5807,618.48095,323.3246,257.8441,12850971,450000,28.557713333333332,12400971,,not sampled,,168312832,32.59375,1012693411,26693933,1.541822702464772,external parent process-tree RSS/CPU/I-O sampler (10 ms; psutil or Linux /proc; isolated trial),,not exposed by Dolt CLI,3951,True,,3.14.3,Windows-11-10.0.26200-SP0,Dolt 2.3.1
006db74792484b3a90a6254558c50300,2026-09-23T23:44:17.428953+00:00,robustness,robust-s2-history-50,Revon-H,ok,warmup,1,3,20261017,10000,50,100,spread,32,79de3ef1fe3b9e76c045533f0ea0b41f3dd709433c6f03b17fa17f6b2cb00288,hybrid,merkle,4096,183.0622,39.520700000000005,27.2079,24.6104,11628544,450000,25.84120888888889,11178544,,not sampled,,71380992,2.421875,93770504,213982068,25.799151950916393,external parent process-tree RSS/CPU/I-O sampler (10 ms; psutil or Linux /proc; isolated trial),4310,tree node pairs,3951,True,,3.14.3,Windows-11-10.0.26200-SP0,
006db74792484b3a90a6254558c50300,2026-09-23T23:44:53.024819+00:00,robustness,robust-s2-history-50,Dolt,ok,warmup,2,1,20261017,10000,50,100,spread,32,79de3ef1fe3b9e76c045533f0ea0b41f3dd709433c6f03b17fa17f6b2cb00288,dolt-native,dolt-native,4096,910.2583,624.39065,366.4123,254.0532,12852349,450000,28.560775555555555,12402349,,not sampled,,178470912,32.40625,1044921263,27069280,1.5586162789215903,external parent process-tree RSS/CPU/I-O sampler (10 ms; psutil or Linux /proc; isolated trial),,not exposed by Dolt CLI,3951,True,,3.14.3,Windows-11-10.0.26200-SP0,Dolt 2.3.1
006db74792484b3a90a6254558c50300,2026-09-23T23:44:56.706973+00:00,robustness,robust-s2-history-50,Revon-H,ok,warmup,2,2,20261017,10000,50,100,spread,32,79de3ef1fe3b9e76c045533f0ea0b41f3dd709433c6f03b17fa17f6b2cb00288,hybrid,merkle,4096,153.4195,42.462599999999995,50.5231,24.0085,11698176,450000,25.995946666666665,11248176,,not sampled,,71753728,2.484375,104493832,212907733,22.634438606167645,external parent process-tree RSS/CPU/I-O sampler (10 ms; psutil or Linux /proc; isolated trial),4310,tree node pairs,3951,True,,3.14.3,Windows-11-10.0.26200-SP0,
006db74792484b3a90a6254558c50300,2026-09-23T23:45:00.054583+00:00,robustness,robust-s2-history-50,Revon-M (forced Merkle),ok,warmup,2,3,20261017,10000,50,100,spread,32,79de3ef1fe3b9e76c045533f0ea0b41f3dd709433c6f03b17fa17f6b2cb00288,merkle,merkle,4096,135.1668,41.18365,26.0437,13.2989,11571200,450000,25.71377777777778,11121200,,not sampled,,72396800,2.21875,108380936,214219890,25.480790668934457,external parent process-tree RSS/CPU/I-O sampler (10 ms; psutil or Linux /proc; isolated trial),4310,tree node pairs,3951,True,,3.14.3,Windows-11-10.0.26200-SP0,
006db74792484b3a90a6254558c50300,2026-09-23T23:45:36.679561+00:00,robustness,robust-s2-history-50,Dolt,ok,measured,1,1,20261017,10000,50,100,spread,32,79de3ef1fe3b9e76c045533f0ea0b41f3dd709433c6f03b17fa17f6b2cb00288,dolt-native,dolt-native,4096,662.7964,657.18175,353.2348,270.4205,12853018,450000,28.562262222222223,12403018,,not sampled,,165908480,33.0,1034084399,26619373,1.5025902702892435,external parent process-tree RSS/CPU/I-O sampler (10 ms; psutil or Linux /proc; isolated trial),,not exposed by Dolt CLI,3951,True,,3.14.3,Windows-11-10.0.26200-SP0,Dolt 2.3.1
006db74792484b3a90a6254558c50300,2026-09-23T23:45:40.221646+00:00,robustness,robust-s2-history-50,Revon-M (forced Merkle),ok,measured,1,2,20261017,10000,50,100,spread,32,79de3ef1fe3b9e76c045533f0ea0b41f3dd709433c6f03b17fa17f6b2cb00288,merkle,merkle,4096,147.4592,42.034949999999995,49.5444,22.6718,11579392,450000,25.73198222222222,11129392,,not sampled,,72564736,2.359375,96928522,215822981,24.19870700500783,external parent process-tree RSS/CPU/I-O sampler (10 ms; psutil or Linux /proc; isolated trial),4310,tree node pairs,3951,True,,3.14.3,Windows-11-10.0.26200-SP0,
006db74792484b3a90a6254558c50300,2026-09-23T23:45:43.898784+00:00,robustness,robust-s2-history-50,Revon-H,ok,measured,1,3,20261017,10000,50,100,spread,32,79de3ef1fe3b9e76c045533f0ea0b41f3dd709433c6f03b17fa17f6b2cb00288,hybrid,merkle,4096,134.4688,39.80145,44.9771,22.3468,11571200,450000,25.71377777777778,11121200,,not sampled,,71610368,2.234375,94642954,213760683,21.79866638374904,external parent process-tree RSS/CPU/I-O sampler (10 ms; psutil or Linux /proc; isolated trial),4310,tree node pairs,3951,True,,3.14.3,Windows-11-10.0.26200-SP0,
006db74792484b3a90a6254558c50300,2026-09-23T23:45:47.941545+00:00,robustness,robust-s2-history-50,Revon-M (forced Merkle),ok,measured,2,1,20261017,10000,50,100,spread,32,79de3ef1fe3b9e76c045533f0ea0b41f3dd709433c6f03b17fa17f6b2cb00288,merkle,merkle,4096,154.2171,44.65860000000001,46.1059,23.7763,11661312,450000,25.91402666666667,11211312,,not sampled,,72425472,2.71875,108143370,213682701,19.737151666905092,external parent process-tree RSS/CPU/I-O sampler (10 ms; psutil or Linux /proc; isolated trial),4310,tree node pairs,3951,True,,3.14.3,Windows-11-10.0.26200-SP0,
006db74792484b3a90a6254558c50300,2026-09-23T23:45:51.680748+00:00,robustness,robust-s2-history-50,Revon-H,ok,measured,2,2,20261017,10000,50,100,spread,32,79de3ef1fe3b9e76c045533f0ea0b41f3dd709433c6f03b17fa17f6b2cb00288,hybrid,merkle,4096,149.984,45.18245,46.5931,22.9991,11587584,450000,25.750186666666668,11137584,,not sampled,,72294400,2.59375,98767626,214092724,22.059627083768916,external parent process-tree RSS/CPU/I-O sampler (10 ms; psutil or Linux /proc; isolated trial),4310,tree node pairs,3951,True,,3.14.3,Windows-11-10.0.26200-SP0,
006db74792484b3a90a6254558c50300,2026-09-23T23:46:28.438050+00:00,robustness,robust-s2-history-50,Dolt,ok,measured,2,3,20261017,10000,50,100,spread,32,79de3ef1fe3b9e76c045533f0ea0b41f3dd709433c6f03b17fa17f6b2cb00288,dolt-native,dolt-native,4096,1011.2849,637.3148000000001,361.3294,242.5078,12850310,450000,28.556244444444445,12400310,,not sampled,,174870528,32.828125,1052332095,27141254,1.5251911552578707,external parent process-tree RSS/CPU/I-O sampler (10 ms; psutil or Linux /proc; isolated trial),,not exposed by Dolt CLI,3951,True,,3.14.3,Windows-11-10.0.26200-SP0,Dolt 2.3.1
006db74792484b3a90a6254558c50300,2026-09-23T23:46:32.132516+00:00,robustness,robust-s2-history-50,Revon-H,ok,measured,3,1,20261017,10000,50,100,spread,32,79de3ef1fe3b9e76c045533f0ea0b41f3dd709433c6f03b17fa17f6b2cb00288,hybrid,merkle,4096,130.9087,44.8018,44.2993,22.6736,11624448,450000,25.832106666666668,11174448,,not sampled,,72691712,2.46875,94731213,214797368,22.268121273791767,external parent process-tree RSS/CPU/I-O sampler (10 ms; psutil or Linux /proc; isolated trial),4310,tree node pairs,3951,True,,3.14.3,Windows-11-10.0.26200-SP0,
006db74792484b3a90a6254558c50300,2026-09-23T23:47:07.500490+00:00,robustness,robust-s2-history-50,Dolt,ok,measured,3,2,20261017,10000,50,100,spread,32,79de3ef1fe3b9e76c045533f0ea0b41f3dd709433c6f03b17fa17f6b2cb00288,dolt-native,dolt-native,4096,1058.0802,625.0418999999999,353.3238,246.2256,12851812,450000,28.55958222222222,12401812,,not sampled,,178573312,32.328125,1033106904,27007233,1.5784591792430245,external parent process-tree RSS/CPU/I-O sampler (10 ms; psutil or Linux /proc; isolated trial),,not exposed by Dolt CLI,3951,True,,3.14.3,Windows-11-10.0.26200-SP0,Dolt 2.3.1
006db74792484b3a90a6254558c50300,2026-09-23T23:47:11.551958+00:00,robustness,robust-s2-history-50,Revon-M (forced Merkle),ok,measured,3,3,20261017,10000,50,100,spread,32,79de3ef1fe3b9e76c045533f0ea0b41f3dd709433c6f03b17fa17f6b2cb00288,merkle,merkle,4096,147.8881,41.778499999999994,52.089,26.0318,11649024,450000,25.88672,11199024,,not sampled,,72458240,2.796875,112878346,216056628,19.814340422811867,external parent process-tree RSS/CPU/I-O sampler (10 ms; psutil or Linux /proc; isolated trial),4310,tree node pairs,3951,True,,3.14.3,Windows-11-10.0.26200-SP0,
006db74792484b3a90a6254558c50300,2026-09-23T23:47:47.679865+00:00,robustness,robust-s2-history-50,Dolt,ok,measured,4,1,20261017,10000,50,100,spread,32,79de3ef1fe3b9e76c045533f0ea0b41f3dd709433c6f03b17fa17f6b2cb00288,dolt-native,dolt-native,4096,947.2441,631.8773000000001,336.9886,243.4089,12851496,450000,28.55888,12401496,,not sampled,,176484352,32.78125,1016004882,25970713,1.5420639136392886,external parent process-tree RSS/CPU/I-O sampler (10 ms; psutil or Linux /proc; isolated trial),,not exposed by Dolt CLI,3951,True,,3.14.3,Windows-11-10.0.26200-SP0,Dolt 2.3.1
006db74792484b3a90a6254558c50300,2026-09-23T23:47:53.047063+00:00,robustness,robust-s2-history-50,Revon-M (forced Merkle),ok,measured,4,2,20261017,10000,50,100,spread,32,79de3ef1fe3b9e76c045533f0ea0b41f3dd709433c6f03b17fa17f6b2cb00288,merkle,merkle,4096,168.7822,55.85965,55.8943,30.1293,11608064,450000,25.79569777777778,11158064,,not sampled,,72802304,3.96875,134845194,212690556,13.835120614166462,external parent process-tree RSS/CPU/I-O sampler (10 ms; psutil or Linux /proc; isolated trial),4310,tree node pairs,3951,True,,3.14.3,Windows-11-10.0.26200-SP0,
006db74792484b3a90a6254558c50300,2026-09-23T23:47:58.117679+00:00,robustness,robust-s2-history-50,Revon-H,ok,measured,4,3,20261017,10000,50,100,spread,32,79de3ef1fe3b9e76c045533f0ea0b41f3dd709433c6f03b17fa17f6b2cb00288,hybrid,merkle,4096,187.7563,50.61465,62.4128,31.03,11599872,450000,25.777493333333332,11149872,,not sampled,,72605696,3.59375,94495498,214515003,15.614425130580315,external parent process-tree RSS/CPU/I-O sampler (10 ms; psutil or Linux /proc; isolated trial),4310,tree node pairs,3951,True,,3.14.3,Windows-11-10.0.26200-SP0,
006db74792484b3a90a6254558c50300,2026-09-23T23:48:02.759383+00:00,robustness,robust-s2-history-50,Revon-M (forced Merkle),ok,measured,5,1,20261017,10000,50,100,spread,32,79de3ef1fe3b9e76c045533f0ea0b41f3dd709433c6f03b17fa17f6b2cb00288,merkle,merkle,4096,194.2644,47.646649999999994,59.4152,28.6148,11694080,450000,25.986844444444444,11244080,,not sampled,,72249344,3.203125,92947210,214584678,17.63385915385267,external parent process-tree RSS/CPU/I-O sampler (10 ms; psutil or Linux /proc; isolated trial),4310,tree node pairs,3951,True,,3.14.3,Windows-11-10.0.26200-SP0,
006db74792484b3a90a6254558c50300,2026-09-23T23:48:08.533927+00:00,robustness,robust-s2-history-50,Revon-H,ok,measured,5,2,20261017,10000,50,100,spread,32,79de3ef1fe3b9e76c045533f0ea0b41f3dd709433c6f03b17fa17f6b2cb00288,hybrid,merkle,4096,179.5194,58.8776,60.9089,29.6956,11673600,450000,25.941333333333333,11223600,,not sampled,,72839168,4.09375,101176074,214141892,12.993480365304944,external parent process-tree RSS/CPU/I-O sampler (10 ms; psutil or Linux /proc; isolated trial),4310,tree node pairs,3951,True,,3.14.3,Windows-11-10.0.26200-SP0,
006db74792484b3a90a6254558c50300,2026-09-23T23:48:43.845270+00:00,robustness,robust-s2-history-50,Dolt,ok,measured,5,3,20261017,10000,50,100,spread,32,79de3ef1fe3b9e76c045533f0ea0b41f3dd709433c6f03b17fa17f6b2cb00288,dolt-native,dolt-native,4096,916.8337,613.8951,333.57,241.5083,12852048,450000,28.560106666666666,12402048,,not sampled,,175804416,31.90625,1025585277,26904896,1.590373866488063,external parent process-tree RSS/CPU/I-O sampler (10 ms; psutil or Linux /proc; isolated trial),,not exposed by Dolt CLI,3951,True,,3.14.3,Windows-11-10.0.26200-SP0,Dolt 2.3.1
006db74792484b3a90a6254558c50300,2026-09-23T23:48:47.434121+00:00,robustness,robust-s2-history-50,Revon-H,ok,measured,6,1,20261017,10000,50,100,spread,32,79de3ef1fe3b9e76c045533f0ea0b41f3dd709433c6f03b17fa17f6b2cb00288,hybrid,merkle,4096,135.2812,42.620000000000005,45.3455,20.34,11542528,450000,25.65006222222222,11092528,,not sampled,,71958528,2.578125,98702090,212547123,23.41667014013941,external parent process-tree RSS/CPU/I-O sampler (10 ms; psutil or Linux /proc; isolated trial),4310,tree node pairs,3951,True,,3.14.3,Windows-11-10.0.26200-SP0,
006db74792484b3a90a6254558c50300,2026-09-23T23:49:22.778649+00:00,robustness,robust-s2-history-50,Dolt,ok,measured,6,2,20261017,10000,50,100,spread,32,79de3ef1fe3b9e76c045533f0ea0b41f3dd709433c6f03b17fa17f6b2cb00288,dolt-native,dolt-native,4096,928.3972,623.3358,330.4187,219.0296,12851378,450000,28.558617777777776,12401378,,not sampled,,167608320,31.484375,1015163827,26426192,1.570582600893708,external parent process-tree RSS/CPU/I-O sampler (10 ms; psutil or Linux /proc; isolated trial),,not exposed by Dolt CLI,3951,True,,3.14.3,Windows-11-10.0.26200-SP0,Dolt 2.3.1
006db74792484b3a90a6254558c50300,2026-09-23T23:49:26.414575+00:00,robustness,robust-s2-history-50,Revon-M (forced Merkle),ok,measured,6,3,20261017,10000,50,100,spread,32,79de3ef1fe3b9e76c045533f0ea0b41f3dd709433c6f03b17fa17f6b2cb00288,merkle,merkle,4096,143.6556,42.60995,47.0575,21.109,11673600,450000,25.941333333333333,11223600,,not sampled,,72396800,2.4375,94434058,213330131,22.48488768213996,external parent process-tree RSS/CPU/I-O sampler (10 ms; psutil or Linux /proc; isolated trial),4310,tree node pairs,3951,True,,3.14.3,Windows-11-10.0.26200-SP0,
006db74792484b3a90a6254558c50300,2026-09-23T23:50:02.297574+00:00,robustness,robust-s2-history-50,Dolt,ok,measured,7,1,20261017,10000,50,100,spread,32,79de3ef1fe3b9e76c045533f0ea0b41f3dd709433c6f03b17fa17f6b2cb00288,dolt-native,dolt-native,4096,968.9571,628.52815,373.4305,253.9499,12851237,450000,28.558304444444445,12401237,,not sampled,,169873408,33.59375,1037942888,26775428,1.5534934807599474,external parent process-tree RSS/CPU/I-O sampler (10 ms; psutil or Linux /proc; isolated trial),,not exposed by Dolt CLI,3951,True,,3.14.3,Windows-11-10.0.26200-SP0,Dolt 2.3.1
006db74792484b3a90a6254558c50300,2026-09-23T23:50:06.404609+00:00,robustness,robust-s2-history-50,Revon-M (forced Merkle),ok,measured,7,2,20261017,10000,50,100,spread,32,79de3ef1fe3b9e76c045533f0ea0b41f3dd709433c6f03b17fa17f6b2cb00288,merkle,merkle,4096,151.6969,44.698800000000006,67.6583,29.0421,11726848,450000,26.059662222222222,11276848,,not sampled,,72626176,3.109375,96547594,214305886,20.05918663608844,external parent process-tree RSS/CPU/I-O sampler (10 ms; psutil or Linux /proc; isolated trial),4310,tree node pairs,3951,True,,3.14.3,Windows-11-10.0.26200-SP0,
006db74792484b3a90a6254558c50300,2026-09-23T23:50:11.246919+00:00,robustness,robust-s2-history-50,Revon-H,ok,measured,7,3,20261017,10000,50,100,spread,32,79de3ef1fe3b9e76c045533f0ea0b41f3dd709433c6f03b17fa17f6b2cb00288,hybrid,merkle,4096,218.2946,46.7694,56.8308,28.0201,11653120,450000,25.895822222222222,11203120,,not sampled,,72421376,3.453125,98198282,212436276,17.016597683081322,external parent process-tree RSS/CPU/I-O sampler (10 ms; psutil or Linux /proc; isolated trial),4310,tree node pairs,3951,True,,3.14.3,Windows-11-10.0.26200-SP0,
006db74792484b3a90a6254558c50300,2026-09-23T23:50:21.000604+00:00,robustness,robust-s2-range-local,Dolt,ok,warmup,1,1,20261017,10000,10,100,range-local,32,258a439aa971816620064c0cf75597b9ac834ed904dd233bc9155f4e214153af,dolt-native,dolt-native,4096,831.6334,623.0991,226.1912,240.2591,738436,450000,1.640968888888889,288436,,not sampled,,154398720,8.40625,27447391,3203941,1.5077274651132972,external parent process-tree RSS/CPU/I-O sampler (10 ms; psutil or Linux /proc; isolated trial),,not exposed by Dolt CLI,933,True,,3.14.3,Windows-11-10.0.26200-SP0,Dolt 2.3.1
006db74792484b3a90a6254558c50300,2026-09-23T23:50:21.993204+00:00,robustness,robust-s2-range-local,Revon-H,ok,warmup,1,2,20261017,10000,10,100,range-local,32,258a439aa971816620064c0cf75597b9ac834ed904dd233bc9155f4e214153af,hybrid,log,4096,138.2539,28.55825,5.5804,10.9431,4472832,450000,9.939626666666667,4022832,,not sampled,,53288960,0.625,16908430,34604452,34.620907981781095,external parent process-tree RSS/CPU/I-O sampler (10 ms; psutil or Linux /proc; isolated trial),1000,log operations,933,True,,3.14.3,Windows-11-10.0.26200-SP0,
006db74792484b3a90a6254558c50300,2026-09-23T23:50:22.968571+00:00,robustness,robust-s2-range-local,Revon-M (forced Merkle),ok,warmup,1,3,20261017,10000,10,100,range-local,32,258a439aa971816620064c0cf75597b9ac834ed904dd233bc9155f4e214153af,merkle,merkle,4096,156.5032,29.126350000000002,8.5195,10.5718,4440064,450000,9.866808888888889,3990064,,not sampled,,53309440,0.71875,16576654,34161189,33.21077450515116,external parent process-tree RSS/CPU/I-O sampler (10 ms; psutil or Linux /proc; isolated trial),3720,tree node pairs,933,True,,3.14.3,Windows-11-10.0.26200-SP0,
006db74792484b3a90a6254558c50300,2026-09-23T23:50:23.917338+00:00,robustness,robust-s2-range-local,Revon-H,ok,warmup,2,1,20261017,10000,10,100,range-local,32,258a439aa971816620064c0cf75597b9ac834ed904dd233bc9155f4e214153af,hybrid,log,4096,148.819,27.48585,5.3849,10.7793,4476928,450000,9.948728888888889,4026928,,not sampled,,53039104,0.6875,17711016,34216368,35.39539845661904,external parent process-tree RSS/CPU/I-O sampler (10 ms; psutil or Linux /proc; isolated trial),1000,log operations,933,True,,3.14.3,Windows-11-10.0.26200-SP0,
006db74792484b3a90a6254558c50300,2026-09-23T23:50:24.841087+00:00,robustness,robust-s2-range-local,Revon-M (forced Merkle),ok,warmup,2,2,20261017,10000,10,100,range-local,32,258a439aa971816620064c0cf75597b9ac834ed904dd233bc9155f4e214153af,merkle,merkle,4096,135.1197,26.26115,8.243,9.9224,4452352,450000,9.894115555555556,4002352,,not sampled,,52994048,0.59375,16773262,34167946,36.943719937047895,external parent process-tree RSS/CPU/I-O sampler (10 ms; psutil or Linux /proc; isolated trial),3720,tree node pairs,933,True,,3.14.3,Windows-11-10.0.26200-SP0,
006db74792484b3a90a6254558c50300,2026-09-23T23:50:34.322780+00:00,robustness,robust-s2-range-local,Dolt,ok,warmup,2,3,20261017,10000,10,100,range-local,32,258a439aa971816620064c0cf75597b9ac834ed904dd233bc9155f4e214153af,dolt-native,dolt-native,4096,869.7076,656.4078,237.8845,259.2361,738196,450000,1.6404355555555556,288196,,not sampled,,152936448,8.71875,27440541,3161841,1.4650076119598008,external parent process-tree RSS/CPU/I-O sampler (10 ms; psutil or Linux /proc; isolated trial),,not exposed by Dolt CLI,933,True,,3.14.3,Windows-11-10.0.26200-SP0,Dolt 2.3.1
006db74792484b3a90a6254558c50300,2026-09-23T23:50:44.195707+00:00,robustness,robust-s2-range-local,Dolt,ok,measured,1,1,20261017,10000,10,100,range-local,32,258a439aa971816620064c0cf75597b9ac834ed904dd233bc9155f4e214153af,dolt-native,dolt-native,4096,756.1691,680.01415,263.4861,249.8011,738670,450000,1.641488888888889,288670,,not sampled,,167260160,9.390625,27454754,3151836,1.3823942088962984,external parent process-tree RSS/CPU/I-O sampler (10 ms; psutil or Linux /proc; isolated trial),,not exposed by Dolt CLI,933,True,,3.14.3,Windows-11-10.0.26200-SP0,Dolt 2.3.1
006db74792484b3a90a6254558c50300,2026-09-23T23:50:45.348564+00:00,robustness,robust-s2-range-local,Revon-H,ok,measured,1,2,20261017,10000,10,100,range-local,32,258a439aa971816620064c0cf75597b9ac834ed904dd233bc9155f4e214153af,hybrid,log,4096,170.3988,30.18675,5.9482,12.1232,4460544,450000,9.91232,4010544,,not sampled,,53161984,0.71875,16986256,34493755,30.93409521947586,external parent process-tree RSS/CPU/I-O sampler (10 ms; psutil or Linux /proc; isolated trial),1000,log operations,933,True,,3.14.3,Windows-11-10.0.26200-SP0,
006db74792484b3a90a6254558c50300,2026-09-23T23:50:46.320362+00:00,robustness,robust-s2-range-local,Revon-M (forced Merkle),ok,measured,1,3,20261017,10000,10,100,range-local,32,258a439aa971816620064c0cf75597b9ac834ed904dd233bc9155f4e214153af,merkle,merkle,4096,147.5482,30.04955,9.5366,11.1481,4464640,450000,9.921422222222223,4014640,,not sampled,,52862976,0.6875,16887952,34637805,33.35053109053235,external parent process-tree RSS/CPU/I-O sampler (10 ms; psutil or Linux /proc; isolated trial),3720,tree node pairs,933,True,,3.14.3,Windows-11-10.0.26200-SP0,
006db74792484b3a90a6254558c50300,2026-09-23T23:50:47.451715+00:00,robustness,robust-s2-range-local,Revon-H,ok,measured,2,1,20261017,10000,10,100,range-local,32,258a439aa971816620064c0cf75597b9ac834ed904dd233bc9155f4e214153af,hybrid,log,4096,286.6029,28.72165,5.4839,10.8529,4448256,450000,9.885013333333333,3998256,,not sampled,,53149696,0.703125,16703632,34206774,30.240807550524824,external parent process-tree RSS/CPU/I-O sampler (10 ms; psutil or Linux /proc; isolated trial),1000,log operations,933,True,,3.14.3,Windows-11-10.0.26200-SP0,
006db74792484b3a90a6254558c50300,2026-09-23T23:50:48.442715+00:00,robustness,robust-s2-range-local,Revon-M (forced Merkle),ok,measured,2,2,20261017,10000,10,100,range-local,32,258a439aa971816620064c0cf75597b9ac834ed904dd233bc9155f4e214153af,merkle,merkle,4096,149.8475,32.5102,9.5222,11.2013,4489216,450000,9.976035555555555,4039216,,not sampled,,53112832,0.65625,13463466,34472640,31.865857486325567,external parent process-tree RSS/CPU/I-O sampler (10 ms; psutil or Linux /proc; isolated trial),3720,tree node pairs,933,True,,3.14.3,Windows-11-10.0.26200-SP0,
006db74792484b3a90a6254558c50300,2026-09-23T23:50:58.483325+00:00,robustness,robust-s2-range-local,Dolt,ok,measured,2,3,20261017,10000,10,100,range-local,32,258a439aa971816620064c0cf75597b9ac834ed904dd233bc9155f4e214153af,dolt-native,dolt-native,4096,792.1587,721.21605,225.2273,235.7652,738741,450000,1.6416466666666667,288741,,not sampled,,154591232,8.9375,27466380,3251504,1.3350002146012845,external parent process-tree RSS/CPU/I-O sampler (10 ms; psutil or Linux /proc; isolated trial),,not exposed by Dolt CLI,933,True,,3.14.3,Windows-11-10.0.26200-SP0,Dolt 2.3.1
006db74792484b3a90a6254558c50300,2026-09-23T23:50:59.501027+00:00,robustness,robust-s2-range-local,Revon-M (forced Merkle),ok,measured,3,1,20261017,10000,10,100,range-local,32,258a439aa971816620064c0cf75597b9ac834ed904dd233bc9155f4e214153af,merkle,merkle,4096,140.9788,27.11135,8.3725,10.6149,4448256,450000,9.885013333333333,3998256,,not sampled,,52641792,0.6875,16756880,34075594,35.337299827447964,external parent process-tree RSS/CPU/I-O sampler (10 ms; psutil or Linux /proc; isolated trial),3720,tree node pairs,933,True,,3.14.3,Windows-11-10.0.26200-SP0,
006db74792484b3a90a6254558c50300,2026-09-23T23:51:09.746285+00:00,robustness,robust-s2-range-local,Dolt,ok,measured,3,2,20261017,10000,10,100,range-local,32,258a439aa971816620064c0cf75597b9ac834ed904dd233bc9155f4e214153af,dolt-native,dolt-native,4096,671.6357,754.9786,270.2863,293.836,738655,450000,1.6414555555555554,288655,,not sampled,,153337856,9.8125,27449647,3191050,1.3035179668769568,external parent process-tree RSS/CPU/I-O sampler (10 ms; psutil or Linux /proc; isolated trial),,not exposed by Dolt CLI,933,True,,3.14.3,Windows-11-10.0.26200-SP0,Dolt 2.3.1
006db74792484b3a90a6254558c50300,2026-09-23T23:51:10.934779+00:00,robustness,robust-s2-range-local,Revon-H,ok,measured,3,3,20261017,10000,10,100,range-local,32,258a439aa971816620064c0cf75597b9ac834ed904dd233bc9155f4e214153af,hybrid,log,4096,159.2318,36.08485,6.3807,11.0704,4452352,450000,9.894115555555556,4002352,,not sampled,,53256192,0.75,20177040,34214974,27.560516693542766,external parent process-tree RSS/CPU/I-O sampler (10 ms; psutil or Linux /proc; isolated trial),1000,log operations,933,True,,3.14.3,Windows-11-10.0.26200-SP0,
006db74792484b3a90a6254558c50300,2026-09-23T23:51:19.899012+00:00,robustness,robust-s2-range-local,Dolt,ok,measured,4,1,20261017,10000,10,100,range-local,32,258a439aa971816620064c0cf75597b9ac834ed904dd233bc9155f4e214153af,dolt-native,dolt-native,4096,814.5432,607.8652500000001,281.3889,260.439,738463,450000,1.6410288888888889,288463,,not sampled,,152526848,8.140625,27451440,3197027,1.6137779455102712,external parent process-tree RSS/CPU/I-O sampler (10 ms; psutil or Linux /proc; isolated trial),,not exposed by Dolt CLI,933,True,,3.14.3,Windows-11-10.0.26200-SP0,Dolt 2.3.1
006db74792484b3a90a6254558c50300,2026-09-23T23:51:20.961633+00:00,robustness,robust-s2-range-local,Revon-H,ok,measured,4,2,20261017,10000,10,100,range-local,32,258a439aa971816620064c0cf75597b9ac834ed904dd233bc9155f4e214153af,hybrid,log,4096,139.0247,26.746650000000002,5.597,10.1696,4440064,450000,9.866808888888889,3990064,,not sampled,,53600256,0.625,13209744,34324286,34.925371466250915,external parent process-tree RSS/CPU/I-O sampler (10 ms; psutil or Linux /proc; isolated trial),1000,log operations,933,True,,3.14.3,Windows-11-10.0.26200-SP0,
006db74792484b3a90a6254558c50300,2026-09-23T23:51:21.928648+00:00,robustness,robust-s2-range-local,Revon-M (forced Merkle),ok,measured,4,3,20261017,10000,10,100,range-local,32,258a439aa971816620064c0cf75597b9ac834ed904dd233bc9155f4e214153af,merkle,merkle,4096,142.9656,28.5561,8.7848,10.9561,4493312,450000,9.985137777777778,4043312,,not sampled,,53481472,0.671875,16797840,34032594,33.88994173641217,external parent process-tree RSS/CPU/I-O sampler (10 ms; psutil or Linux /proc; isolated trial),3720,tree node pairs,933,True,,3.14.3,Windows-11-10.0.26200-SP0,
006db74792484b3a90a6254558c50300,2026-09-23T23:51:22.937827+00:00,robustness,robust-s2-range-local,Revon-H,ok,measured,5,1,20261017,10000,10,100,range-local,32,258a439aa971816620064c0cf75597b9ac834ed904dd233bc9155f4e214153af,hybrid,log,4096,163.4549,29.6839,5.5546,11.0997,4468736,450000,9.930524444444444,4018736,,not sampled,,52944896,0.640625,16855184,34382528,33.31863981317573,external parent process-tree RSS/CPU/I-O sampler (10 ms; psutil or Linux /proc; isolated trial),1000,log operations,933,True,,3.14.3,Windows-11-10.0.26200-SP0,
006db74792484b3a90a6254558c50300,2026-09-23T23:51:24.099006+00:00,robustness,robust-s2-range-local,Revon-M (forced Merkle),ok,measured,5,2,20261017,10000,10,100,range-local,32,258a439aa971816620064c0cf75597b9ac834ed904dd233bc9155f4e214153af,merkle,merkle,4096,136.6936,32.042550000000006,8.9581,11.6661,4501504,450000,10.003342222222223,4051504,,not sampled,,52965376,0.625,18419626,34003668,29.534436858032098,external parent process-tree RSS/CPU/I-O sampler (10 ms; psutil or Linux /proc; isolated trial),3720,tree node pairs,933,True,,3.14.3,Windows-11-10.0.26200-SP0,
006db74792484b3a90a6254558c50300,2026-09-23T23:51:33.473410+00:00,robustness,robust-s2-range-local,Dolt,ok,measured,5,3,20261017,10000,10,100,range-local,32,258a439aa971816620064c0cf75597b9ac834ed904dd233bc9155f4e214153af,dolt-native,dolt-native,4096,820.4942,628.9053,235.0873,246.777,738374,450000,1.6408311111111111,288374,,not sampled,,165031936,9.046875,27448675,3223075,1.4695135454615322,external parent process-tree RSS/CPU/I-O sampler (10 ms; psutil or Linux /proc; isolated trial),,not exposed by Dolt CLI,933,True,,3.14.3,Windows-11-10.0.26200-SP0,Dolt 2.3.1
006db74792484b3a90a6254558c50300,2026-09-23T23:51:34.638958+00:00,robustness,robust-s2-range-local,Revon-M (forced Merkle),ok,measured,6,1,20261017,10000,10,100,range-local,32,258a439aa971816620064c0cf75597b9ac834ed904dd233bc9155f4e214153af,merkle,merkle,4096,172.1044,31.791200000000003,10.6211,12.9291,4456448,450000,9.903217777777778,4006448,,not sampled,,53456896,0.71875,16842896,34128376,30.09893218018304,external parent process-tree RSS/CPU/I-O sampler (10 ms; psutil or Linux /proc; isolated trial),3720,tree node pairs,933,True,,3.14.3,Windows-11-10.0.26200-SP0,
006db74792484b3a90a6254558c50300,2026-09-23T23:51:44.478011+00:00,robustness,robust-s2-range-local,Dolt,ok,measured,6,2,20261017,10000,10,100,range-local,32,258a439aa971816620064c0cf75597b9ac834ed904dd233bc9155f4e214153af,dolt-native,dolt-native,4096,767.4721,681.5584,238.2381,251.5932,738446,450000,1.640991111111111,288446,,not sampled,,160038912,8.34375,27434550,3125111,1.3658433367585496,external parent process-tree RSS/CPU/I-O sampler (10 ms; psutil or Linux /proc; isolated trial),,not exposed by Dolt CLI,933,True,,3.14.3,Windows-11-10.0.26200-SP0,Dolt 2.3.1
006db74792484b3a90a6254558c50300,2026-09-23T23:51:45.569670+00:00,robustness,robust-s2-range-local,Revon-H,ok,measured,6,3,20261017,10000,10,100,range-local,32,258a439aa971816620064c0cf75597b9ac834ed904dd233bc9155f4e214153af,hybrid,log,4096,155.1864,31.77615,5.6015,10.4983,4444160,450000,9.875911111111112,3994160,,not sampled,,52477952,0.6875,16732304,34260061,31.98719488614318,external parent process-tree RSS/CPU/I-O sampler (10 ms; psutil or Linux /proc; isolated trial),1000,log operations,933,True,,3.14.3,Windows-11-10.0.26200-SP0,
006db74792484b3a90a6254558c50300,2026-09-23T23:51:55.609827+00:00,robustness,robust-s2-range-local,Dolt,ok,measured,7,1,20261017,10000,10,100,range-local,32,258a439aa971816620064c0cf75597b9ac834ed904dd233bc9155f4e214153af,dolt-native,dolt-native,4096,1036.5637,682.02855,255.5467,261.3468,738666,450000,1.64148,288666,,not sampled,,151281664,9.21875,27453894,3201176,1.4126843600767998,external parent process-tree RSS/CPU/I-O sampler (10 ms; psutil or Linux /proc; isolated trial),,not exposed by Dolt CLI,933,True,,3.14.3,Windows-11-10.0.26200-SP0,Dolt 2.3.1
006db74792484b3a90a6254558c50300,2026-09-23T23:51:56.692306+00:00,robustness,robust-s2-range-local,Revon-H,ok,measured,7,2,20261017,10000,10,100,range-local,32,258a439aa971816620064c0cf75597b9ac834ed904dd233bc9155f4e214153af,hybrid,log,4096,150.6788,27.2524,5.6163,9.9775,4440064,450000,9.866808888888889,3990064,,not sampled,,53485568,0.703125,13340816,34005344,36.292568915051795,external parent process-tree RSS/CPU/I-O sampler (10 ms; psutil or Linux /proc; isolated trial),1000,log operations,933,True,,3.14.3,Windows-11-10.0.26200-SP0,
006db74792484b3a90a6254558c50300,2026-09-23T23:51:57.645056+00:00,robustness,robust-s2-range-local,Revon-M (forced Merkle),ok,measured,7,3,20261017,10000,10,100,range-local,32,258a439aa971816620064c0cf75597b9ac834ed904dd233bc9155f4e214153af,merkle,merkle,4096,140.7374,30.98955,9.3444,10.6536,4476928,450000,9.948728888888889,4026928,,not sampled,,52678656,0.671875,18464912,34367190,31.909448643018784,external parent process-tree RSS/CPU/I-O sampler (10 ms; psutil or Linux /proc; isolated trial),3720,tree node pairs,933,True,,3.14.3,Windows-11-10.0.26200-SP0,
006db74792484b3a90a6254558c50300,2026-09-23T23:51:58.750727+00:00,robustness,robust-s2-repeated-key,Revon-M (forced Merkle),ok,warmup,1,1,20261017,10000,10,100,repeated-key,32,0ee19e2cb4b59fca101838cff57e47478896dd2439bb5ec6f1dd68cb74da03df,merkle,merkle,4096,219.8983,28.75975,2.1764,12.1993,4468736,450000,9.930524444444444,4018736,,not sampled,,52678656,0.703125,16904336,34243673,32.65310387344179,external parent process-tree RSS/CPU/I-O sampler (10 ms; psutil or Linux /proc; isolated trial),1881,tree node pairs,217,True,,3.14.3,Windows-11-10.0.26200-SP0,
006db74792484b3a90a6254558c50300,2026-09-23T23:51:59.753186+00:00,robustness,robust-s2-repeated-key,Revon-H,ok,warmup,1,2,20261017,10000,10,100,repeated-key,32,0ee19e2cb4b59fca101838cff57e47478896dd2439bb5ec6f1dd68cb74da03df,hybrid,log,4096,151.4968,32.255250000000004,0.9188,10.7272,4464640,450000,9.921422222222223,4014640,,not sampled,,52875264,0.6875,18440336,34198043,31.74668683639504,external parent process-tree RSS/CPU/I-O sampler (10 ms; psutil or Linux /proc; isolated trial),1000,log operations,217,True,,3.14.3,Windows-11-10.0.26200-SP0,
006db74792484b3a90a6254558c50300,2026-09-23T23:52:10.101716+00:00,robustness,robust-s2-repeated-key,Dolt,ok,warmup,1,3,20261017,10000,10,100,repeated-key,32,0ee19e2cb4b59fca101838cff57e47478896dd2439bb5ec6f1dd68cb74da03df,dolt-native,dolt-native,4096,829.7108,751.8137,257.6392,268.509,804240,450000,1.7872,354240,,not sampled,,153161728,9.671875,28419174,3198426,1.3020943367086526,external parent process-tree RSS/CPU/I-O sampler (10 ms; psutil or Linux /proc; isolated trial),,not exposed by Dolt CLI,217,True,,3.14.3,Windows-11-10.0.26200-SP0,Dolt 2.3.1
006db74792484b3a90a6254558c50300,2026-09-23T23:52:11.213125+00:00,robustness,robust-s2-repeated-key,Revon-H,ok,warmup,2,1,20261017,10000,10,100,repeated-key,32,0ee19e2cb4b59fca101838cff57e47478896dd2439bb5ec6f1dd68cb74da03df,hybrid,log,4096,158.2811,31.89625,0.9501,11.3004,4497408,450000,9.99424,4047408,,not sampled,,52686848,0.75,15003792,33852726,31.268986137520372,external parent process-tree RSS/CPU/I-O sampler (10 ms; psutil or Linux /proc; isolated trial),1000,log operations,217,True,,3.14.3,Windows-11-10.0.26200-SP0,
006db74792484b3a90a6254558c50300,2026-09-23T23:52:20.494780+00:00,robustness,robust-s2-repeated-key,Dolt,ok,warmup,2,2,20261017,10000,10,100,repeated-key,32,0ee19e2cb4b59fca101838cff57e47478896dd2439bb5ec6f1dd68cb74da03df,dolt-native,dolt-native,4096,644.2934,669.53595,209.834,225.099,804499,450000,1.7877755555555555,354499,,not sampled,,158785536,8.03125,28413901,3111972,1.4313570948535155,external parent process-tree RSS/CPU/I-O sampler (10 ms; psutil or Linux /proc; isolated trial),,not exposed by Dolt CLI,217,True,,3.14.3,Windows-11-10.0.26200-SP0,Dolt 2.3.1
006db74792484b3a90a6254558c50300,2026-09-23T23:52:21.711261+00:00,robustness,robust-s2-repeated-key,Revon-M (forced Merkle),ok,warmup,2,3,20261017,10000,10,100,repeated-key,32,0ee19e2cb4b59fca101838cff57e47478896dd2439bb5ec6f1dd68cb74da03df,merkle,merkle,4096,172.8319,36.76925,2.2407,12.6696,4476928,450000,9.948728888888889,4026928,,not sampled,,52318208,0.859375,26402960,34091445,27.99476833769305,external parent process-tree RSS/CPU/I-O sampler (10 ms; psutil or Linux /proc; isolated trial),1881,tree node pairs,217,True,,3.14.3,Windows-11-10.0.26200-SP0,
006db74792484b3a90a6254558c50300,2026-09-23T23:52:31.530818+00:00,robustness,robust-s2-repeated-key,Dolt,ok,measured,1,1,20261017,10000,10,100,repeated-key,32,0ee19e2cb4b59fca101838cff57e47478896dd2439bb5ec6f1dd68cb74da03df,dolt-native,dolt-native,4096,1018.2997,635.2263,201.4822,235.5873,804276,450000,1.78728,354276,,not sampled,,158720000,8.734375,28422635,3185449,1.4117649915571513,external parent process-tree RSS/CPU/I-O sampler (10 ms; psutil or Linux /proc; isolated trial),,not exposed by Dolt CLI,217,True,,3.14.3,Windows-11-10.0.26200-SP0,Dolt 2.3.1
006db74792484b3a90a6254558c50300,2026-09-23T23:52:32.651491+00:00,robustness,robust-s2-repeated-key,Revon-M (forced Merkle),ok,measured,1,2,20261017,10000,10,100,repeated-key,32,0ee19e2cb4b59fca101838cff57e47478896dd2439bb5ec6f1dd68cb74da03df,merkle,merkle,4096,152.4539,32.017250000000004,2.0199,11.1785,4476928,450000,9.948728888888889,4026928,,not sampled,,53190656,0.78125,18354322,34415338,30.043328488345892,external parent process-tree RSS/CPU/I-O sampler (10 ms; psutil or Linux /proc; isolated trial),1881,tree node pairs,217,True,,3.14.3,Windows-11-10.0.26200-SP0,
006db74792484b3a90a6254558c50300,2026-09-23T23:52:33.598734+00:00,robustness,robust-s2-repeated-key,Revon-H,ok,measured,1,3,20261017,10000,10,100,repeated-key,32,0ee19e2cb4b59fca101838cff57e47478896dd2439bb5ec6f1dd68cb74da03df,hybrid,log,4096,138.6973,30.756950000000003,0.8595,9.7933,4476928,450000,9.948728888888889,4026928,,not sampled,,52228096,0.59375,17068178,34132960,33.19986985651016,external parent process-tree RSS/CPU/I-O sampler (10 ms; psutil or Linux /proc; isolated trial),1000,log operations,217,True,,3.14.3,Windows-11-10.0.26200-SP0,
006db74792484b3a90a6254558c50300,2026-09-23T23:52:34.519519+00:00,robustness,robust-s2-repeated-key,Revon-M (forced Merkle),ok,measured,2,1,20261017,10000,10,100,repeated-key,32,0ee19e2cb4b59fca101838cff57e47478896dd2439bb5ec6f1dd68cb74da03df,merkle,merkle,4096,138.7697,29.11155,1.9569,9.7174,4521984,450000,10.048853333333334,4071984,,not sampled,,52551680,0.640625,18546834,34390703,33.56802980841047,external parent process-tree RSS/CPU/I-O sampler (10 ms; psutil or Linux /proc; isolated trial),1881,tree node pairs,217,True,,3.14.3,Windows-11-10.0.26200-SP0,
006db74792484b3a90a6254558c50300,2026-09-23T23:52:35.802938+00:00,robustness,robust-s2-repeated-key,Revon-H,ok,measured,2,2,20261017,10000,10,100,repeated-key,32,0ee19e2cb4b59fca101838cff57e47478896dd2439bb5ec6f1dd68cb74da03df,hybrid,log,4096,151.6296,28.139699999999998,0.8197,9.6527,4485120,450000,9.966933333333333,4035120,,not sampled,,52441088,0.609375,12644498,34218525,16.241451920835914,external parent process-tree RSS/CPU/I-O sampler (10 ms; psutil or Linux /proc; isolated trial),1000,log operations,217,True,,3.14.3,Windows-11-10.0.26200-SP0,
006db74792484b3a90a6254558c50300,2026-09-23T23:52:44.710737+00:00,robustness,robust-s2-repeated-key,Dolt,ok,measured,2,3,20261017,10000,10,100,repeated-key,32,0ee19e2cb4b59fca101838cff57e47478896dd2439bb5ec6f1dd68cb74da03df,dolt-native,dolt-native,4096,807.2656,589.70845,195.6386,220.9377,804285,450000,1.7873,354285,,not sampled,,160526336,8.34375,28420177,3153185,1.5532656898551527,external parent process-tree RSS/CPU/I-O sampler (10 ms; psutil or Linux /proc; isolated trial),,not exposed by Dolt CLI,217,True,,3.14.3,Windows-11-10.0.26200-SP0,Dolt 2.3.1
006db74792484b3a90a6254558c50300,2026-09-23T23:52:45.863202+00:00,robustness,robust-s2-repeated-key,Revon-H,ok,measured,3,1,20261017,10000,10,100,repeated-key,32,0ee19e2cb4b59fca101838cff57e47478896dd2439bb5ec6f1dd68cb74da03df,hybrid,log,4096,144.3179,28.42575,0.8665,10.3923,4464640,450000,9.921422222222223,4014640,,not sampled,,52948992,0.78125,20013202,34230836,24.219701758592546,external parent process-tree RSS/CPU/I-O sampler (10 ms; psutil or Linux /proc; isolated trial),1000,log operations,217,True,,3.14.3,Windows-11-10.0.26200-SP0,
006db74792484b3a90a6254558c50300,2026-09-23T23:52:54.950819+00:00,robustness,robust-s2-repeated-key,Dolt,ok,measured,3,2,20261017,10000,10,100,repeated-key,32,0ee19e2cb4b59fca101838cff57e47478896dd2439bb5ec6f1dd68cb74da03df,dolt-native,dolt-native,4096,787.0875,627.32125,210.5038,236.1273,804062,450000,1.7868044444444444,354062,,not sampled,,153272320,8.546875,28411912,3169055,1.5047190472106955,external parent process-tree RSS/CPU/I-O sampler (10 ms; psutil or Linux /proc; isolated trial),,not exposed by Dolt CLI,217,True,,3.14.3,Windows-11-10.0.26200-SP0,Dolt 2.3.1
006db74792484b3a90a6254558c50300,2026-09-23T23:52:55.979640+00:00,robustness,robust-s2-repeated-key,Revon-M (forced Merkle),ok,measured,3,3,20261017,10000,10,100,repeated-key,32,0ee19e2cb4b59fca101838cff57e47478896dd2439bb5ec6f1dd68cb74da03df,merkle,merkle,4096,138.1467,30.83725,2.2568,10.0314,4468736,450000,9.930524444444444,4018736,,not sampled,,53100544,0.6875,16838802,34288756,32.158539024708695,external parent process-tree RSS/CPU/I-O sampler (10 ms; psutil or Linux /proc; isolated trial),1881,tree node pairs,217,True,,3.14.3,Windows-11-10.0.26200-SP0,
006db74792484b3a90a6254558c50300,2026-09-23T23:53:05.812220+00:00,robustness,robust-s2-repeated-key,Dolt,ok,measured,4,1,20261017,10000,10,100,repeated-key,32,0ee19e2cb4b59fca101838cff57e47478896dd2439bb5ec6f1dd68cb74da03df,dolt-native,dolt-native,4096,730.7593,757.71415,262.7869,323.7075,804595,450000,1.7879888888888888,354595,,not sampled,,162234368,8.859375,28417400,3125282,1.388193249827031,external parent process-tree RSS/CPU/I-O sampler (10 ms; psutil or Linux /proc; isolated trial),,not exposed by Dolt CLI,217,True,,3.14.3,Windows-11-10.0.26200-SP0,Dolt 2.3.1
006db74792484b3a90a6254558c50300,2026-09-23T23:53:06.981947+00:00,robustness,robust-s2-repeated-key,Revon-M (forced Merkle),ok,measured,4,2,20261017,10000,10,100,repeated-key,32,0ee19e2cb4b59fca101838cff57e47478896dd2439bb5ec6f1dd68cb74da03df,merkle,merkle,4096,157.8921,36.24275,2.1811,13.0248,4444160,450000,9.875911111111112,3994160,,not sampled,,53264384,0.8125,16949394,34099679,29.19266516772062,external parent process-tree RSS/CPU/I-O sampler (10 ms; psutil or Linux /proc; isolated trial),1881,tree node pairs,217,True,,3.14.3,Windows-11-10.0.26200-SP0,
006db74792484b3a90a6254558c50300,2026-09-23T23:53:08.087119+00:00,robustness,robust-s2-repeated-key,Revon-H,ok,measured,4,3,20261017,10000,10,100,repeated-key,32,0ee19e2cb4b59fca101838cff57e47478896dd2439bb5ec6f1dd68cb74da03df,hybrid,log,4096,191.8834,34.829350000000005,0.8835,10.9292,4464640,450000,9.921422222222223,4014640,,not sampled,,52727808,0.859375,22982802,34317474,27.879374866353245,external parent process-tree RSS/CPU/I-O sampler (10 ms; psutil or Linux /proc; isolated trial),1000,log operations,217,True,,3.14.3,Windows-11-10.0.26200-SP0,
006db74792484b3a90a6254558c50300,2026-09-23T23:53:09.060654+00:00,robustness,robust-s2-repeated-key,Revon-M (forced Merkle),ok,measured,5,1,20261017,10000,10,100,repeated-key,32,0ee19e2cb4b59fca101838cff57e47478896dd2439bb5ec6f1dd68cb74da03df,merkle,merkle,4096,139.3222,29.96975,2.1102,13.1432,4464640,450000,9.921422222222223,4014640,,not sampled,,53604352,0.65625,16760978,34124247,33.58437654802986,external parent process-tree RSS/CPU/I-O sampler (10 ms; psutil or Linux /proc; isolated trial),1881,tree node pairs,217,True,,3.14.3,Windows-11-10.0.26200-SP0,
006db74792484b3a90a6254558c50300,2026-09-23T23:53:10.040548+00:00,robustness,robust-s2-repeated-key,Revon-H,ok,measured,5,2,20261017,10000,10,100,repeated-key,32,0ee19e2cb4b59fca101838cff57e47478896dd2439bb5ec6f1dd68cb74da03df,hybrid,log,4096,146.3188,29.583599999999997,0.8627,9.936,4440064,450000,9.866808888888889,3990064,,not sampled,,52486144,0.65625,16806034,34136571,31.96517074995085,external parent process-tree RSS/CPU/I-O sampler (10 ms; psutil or Linux /proc; isolated trial),1000,log operations,217,True,,3.14.3,Windows-11-10.0.26200-SP0,
006db74792484b3a90a6254558c50300,2026-09-23T23:53:19.050512+00:00,robustness,robust-s2-repeated-key,Dolt,ok,measured,5,3,20261017,10000,10,100,repeated-key,32,0ee19e2cb4b59fca101838cff57e47478896dd2439bb5ec6f1dd68cb74da03df,dolt-native,dolt-native,4096,806.2526,642.2005999999999,203.8551,248.9209,804249,450000,1.78722,354249,,not sampled,,156291072,8.375,28422231,3208947,1.5324437497366112,external parent process-tree RSS/CPU/I-O sampler (10 ms; psutil or Linux /proc; isolated trial),,not exposed by Dolt CLI,217,True,,3.14.3,Windows-11-10.0.26200-SP0,Dolt 2.3.1
006db74792484b3a90a6254558c50300,2026-09-23T23:53:20.156771+00:00,robustness,robust-s2-repeated-key,Revon-H,ok,measured,6,1,20261017,10000,10,100,repeated-key,32,0ee19e2cb4b59fca101838cff57e47478896dd2439bb5ec6f1dd68cb74da03df,hybrid,log,4096,153.1508,32.37525,0.892,9.5395,4440064,450000,9.866808888888889,3990064,,not sampled,,53026816,0.859375,23388306,34374361,28.81309635906189,external parent process-tree RSS/CPU/I-O sampler (10 ms; psutil or Linux /proc; isolated trial),1000,log operations,217,True,,3.14.3,Windows-11-10.0.26200-SP0,
006db74792484b3a90a6254558c50300,2026-09-23T23:53:29.072350+00:00,robustness,robust-s2-repeated-key,Dolt,ok,measured,6,2,20261017,10000,10,100,repeated-key,32,0ee19e2cb4b59fca101838cff57e47478896dd2439bb5ec6f1dd68cb74da03df,dolt-native,dolt-native,4096,816.6237,604.22835,207.3931,236.2612,804258,450000,1.78724,354258,,not sampled,,162533376,7.828125,28414789,3130500,1.5598226862202504,external parent process-tree RSS/CPU/I-O sampler (10 ms; psutil or Linux /proc; isolated trial),,not exposed by Dolt CLI,217,True,,3.14.3,Windows-11-10.0.26200-SP0,Dolt 2.3.1
006db74792484b3a90a6254558c50300,2026-09-23T23:53:30.104474+00:00,robustness,robust-s2-repeated-key,Revon-M (forced Merkle),ok,measured,6,3,20261017,10000,10,100,repeated-key,32,0ee19e2cb4b59fca101838cff57e47478896dd2439bb5ec6f1dd68cb74da03df,merkle,merkle,4096,146.173,30.02955,2.1056,9.9593,4452352,450000,9.894115555555556,4002352,,not sampled,,53035008,0.609375,16662674,34025853,34.03503362150796,external parent process-tree RSS/CPU/I-O sampler (10 ms; psutil or Linux /proc; isolated trial),1881,tree node pairs,217,True,,3.14.3,Windows-11-10.0.26200-SP0,
006db74792484b3a90a6254558c50300,2026-09-23T23:53:39.091196+00:00,robustness,robust-s2-repeated-key,Dolt,ok,measured,7,1,20261017,10000,10,100,repeated-key,32,0ee19e2cb4b59fca101838cff57e47478896dd2439bb5ec6f1dd68cb74da03df,dolt-native,dolt-native,4096,660.2096,643.5025499999999,196.3534,237.9556,804279,450000,1.7872866666666667,354279,,not sampled,,153260032,8.375,28412938,3124864,1.4953774816518306,external parent process-tree RSS/CPU/I-O sampler (10 ms; psutil or Linux /proc; isolated trial),,not exposed by Dolt CLI,217,True,,3.14.3,Windows-11-10.0.26200-SP0,Dolt 2.3.1
006db74792484b3a90a6254558c50300,2026-09-23T23:53:40.107239+00:00,robustness,robust-s2-repeated-key,Revon-M (forced Merkle),ok,measured,7,2,20261017,10000,10,100,repeated-key,32,0ee19e2cb4b59fca101838cff57e47478896dd2439bb5ec6f1dd68cb74da03df,merkle,merkle,4096,147.9242,30.89535,1.8899,10.1727,4468736,450000,9.930524444444444,4018736,,not sampled,,52932608,0.75,16826514,34193935,32.72923886191272,external parent process-tree RSS/CPU/I-O sampler (10 ms; psutil or Linux /proc; isolated trial),1881,tree node pairs,217,True,,3.14.3,Windows-11-10.0.26200-SP0,
006db74792484b3a90a6254558c50300,2026-09-23T23:53:41.104522+00:00,robustness,robust-s2-repeated-key,Revon-H,ok,measured,7,3,20261017,10000,10,100,repeated-key,32,0ee19e2cb4b59fca101838cff57e47478896dd2439bb5ec6f1dd68cb74da03df,hybrid,log,4096,155.7928,27.870199999999997,0.8634,10.3682,4456448,450000,9.903217777777778,4006448,,not sampled,,52289536,0.640625,16941202,34173969,34.00675782291457,external parent process-tree RSS/CPU/I-O sampler (10 ms; psutil or Linux /proc; isolated trial),1000,log operations,217,True,,3.14.3,Windows-11-10.0.26200-SP0,
006db74792484b3a90a6254558c50300,2026-09-23T23:53:50.232255+00:00,robustness,robust-s3-baseline,Dolt,ok,warmup,1,1,20261111,10000,10,100,spread,32,399c1af8b094b1280773f472ec2262ff713b9d3a0fe61efda4a4cfeabdfd8182,dolt-native,dolt-native,4096,704.5306,625.3321,223.9083,232.4584,2981230,450000,6.624955555555555,2531230,,not sampled,,162959360,8.0,71410701,5806952,1.4977862943237836,external parent process-tree RSS/CPU/I-O sampler (10 ms; psutil or Linux /proc; isolated trial),,not exposed by Dolt CLI,956,True,,3.14.3,Windows-11-10.0.26200-SP0,Dolt 2.3.1
006db74792484b3a90a6254558c50300,2026-09-23T23:53:51.300469+00:00,robustness,robust-s3-baseline,Revon-M (forced Merkle),ok,warmup,1,2,20261111,10000,10,100,spread,32,399c1af8b094b1280773f472ec2262ff713b9d3a0fe61efda4a4cfeabdfd8182,merkle,merkle,4096,144.771,30.077099999999998,9.5282,11.4398,4489216,450000,9.976035555555555,4039216,,not sampled,,53346304,0.765625,10969222,35154904,32.49488936627492,external parent process-tree RSS/CPU/I-O sampler (10 ms; psutil or Linux /proc; isolated trial),3814,tree node pairs,956,True,,3.14.3,Windows-11-10.0.26200-SP0,
006db74792484b3a90a6254558c50300,2026-09-23T23:53:52.318476+00:00,robustness,robust-s3-baseline,Revon-H,ok,warmup,1,3,20261111,10000,10,100,spread,32,399c1af8b094b1280773f472ec2262ff713b9d3a0fe61efda4a4cfeabdfd8182,hybrid,log,4096,141.1496,33.33645,5.811,10.8749,4476928,450000,9.948728888888889,4026928,,not sampled,,52707328,0.640625,10965126,35253282,29.86175500520341,external parent process-tree RSS/CPU/I-O sampler (10 ms; psutil or Linux /proc; isolated trial),1000,log operations,956,True,,3.14.3,Windows-11-10.0.26200-SP0,
006db74792484b3a90a6254558c50300,2026-09-23T23:53:53.524622+00:00,robustness,robust-s3-baseline,Revon-M (forced Merkle),ok,warmup,2,1,20261111,10000,10,100,spread,32,399c1af8b094b1280773f472ec2262ff713b9d3a0fe61efda4a4cfeabdfd8182,merkle,merkle,4096,141.5445,29.615650000000002,8.7468,8.976,4517888,450000,10.03975111111111,4067888,,not sampled,,53559296,0.59375,11280518,35076976,33.094424681557165,external parent process-tree RSS/CPU/I-O sampler (10 ms; psutil or Linux /proc; isolated trial),3814,tree node pairs,956,True,,3.14.3,Windows-11-10.0.26200-SP0,
006db74792484b3a90a6254558c50300,2026-09-23T23:53:54.467635+00:00,robustness,robust-s3-baseline,Revon-H,ok,warmup,2,2,20261111,10000,10,100,spread,32,399c1af8b094b1280773f472ec2262ff713b9d3a0fe61efda4a4cfeabdfd8182,hybrid,log,4096,147.8886,28.55455,6.0704,9.9849,4476928,450000,9.948728888888889,4026928,,not sampled,,53780480,0.6875,11047046,35265570,34.51815758643519,external parent process-tree RSS/CPU/I-O sampler (10 ms; psutil or Linux /proc; isolated trial),1000,log operations,956,True,,3.14.3,Windows-11-10.0.26200-SP0,
006db74792484b3a90a6254558c50300,2026-09-23T23:54:03.547315+00:00,robustness,robust-s3-baseline,Dolt,ok,warmup,2,3,20261111,10000,10,100,spread,32,399c1af8b094b1280773f472ec2262ff713b9d3a0fe61efda4a4cfeabdfd8182,dolt-native,dolt-native,4096,834.9495,615.30845,231.535,236.0818,2981654,450000,6.625897777777777,2531654,,not sampled,,162791424,8.6875,71431737,5824399,1.531471759982355,external parent process-tree RSS/CPU/I-O sampler (10 ms; psutil or Linux /proc; isolated trial),,not exposed by Dolt CLI,956,True,,3.14.3,Windows-11-10.0.26200-SP0,Dolt 2.3.1
006db74792484b3a90a6254558c50300,2026-09-23T23:54:13.717527+00:00,robustness,robust-s3-baseline,Dolt,ok,measured,1,1,20261111,10000,10,100,spread,32,399c1af8b094b1280773f472ec2262ff713b9d3a0fe61efda4a4cfeabdfd8182,dolt-native,dolt-native,4096,981.8176,695.8726999999999,227.683,278.7827,2981451,450000,6.625446666666667,2531451,,not sampled,,153833472,9.765625,71426535,5807525,1.390353916396879,external parent process-tree RSS/CPU/I-O sampler (10 ms; psutil or Linux /proc; isolated trial),,not exposed by Dolt CLI,956,True,,3.14.3,Windows-11-10.0.26200-SP0,Dolt 2.3.1
006db74792484b3a90a6254558c50300,2026-09-23T23:54:14.750457+00:00,robustness,robust-s3-baseline,Revon-M (forced Merkle),ok,measured,1,2,20261111,10000,10,100,spread,32,399c1af8b094b1280773f472ec2262ff713b9d3a0fe61efda4a4cfeabdfd8182,merkle,merkle,4096,139.6897,27.44225,9.3334,9.9912,4489216,450000,9.976035555555555,4039216,,not sampled,,52813824,0.6875,10973320,34862744,34.70125687952418,external parent process-tree RSS/CPU/I-O sampler (10 ms; psutil or Linux /proc; isolated trial),3814,tree node pairs,956,True,,3.14.3,Windows-11-10.0.26200-SP0,
006db74792484b3a90a6254558c50300,2026-09-23T23:54:15.726217+00:00,robustness,robust-s3-baseline,Revon-H,ok,measured,1,3,20261111,10000,10,100,spread,32,399c1af8b094b1280773f472ec2262ff713b9d3a0fe61efda4a4cfeabdfd8182,hybrid,log,4096,143.187,29.35555,5.6639,9.9589,4509696,450000,10.021546666666667,4059696,,not sampled,,52846592,0.6875,11036222,35281408,33.46928557132405,external parent process-tree RSS/CPU/I-O sampler (10 ms; psutil or Linux /proc; isolated trial),1000,log operations,956,True,,3.14.3,Windows-11-10.0.26200-SP0,
006db74792484b3a90a6254558c50300,2026-09-23T23:54:16.701332+00:00,robustness,robust-s3-baseline,Revon-M (forced Merkle),ok,measured,2,1,20261111,10000,10,100,spread,32,399c1af8b094b1280773f472ec2262ff713b9d3a0fe61efda4a4cfeabdfd8182,merkle,merkle,4096,144.6408,29.60435,8.6921,10.9324,4456448,450000,9.903217777777778,4006448,,not sampled,,53100544,0.59375,9625736,35634626,34.272256060363034,external parent process-tree RSS/CPU/I-O sampler (10 ms; psutil or Linux /proc; isolated trial),3814,tree node pairs,956,True,,3.14.3,Windows-11-10.0.26200-SP0,
006db74792484b3a90a6254558c50300,2026-09-23T23:54:17.653193+00:00,robustness,robust-s3-baseline,Revon-H,ok,measured,2,2,20261111,10000,10,100,spread,32,399c1af8b094b1280773f472ec2262ff713b9d3a0fe61efda4a4cfeabdfd8182,hybrid,log,4096,133.2158,28.833199999999998,5.7221,10.1669,4460544,450000,9.91232,4010544,,not sampled,,53428224,0.640625,10858632,34913006,34.185533092621604,external parent process-tree RSS/CPU/I-O sampler (10 ms; psutil or Linux /proc; isolated trial),1000,log operations,956,True,,3.14.3,Windows-11-10.0.26200-SP0,
006db74792484b3a90a6254558c50300,2026-09-23T23:54:26.794880+00:00,robustness,robust-s3-baseline,Dolt,ok,measured,2,3,20261111,10000,10,100,spread,32,399c1af8b094b1280773f472ec2262ff713b9d3a0fe61efda4a4cfeabdfd8182,dolt-native,dolt-native,4096,777.2655,623.30675,248.4514,236.2632,2981811,450000,6.626246666666667,2531811,,not sampled,,149291008,8.734375,71436261,5825713,1.5139097192352995,external parent process-tree RSS/CPU/I-O sampler (10 ms; psutil or Linux /proc; isolated trial),,not exposed by Dolt CLI,956,True,,3.14.3,Windows-11-10.0.26200-SP0,Dolt 2.3.1
006db74792484b3a90a6254558c50300,2026-09-23T23:54:27.848165+00:00,robustness,robust-s3-baseline,Revon-H,ok,measured,3,1,20261111,10000,10,100,spread,32,399c1af8b094b1280773f472ec2262ff713b9d3a0fe61efda4a4cfeabdfd8182,hybrid,log,4096,140.7497,31.415399999999998,6.3242,11.0354,4497408,450000,9.99424,4047408,,not sampled,,52998144,0.640625,11149448,35195845,30.90789786423335,external parent process-tree RSS/CPU/I-O sampler (10 ms; psutil or Linux /proc; isolated trial),1000,log operations,956,True,,3.14.3,Windows-11-10.0.26200-SP0,
006db74792484b3a90a6254558c50300,2026-09-23T23:54:37.018236+00:00,robustness,robust-s3-baseline,Dolt,ok,measured,3,2,20261111,10000,10,100,spread,32,399c1af8b094b1280773f472ec2262ff713b9d3a0fe61efda4a4cfeabdfd8182,dolt-native,dolt-native,4096,679.9322,675.124,253.9429,277.1469,2981433,450000,6.625406666666667,2531433,,not sampled,,152498176,8.40625,71426257,5810444,1.488063683173385,external parent process-tree RSS/CPU/I-O sampler (10 ms; psutil or Linux /proc; isolated trial),,not exposed by Dolt CLI,956,True,,3.14.3,Windows-11-10.0.26200-SP0,Dolt 2.3.1
006db74792484b3a90a6254558c50300,2026-09-23T23:54:38.050895+00:00,robustness,robust-s3-baseline,Revon-M (forced Merkle),ok,measured,3,3,20261111,10000,10,100,spread,32,399c1af8b094b1280773f472ec2262ff713b9d3a0fe61efda4a4cfeabdfd8182,merkle,merkle,4096,145.6443,29.0548,8.6151,9.699,4481024,450000,9.957831111111112,4031024,,not sampled,,53309440,0.65625,10997896,35249190,33.78176372561506,external parent process-tree RSS/CPU/I-O sampler (10 ms; psutil or Linux /proc; isolated trial),3814,tree node pairs,956,True,,3.14.3,Windows-11-10.0.26200-SP0,
006db74792484b3a90a6254558c50300,2026-09-23T23:54:47.608334+00:00,robustness,robust-s3-baseline,Dolt,ok,measured,4,1,20261111,10000,10,100,spread,32,399c1af8b094b1280773f472ec2262ff713b9d3a0fe61efda4a4cfeabdfd8182,dolt-native,dolt-native,4096,1029.6251,627.0427500000001,245.9741,243.6297,2981466,450000,6.62548,2531466,,not sampled,,153329664,8.984375,71423578,5787477,1.4775424190608173,external parent process-tree RSS/CPU/I-O sampler (10 ms; psutil or Linux /proc; isolated trial),,not exposed by Dolt CLI,956,True,,3.14.3,Windows-11-10.0.26200-SP0,Dolt 2.3.1
006db74792484b3a90a6254558c50300,2026-09-23T23:54:48.594950+00:00,robustness,robust-s3-baseline,Revon-M (forced Merkle),ok,measured,4,2,20261111,10000,10,100,spread,32,399c1af8b094b1280773f472ec2262ff713b9d3a0fe61efda4a4cfeabdfd8182,merkle,merkle,4096,133.5664,26.86705,9.1132,10.6444,4485120,450000,9.966933333333333,4035120,,not sampled,,52711424,0.671875,10854536,35014973,36.02822018430596,external parent process-tree RSS/CPU/I-O sampler (10 ms; psutil or Linux /proc; isolated trial),3814,tree node pairs,956,True,,3.14.3,Windows-11-10.0.26200-SP0,
006db74792484b3a90a6254558c50300,2026-09-23T23:54:49.556409+00:00,robustness,robust-s3-baseline,Revon-H,ok,measured,4,3,20261111,10000,10,100,spread,32,399c1af8b094b1280773f472ec2262ff713b9d3a0fe61efda4a4cfeabdfd8182,hybrid,log,4096,132.0966,29.16835,5.4984,9.6961,4481024,450000,9.957831111111112,4031024,,not sampled,,53108736,0.609375,9556104,35146161,33.502633306977934,external parent process-tree RSS/CPU/I-O sampler (10 ms; psutil or Linux /proc; isolated trial),1000,log operations,956,True,,3.14.3,Windows-11-10.0.26200-SP0,
006db74792484b3a90a6254558c50300,2026-09-23T23:54:50.534784+00:00,robustness,robust-s3-baseline,Revon-M (forced Merkle),ok,measured,5,1,20261111,10000,10,100,spread,32,399c1af8b094b1280773f472ec2262ff713b9d3a0fe61efda4a4cfeabdfd8182,merkle,merkle,4096,155.2135,29.1609,8.4081,10.6924,4530176,450000,10.067057777777778,4080176,,not sampled,,53682176,0.578125,11112584,35253232,33.7570974297346,external parent process-tree RSS/CPU/I-O sampler (10 ms; psutil or Linux /proc; isolated trial),3814,tree node pairs,956,True,,3.14.3,Windows-11-10.0.26200-SP0,
006db74792484b3a90a6254558c50300,2026-09-23T23:54:51.449792+00:00,robustness,robust-s3-baseline,Revon-H,ok,measured,5,2,20261111,10000,10,100,spread,32,399c1af8b094b1280773f472ec2262ff713b9d3a0fe61efda4a4cfeabdfd8182,hybrid,log,4096,131.8196,26.993650000000002,6.4483,11.045,4464640,450000,9.921422222222223,4014640,,not sampled,,52580352,0.609375,11174024,35285046,35.17479233681974,external parent process-tree RSS/CPU/I-O sampler (10 ms; psutil or Linux /proc; isolated trial),1000,log operations,956,True,,3.14.3,Windows-11-10.0.26200-SP0,
006db74792484b3a90a6254558c50300,2026-09-23T23:55:00.773093+00:00,robustness,robust-s3-baseline,Dolt,ok,measured,5,3,20261111,10000,10,100,spread,32,399c1af8b094b1280773f472ec2262ff713b9d3a0fe61efda4a4cfeabdfd8182,dolt-native,dolt-native,4096,799.7091,656.2005999999999,237.5484,238.908,2981218,450000,6.624928888888889,2531218,,not sampled,,153284608,8.875,71417665,5793652,1.4735053207761408,external parent process-tree RSS/CPU/I-O sampler (10 ms; psutil or Linux /proc; isolated trial),,not exposed by Dolt CLI,956,True,,3.14.3,Windows-11-10.0.26200-SP0,Dolt 2.3.1
006db74792484b3a90a6254558c50300,2026-09-23T23:55:01.863622+00:00,robustness,robust-s3-baseline,Revon-H,ok,measured,6,1,20261111,10000,10,100,spread,32,399c1af8b094b1280773f472ec2262ff713b9d3a0fe61efda4a4cfeabdfd8182,hybrid,log,4096,166.6989,30.0093,6.0511,10.0019,4509696,450000,10.021546666666667,4059696,,not sampled,,52449280,0.703125,9461896,35150233,33.08569791302035,external parent process-tree RSS/CPU/I-O sampler (10 ms; psutil or Linux /proc; isolated trial),1000,log operations,956,True,,3.14.3,Windows-11-10.0.26200-SP0,
006db74792484b3a90a6254558c50300,2026-09-23T23:55:10.970771+00:00,robustness,robust-s3-baseline,Dolt,ok,measured,6,2,20261111,10000,10,100,spread,32,399c1af8b094b1280773f472ec2262ff713b9d3a0fe61efda4a4cfeabdfd8182,dolt-native,dolt-native,4096,748.1487,636.6389999999999,220.1708,238.0631,2981976,450000,6.626613333333333,2531976,,not sampled,,157925376,8.5,71433003,5780466,1.5017567099465943,external parent process-tree RSS/CPU/I-O sampler (10 ms; psutil or Linux /proc; isolated trial),,not exposed by Dolt CLI,956,True,,3.14.3,Windows-11-10.0.26200-SP0,Dolt 2.3.1
006db74792484b3a90a6254558c50300,2026-09-23T23:55:12.052077+00:00,robustness,robust-s3-baseline,Revon-M (forced Merkle),ok,measured,6,3,20261111,10000,10,100,spread,32,399c1af8b094b1280773f472ec2262ff713b9d3a0fe61efda4a4cfeabdfd8182,merkle,merkle,4096,177.6191,31.9013,9.0337,11.2806,4476928,450000,9.948728888888889,4026928,,not sampled,,53313536,0.765625,10834056,35170780,32.86379730661463,external parent process-tree RSS/CPU/I-O sampler (10 ms; psutil or Linux /proc; isolated trial),3814,tree node pairs,956,True,,3.14.3,Windows-11-10.0.26200-SP0,
006db74792484b3a90a6254558c50300,2026-09-23T23:55:21.677768+00:00,robustness,robust-s3-baseline,Dolt,ok,measured,7,1,20261111,10000,10,100,spread,32,399c1af8b094b1280773f472ec2262ff713b9d3a0fe61efda4a4cfeabdfd8182,dolt-native,dolt-native,4096,674.7546,702.8894,233.8658,269.5852,2981677,450000,6.625948888888889,2531677,,not sampled,,152678400,8.828125,71434081,5825608,1.3960087272881594,external parent process-tree RSS/CPU/I-O sampler (10 ms; psutil or Linux /proc; isolated trial),,not exposed by Dolt CLI,956,True,,3.14.3,Windows-11-10.0.26200-SP0,Dolt 2.3.1
006db74792484b3a90a6254558c50300,2026-09-23T23:55:22.725799+00:00,robustness,robust-s3-baseline,Revon-M (forced Merkle),ok,measured,7,2,20261111,10000,10,100,spread,32,399c1af8b094b1280773f472ec2262ff713b9d3a0fe61efda4a4cfeabdfd8182,merkle,merkle,4096,148.4604,29.3353,9.7029,9.7573,4513792,450000,10.030648888888889,4063792,,not sampled,,52801536,0.65625,10936456,35117444,33.66001499890269,external parent process-tree RSS/CPU/I-O sampler (10 ms; psutil or Linux /proc; isolated trial),3814,tree node pairs,956,True,,3.14.3,Windows-11-10.0.26200-SP0,
006db74792484b3a90a6254558c50300,2026-09-23T23:55:23.683862+00:00,robustness,robust-s3-baseline,Revon-H,ok,measured,7,3,20261111,10000,10,100,spread,32,399c1af8b094b1280773f472ec2262ff713b9d3a0fe61efda4a4cfeabdfd8182,hybrid,log,4096,145.5504,26.012900000000002,5.2402,10.1404,4521984,450000,10.048853333333334,4071984,,not sampled,,52805632,0.703125,9457800,35267730,36.269112462175855,external parent process-tree RSS/CPU/I-O sampler (10 ms; psutil or Linux /proc; isolated trial),1000,log operations,956,True,,3.14.3,Windows-11-10.0.26200-SP0,
006db74792484b3a90a6254558c50300,2026-09-23T23:55:33.557455+00:00,robustness,robust-s3-payload-128,Dolt,ok,warmup,1,1,20261111,10000,10,100,spread,128,00468bb59bc711ef40746bc320a2ceafb79273bf7acde4f7a326e4227fba18e0,dolt-native,dolt-native,4096,789.9927,631.5834500000001,276.001,328.3887,3268870,1410000,2.3183475177304964,1858870,,not sampled,,155734016,8.703125,88969186,9672122,1.4195506304593433,external parent process-tree RSS/CPU/I-O sampler (10 ms; psutil or Linux /proc; isolated trial),,not exposed by Dolt CLI,956,True,,3.14.3,Windows-11-10.0.26200-SP0,Dolt 2.3.1
006db74792484b3a90a6254558c50300,2026-09-23T23:55:34.727294+00:00,robustness,robust-s3-payload-128,Revon-H,ok,warmup,1,2,20261111,10000,10,100,spread,128,00468bb59bc711ef40746bc320a2ceafb79273bf7acde4f7a326e4227fba18e0,hybrid,log,4096,172.2056,36.024699999999996,5.8084,14.8124,7639040,1410000,5.417758865248227,6229040,,not sampled,,56922112,0.796875,24724253,47040246,27.16668581918017,external parent process-tree RSS/CPU/I-O sampler (10 ms; psutil or Linux /proc; isolated trial),1000,log operations,956,True,,3.14.3,Windows-11-10.0.26200-SP0,
006db74792484b3a90a6254558c50300,2026-09-23T23:55:35.823261+00:00,robustness,robust-s3-payload-128,Revon-M (forced Merkle),ok,warmup,1,3,20261111,10000,10,100,spread,128,00468bb59bc711ef40746bc320a2ceafb79273bf7acde4f7a326e4227fba18e0,merkle,merkle,4096,162.424,37.6652,9.1748,14.4802,7639040,1410000,5.417758865248227,6229040,,not sampled,,56799232,0.796875,22151965,47003383,26.428947097176593,external parent process-tree RSS/CPU/I-O sampler (10 ms; psutil or Linux /proc; isolated trial),3814,tree node pairs,956,True,,3.14.3,Windows-11-10.0.26200-SP0,
006db74792484b3a90a6254558c50300,2026-09-23T23:55:36.940372+00:00,robustness,robust-s3-payload-128,Revon-H,ok,warmup,2,1,20261111,10000,10,100,spread,128,00468bb59bc711ef40746bc320a2ceafb79273bf7acde4f7a326e4227fba18e0,hybrid,log,4096,184.0669,38.298100000000005,6.2557,14.6523,7643136,1410000,5.420663829787234,6233136,,not sampled,,57085952,0.671875,24843037,47575978,25.792360663864415,external parent process-tree RSS/CPU/I-O sampler (10 ms; psutil or Linux /proc; isolated trial),1000,log operations,956,True,,3.14.3,Windows-11-10.0.26200-SP0,
006db74792484b3a90a6254558c50300,2026-09-23T23:55:38.059602+00:00,robustness,robust-s3-payload-128,Revon-M (forced Merkle),ok,warmup,2,2,20261111,10000,10,100,spread,128,00468bb59bc711ef40746bc320a2ceafb79273bf7acde4f7a326e4227fba18e0,merkle,merkle,4096,167.9013,38.7093,9.4254,14.1008,7634944,1410000,5.41485390070922,6224944,,not sampled,,56975360,0.796875,24998685,47577382,24.39890253736387,external parent process-tree RSS/CPU/I-O sampler (10 ms; psutil or Linux /proc; isolated trial),3814,tree node pairs,956,True,,3.14.3,Windows-11-10.0.26200-SP0,
006db74792484b3a90a6254558c50300,2026-09-23T23:55:47.423145+00:00,robustness,robust-s3-payload-128,Dolt,ok,warmup,2,3,20261111,10000,10,100,spread,128,00468bb59bc711ef40746bc320a2ceafb79273bf7acde4f7a326e4227fba18e0,dolt-native,dolt-native,4096,773.2866,640.6475499999999,247.4057,272.5703,3268158,1410000,2.3178425531914892,1858158,,not sampled,,155262976,8.65625,88945753,9628446,1.4786384212423798,external parent process-tree RSS/CPU/I-O sampler (10 ms; psutil or Linux /proc; isolated trial),,not exposed by Dolt CLI,956,True,,3.14.3,Windows-11-10.0.26200-SP0,Dolt 2.3.1
006db74792484b3a90a6254558c50300,2026-09-23T23:55:56.860678+00:00,robustness,robust-s3-payload-128,Dolt,ok,measured,1,1,20261111,10000,10,100,spread,128,00468bb59bc711ef40746bc320a2ceafb79273bf7acde4f7a326e4227fba18e0,dolt-native,dolt-native,4096,708.9129,657.70965,230.4247,256.2758,3268655,1410000,2.318195035460993,1858655,,not sampled,,152449024,8.28125,88944138,9615477,1.4575976109392117,external parent process-tree RSS/CPU/I-O sampler (10 ms; psutil or Linux /proc; isolated trial),,not exposed by Dolt CLI,956,True,,3.14.3,Windows-11-10.0.26200-SP0,Dolt 2.3.1
006db74792484b3a90a6254558c50300,2026-09-23T23:55:58.012186+00:00,robustness,robust-s3-payload-128,Revon-H,ok,measured,1,2,20261111,10000,10,100,spread,128,00468bb59bc711ef40746bc320a2ceafb79273bf7acde4f7a326e4227fba18e0,hybrid,log,4096,167.6312,37.48595,6.0872,17.6909,7639040,1410000,5.417758865248227,6229040,,not sampled,,56954880,0.765625,25047839,47655255,26.297298320759715,external parent process-tree RSS/CPU/I-O sampler (10 ms; psutil or Linux /proc; isolated trial),1000,log operations,956,True,,3.14.3,Windows-11-10.0.26200-SP0,
006db74792484b3a90a6254558c50300,2026-09-23T23:55:59.122277+00:00,robustness,robust-s3-payload-128,Revon-M (forced Merkle),ok,measured,1,3,20261111,10000,10,100,spread,128,00468bb59bc711ef40746bc320a2ceafb79273bf7acde4f7a326e4227fba18e0,merkle,merkle,4096,183.2973,38.3374,10.1936,14.1664,7639040,1410000,5.417758865248227,6229040,,not sampled,,57552896,0.828125,24994591,47526786,25.735329125263885,external parent process-tree RSS/CPU/I-O sampler (10 ms; psutil or Linux /proc; isolated trial),3814,tree node pairs,956,True,,3.14.3,Windows-11-10.0.26200-SP0,
006db74792484b3a90a6254558c50300,2026-09-23T23:56:00.216706+00:00,robustness,robust-s3-payload-128,Revon-H,ok,measured,2,1,20261111,10000,10,100,spread,128,00468bb59bc711ef40746bc320a2ceafb79273bf7acde4f7a326e4227fba18e0,hybrid,log,4096,165.6067,38.650400000000005,6.1285,14.5683,7647232,1410000,5.423568794326241,6237232,,not sampled,,57069568,0.78125,24810271,47532233,25.723446200955678,external parent process-tree RSS/CPU/I-O sampler (10 ms; psutil or Linux /proc; isolated trial),1000,log operations,956,True,,3.14.3,Windows-11-10.0.26200-SP0,
006db74792484b3a90a6254558c50300,2026-09-23T23:56:01.561901+00:00,robustness,robust-s3-payload-128,Revon-M (forced Merkle),ok,measured,2,2,20261111,10000,10,100,spread,128,00468bb59bc711ef40746bc320a2ceafb79273bf7acde4f7a326e4227fba18e0,merkle,merkle,4096,167.4994,37.79195,9.5492,12.5207,7663616,1410000,5.435188652482269,6253616,,not sampled,,56680448,0.78125,24929055,47614235,16.390868450495805,external parent process-tree RSS/CPU/I-O sampler (10 ms; psutil or Linux /proc; isolated trial),3814,tree node pairs,956,True,,3.14.3,Windows-11-10.0.26200-SP0,
006db74792484b3a90a6254558c50300,2026-09-23T23:56:12.087627+00:00,robustness,robust-s3-payload-128,Dolt,ok,measured,2,3,20261111,10000,10,100,spread,128,00468bb59bc711ef40746bc320a2ceafb79273bf7acde4f7a326e4227fba18e0,dolt-native,dolt-native,4096,694.6854,726.4902999999999,273.3075,359.6333,3269081,1410000,2.3184971631205675,1859081,,not sampled,,156495872,10.59375,88966470,9655555,1.2674028350686106,external parent process-tree RSS/CPU/I-O sampler (10 ms; psutil or Linux /proc; isolated trial),,not exposed by Dolt CLI,956,True,,3.14.3,Windows-11-10.0.26200-SP0,Dolt 2.3.1
006db74792484b3a90a6254558c50300,2026-09-23T23:56:13.343853+00:00,robustness,robust-s3-payload-128,Revon-M (forced Merkle),ok,measured,3,1,20261111,10000,10,100,spread,128,00468bb59bc711ef40746bc320a2ceafb79273bf7acde4f7a326e4227fba18e0,merkle,merkle,4096,175.4906,40.31385,9.4277,14.524,7667712,1410000,5.438093617021277,6257712,,not sampled,,56762368,0.875,24892191,47548658,24.752855118073594,external parent process-tree RSS/CPU/I-O sampler (10 ms; psutil or Linux /proc; isolated trial),3814,tree node pairs,956,True,,3.14.3,Windows-11-10.0.26200-SP0,
006db74792484b3a90a6254558c50300,2026-09-23T23:56:23.038836+00:00,robustness,robust-s3-payload-128,Dolt,ok,measured,3,2,20261111,10000,10,100,spread,128,00468bb59bc711ef40746bc320a2ceafb79273bf7acde4f7a326e4227fba18e0,dolt-native,dolt-native,4096,856.4632,675.3609,303.7454,316.5133,3268846,1410000,2.3183304964539007,1858846,,not sampled,,153714688,9.125,88955400,9630015,1.4568218260579795,external parent process-tree RSS/CPU/I-O sampler (10 ms; psutil or Linux /proc; isolated trial),,not exposed by Dolt CLI,956,True,,3.14.3,Windows-11-10.0.26200-SP0,Dolt 2.3.1
006db74792484b3a90a6254558c50300,2026-09-23T23:56:24.290207+00:00,robustness,robust-s3-payload-128,Revon-H,ok,measured,3,3,20261111,10000,10,100,spread,128,00468bb59bc711ef40746bc320a2ceafb79273bf7acde4f7a326e4227fba18e0,hybrid,log,4096,179.5639,42.1613,7.3915,15.4923,7639040,1410000,5.417758865248227,6229040,,not sampled,,56639488,0.75,24819781,47379178,24.227699674403947,external parent process-tree RSS/CPU/I-O sampler (10 ms; psutil or Linux /proc; isolated trial),1000,log operations,956,True,,3.14.3,Windows-11-10.0.26200-SP0,
006db74792484b3a90a6254558c50300,2026-09-23T23:56:33.869441+00:00,robustness,robust-s3-payload-128,Dolt,ok,measured,4,1,20261111,10000,10,100,spread,128,00468bb59bc711ef40746bc320a2ceafb79273bf7acde4f7a326e4227fba18e0,dolt-native,dolt-native,4096,916.9831,644.19975,252.155,272.4436,3268669,1410000,2.318204964539007,1858669,,not sampled,,155426816,9.34375,88939823,9508556,1.4660848968126934,external parent process-tree RSS/CPU/I-O sampler (10 ms; psutil or Linux /proc; isolated trial),,not exposed by Dolt CLI,956,True,,3.14.3,Windows-11-10.0.26200-SP0,Dolt 2.3.1
006db74792484b3a90a6254558c50300,2026-09-23T23:56:35.068634+00:00,robustness,robust-s3-payload-128,Revon-H,ok,measured,4,2,20261111,10000,10,100,spread,128,00468bb59bc711ef40746bc320a2ceafb79273bf7acde4f7a326e4227fba18e0,hybrid,log,4096,171.2361,39.8086,6.9951,16.2115,7663616,1410000,5.435188652482269,6253616,,not sampled,,56729600,0.734375,27439903,47388750,24.841838226471612,external parent process-tree RSS/CPU/I-O sampler (10 ms; psutil or Linux /proc; isolated trial),1000,log operations,956,True,,3.14.3,Windows-11-10.0.26200-SP0,
006db74792484b3a90a6254558c50300,2026-09-23T23:56:36.262991+00:00,robustness,robust-s3-payload-128,Revon-M (forced Merkle),ok,measured,4,3,20261111,10000,10,100,spread,128,00468bb59bc711ef40746bc320a2ceafb79273bf7acde4f7a326e4227fba18e0,merkle,merkle,4096,175.3705,42.106899999999996,13.6291,20.5767,7634944,1410000,5.41485390070922,6224944,,not sampled,,56979456,0.796875,27431711,47342258,23.869316447224108,external parent process-tree RSS/CPU/I-O sampler (10 ms; psutil or Linux /proc; isolated trial),3814,tree node pairs,956,True,,3.14.3,Windows-11-10.0.26200-SP0,
006db74792484b3a90a6254558c50300,2026-09-23T23:56:37.557218+00:00,robustness,robust-s3-payload-128,Revon-H,ok,measured,5,1,20261111,10000,10,100,spread,128,00468bb59bc711ef40746bc320a2ceafb79273bf7acde4f7a326e4227fba18e0,hybrid,log,4096,166.4909,37.28555,6.3757,14.647,7639040,1410000,5.417758865248227,6229040,,not sampled,,57069568,0.6875,24867615,47560981,26.26082832429917,external parent process-tree RSS/CPU/I-O sampler (10 ms; psutil or Linux /proc; isolated trial),1000,log operations,956,True,,3.14.3,Windows-11-10.0.26200-SP0,
006db74792484b3a90a6254558c50300,2026-09-23T23:56:38.670249+00:00,robustness,robust-s3-payload-128,Revon-M (forced Merkle),ok,measured,5,2,20261111,10000,10,100,spread,128,00468bb59bc711ef40746bc320a2ceafb79273bf7acde4f7a326e4227fba18e0,merkle,merkle,4096,177.7256,37.24925,8.73,14.5359,7643136,1410000,5.420663829787234,6233136,,not sampled,,57139200,0.734375,24896287,47474889,26.804211584941072,external parent process-tree RSS/CPU/I-O sampler (10 ms; psutil or Linux /proc; isolated trial),3814,tree node pairs,956,True,,3.14.3,Windows-11-10.0.26200-SP0,
006db74792484b3a90a6254558c50300,2026-09-23T23:56:48.501304+00:00,robustness,robust-s3-payload-128,Dolt,ok,measured,5,3,20261111,10000,10,100,spread,128,00468bb59bc711ef40746bc320a2ceafb79273bf7acde4f7a326e4227fba18e0,dolt-native,dolt-native,4096,712.8544,644.8748499999999,242.087,265.1809,3269085,1410000,2.3185,1859085,,not sampled,,152809472,8.640625,88968486,9650810,1.371216047045216,external parent process-tree RSS/CPU/I-O sampler (10 ms; psutil or Linux /proc; isolated trial),,not exposed by Dolt CLI,956,True,,3.14.3,Windows-11-10.0.26200-SP0,Dolt 2.3.1
006db74792484b3a90a6254558c50300,2026-09-23T23:56:49.723975+00:00,robustness,robust-s3-payload-128,Revon-M (forced Merkle),ok,measured,6,1,20261111,10000,10,100,spread,128,00468bb59bc711ef40746bc320a2ceafb79273bf7acde4f7a326e4227fba18e0,merkle,merkle,4096,198.8717,38.03965,9.7548,14.523,7630848,1410000,5.411948936170213,6220848,,not sampled,,56864768,0.75,31855820,47465052,25.573217271844065,external parent process-tree RSS/CPU/I-O sampler (10 ms; psutil or Linux /proc; isolated trial),3814,tree node pairs,956,True,,3.14.3,Windows-11-10.0.26200-SP0,
006db74792484b3a90a6254558c50300,2026-09-23T23:56:59.373096+00:00,robustness,robust-s3-payload-128,Dolt,ok,measured,6,2,20261111,10000,10,100,spread,128,00468bb59bc711ef40746bc320a2ceafb79273bf7acde4f7a326e4227fba18e0,dolt-native,dolt-native,4096,747.1183,642.7822000000001,233.6097,280.6792,3268854,1410000,2.318336170212766,1858854,,not sampled,,175644672,8.4375,88964213,9639240,1.4070250113610234,external parent process-tree RSS/CPU/I-O sampler (10 ms; psutil or Linux /proc; isolated trial),,not exposed by Dolt CLI,956,True,,3.14.3,Windows-11-10.0.26200-SP0,Dolt 2.3.1
006db74792484b3a90a6254558c50300,2026-09-23T23:57:00.583302+00:00,robustness,robust-s3-payload-128,Revon-H,ok,measured,6,3,20261111,10000,10,100,spread,128,00468bb59bc711ef40746bc320a2ceafb79273bf7acde4f7a326e4227fba18e0,hybrid,log,4096,189.2465,37.49215,5.6323,14.3103,7643136,1410000,5.420663829787234,6233136,,not sampled,,56729600,0.875,25019167,47548646,26.76647349302747,external parent process-tree RSS/CPU/I-O sampler (10 ms; psutil or Linux /proc; isolated trial),1000,log operations,956,True,,3.14.3,Windows-11-10.0.26200-SP0,
006db74792484b3a90a6254558c50300,2026-09-23T23:57:10.237433+00:00,robustness,robust-s3-payload-128,Dolt,ok,measured,7,1,20261111,10000,10,100,spread,128,00468bb59bc711ef40746bc320a2ceafb79273bf7acde4f7a326e4227fba18e0,dolt-native,dolt-native,4096,720.1371,669.81025,250.3604,300.7265,3268422,1410000,2.3180297872340425,1858422,,not sampled,,179040256,8.46875,88950867,9614354,1.408578944426715,external parent process-tree RSS/CPU/I-O sampler (10 ms; psutil or Linux /proc; isolated trial),,not exposed by Dolt CLI,956,True,,3.14.3,Windows-11-10.0.26200-SP0,Dolt 2.3.1
006db74792484b3a90a6254558c50300,2026-09-23T23:57:11.455911+00:00,robustness,robust-s3-payload-128,Revon-H,ok,measured,7,2,20261111,10000,10,100,spread,128,00468bb59bc711ef40746bc320a2ceafb79273bf7acde4f7a326e4227fba18e0,hybrid,log,4096,175.3311,38.2093,6.736,12.8465,7667712,1410000,5.438093617021277,6257712,,not sampled,,56897536,0.71875,24871711,47511757,25.678067900001388,external parent process-tree RSS/CPU/I-O sampler (10 ms; psutil or Linux /proc; isolated trial),1000,log operations,956,True,,3.14.3,Windows-11-10.0.26200-SP0,
006db74792484b3a90a6254558c50300,2026-09-23T23:57:12.819441+00:00,robustness,robust-s3-payload-128,Revon-M (forced Merkle),ok,measured,7,3,20261111,10000,10,100,spread,128,00468bb59bc711ef40746bc320a2ceafb79273bf7acde4f7a326e4227fba18e0,merkle,merkle,4096,159.6936,37.4443,9.0743,13.0544,7639040,1410000,5.417758865248227,6229040,,not sampled,,56537088,0.765625,25068319,47794697,15.00169144070994,external parent process-tree RSS/CPU/I-O sampler (10 ms; psutil or Linux /proc; isolated trial),3814,tree node pairs,956,True,,3.14.3,Windows-11-10.0.26200-SP0,
006db74792484b3a90a6254558c50300,2026-09-23T23:57:16.093700+00:00,robustness,robust-s3-history-50,Revon-M (forced Merkle),ok,warmup,1,1,20261111,10000,50,100,spread,32,b2c7870091a33fac328851b89a4967bea47d326303c94ddb06cfa6dac1fb1c83,merkle,merkle,4096,142.2196,40.2919,23.8142,12.0581,11661312,450000,25.91402666666667,11211312,,not sampled,,72527872,2.0625,101075134,215970505,26.071152868986978,external parent process-tree RSS/CPU/I-O sampler (10 ms; psutil or Linux /proc; isolated trial),4315,tree node pairs,3925,True,,3.14.3,Windows-11-10.0.26200-SP0,
006db74792484b3a90a6254558c50300,2026-09-23T23:57:51.398186+00:00,robustness,robust-s3-history-50,Dolt,ok,warmup,1,2,20261111,10000,50,100,spread,32,b2c7870091a33fac328851b89a4967bea47d326303c94ddb06cfa6dac1fb1c83,dolt-native,dolt-native,4096,724.9587,619.6306500000001,349.5847,226.56,12942792,450000,28.76176,12492792,,not sampled,,179462144,32.15625,1047459845,26575647,1.560193979666385,external parent process-tree RSS/CPU/I-O sampler (10 ms; psutil or Linux /proc; isolated trial),,not exposed by Dolt CLI,3925,True,,3.14.3,Windows-11-10.0.26200-SP0,Dolt 2.3.1
006db74792484b3a90a6254558c50300,2026-09-23T23:57:55.062858+00:00,robustness,robust-s3-history-50,Revon-H,ok,warmup,1,3,20261111,10000,50,100,spread,32,b2c7870091a33fac328851b89a4967bea47d326303c94ddb06cfa6dac1fb1c83,hybrid,merkle,4096,139.1545,43.00915,44.5281,22.9338,11714560,450000,26.032355555555554,11264560,,not sampled,,71888896,2.484375,96893118,216889319,22.653810538570784,external parent process-tree RSS/CPU/I-O sampler (10 ms; psutil or Linux /proc; isolated trial),4315,tree node pairs,3925,True,,3.14.3,Windows-11-10.0.26200-SP0,
006db74792484b3a90a6254558c50300,2026-09-23T23:58:30.989086+00:00,robustness,robust-s3-history-50,Dolt,ok,warmup,2,1,20261111,10000,50,100,spread,32,b2c7870091a33fac328851b89a4967bea47d326303c94ddb06cfa6dac1fb1c83,dolt-native,dolt-native,4096,811.3944,635.28475,325.4724,237.4992,12942939,450000,28.762086666666665,12492939,,not sampled,,167895040,33.140625,1035053544,26919590,1.5366249029125814,external parent process-tree RSS/CPU/I-O sampler (10 ms; psutil or Linux /proc; isolated trial),,not exposed by Dolt CLI,3925,True,,3.14.3,Windows-11-10.0.26200-SP0,Dolt 2.3.1
006db74792484b3a90a6254558c50300,2026-09-23T23:58:35.260409+00:00,robustness,robust-s3-history-50,Revon-H,ok,warmup,2,2,20261111,10000,50,100,spread,32,b2c7870091a33fac328851b89a4967bea47d326303c94ddb06cfa6dac1fb1c83,hybrid,merkle,4096,142.7746,46.6786,63.618,25.4657,11771904,450000,26.159786666666665,11321904,,not sampled,,72368128,2.765625,102447294,215835065,18.366125254109118,external parent process-tree RSS/CPU/I-O sampler (10 ms; psutil or Linux /proc; isolated trial),4315,tree node pairs,3925,True,,3.14.3,Windows-11-10.0.26200-SP0,
006db74792484b3a90a6254558c50300,2026-09-23T23:58:40.375528+00:00,robustness,robust-s3-history-50,Revon-M (forced Merkle),ok,warmup,2,3,20261111,10000,50,100,spread,32,b2c7870091a33fac328851b89a4967bea47d326303c94ddb06cfa6dac1fb1c83,merkle,merkle,4096,211.7434,49.72115,55.5561,41.4962,11657216,450000,25.904924444444443,11207216,,not sampled,,72474624,3.5625,99002558,213653987,15.466895939683065,external parent process-tree RSS/CPU/I-O sampler (10 ms; psutil or Linux /proc; isolated trial),4315,tree node pairs,3925,True,,3.14.3,Windows-11-10.0.26200-SP0,
006db74792484b3a90a6254558c50300,2026-09-23T23:58:44.367145+00:00,robustness,robust-s3-history-50,Revon-M (forced Merkle),ok,measured,1,1,20261111,10000,50,100,spread,32,b2c7870091a33fac328851b89a4967bea47d326303c94ddb06cfa6dac1fb1c83,merkle,merkle,4096,187.418,43.663,49.8196,20.8133,11739136,450000,26.08696888888889,11289136,,not sampled,,72196096,2.78125,98067210,214231961,21.290289477678943,external parent process-tree RSS/CPU/I-O sampler (10 ms; psutil or Linux /proc; isolated trial),4315,tree node pairs,3925,True,,3.14.3,Windows-11-10.0.26200-SP0,
006db74792484b3a90a6254558c50300,2026-09-23T23:59:21.647568+00:00,robustness,robust-s3-history-50,Dolt,ok,measured,1,2,20261111,10000,50,100,spread,32,b2c7870091a33fac328851b89a4967bea47d326303c94ddb06cfa6dac1fb1c83,dolt-native,dolt-native,4096,824.0332,659.8340000000001,349.7737,254.7674,12942455,450000,28.76101111111111,12492455,,not sampled,,177315840,33.3125,1031810508,26278703,1.4902499265962497,external parent process-tree RSS/CPU/I-O sampler (10 ms; psutil or Linux /proc; isolated trial),,not exposed by Dolt CLI,3925,True,,3.14.3,Windows-11-10.0.26200-SP0,Dolt 2.3.1
006db74792484b3a90a6254558c50300,2026-09-23T23:59:25.404016+00:00,robustness,robust-s3-history-50,Revon-H,ok,measured,1,3,20261111,10000,50,100,spread,32,b2c7870091a33fac328851b89a4967bea47d326303c94ddb06cfa6dac1fb1c83,hybrid,merkle,4096,138.28,44.846999999999994,48.001,22.1616,11657216,450000,25.904924444444443,11207216,,not sampled,,72110080,2.5625,106365706,215056711,21.72868932719808,external parent process-tree RSS/CPU/I-O sampler (10 ms; psutil or Linux /proc; isolated trial),4315,tree node pairs,3925,True,,3.14.3,Windows-11-10.0.26200-SP0,
006db74792484b3a90a6254558c50300,2026-09-24T00:00:11.356593+00:00,robustness,robust-s3-history-50,Dolt,ok,measured,2,1,20261111,10000,50,100,spread,32,b2c7870091a33fac328851b89a4967bea47d326303c94ddb06cfa6dac1fb1c83,dolt-native,dolt-native,4096,1027.3352,806.22,537.1678,327.5004,12942632,450000,28.761404444444445,12492632,,not sampled,,168181760,42.09375,1058869391,27197789,1.2083699572141817,external parent process-tree RSS/CPU/I-O sampler (10 ms; psutil or Linux /proc; isolated trial),,not exposed by Dolt CLI,3925,True,,3.14.3,Windows-11-10.0.26200-SP0,Dolt 2.3.1
006db74792484b3a90a6254558c50300,2026-09-24T00:00:17.489536+00:00,robustness,robust-s3-history-50,Revon-H,ok,measured,2,2,20261111,10000,50,100,spread,32,b2c7870091a33fac328851b89a4967bea47d326303c94ddb06cfa6dac1fb1c83,hybrid,merkle,4096,181.4475,54.56075,72.3424,35.7444,11780096,450000,26.177991111111112,11330096,,not sampled,,72118272,4.640625,97843392,215785353,13.304987677984812,external parent process-tree RSS/CPU/I-O sampler (10 ms; psutil or Linux /proc; isolated trial),4315,tree node pairs,3925,True,,3.14.3,Windows-11-10.0.26200-SP0,
006db74792484b3a90a6254558c50300,2026-09-24T00:00:25.740773+00:00,robustness,robust-s3-history-50,Revon-M (forced Merkle),ok,measured,2,3,20261111,10000,50,100,spread,32,b2c7870091a33fac328851b89a4967bea47d326303c94ddb06cfa6dac1fb1c83,merkle,merkle,4096,242.4552,105.09465,72.1693,42.213,11702272,450000,26.00504888888889,11252272,,not sampled,,71757824,6.40625,103559946,216683859,9.098997437886105,external parent process-tree RSS/CPU/I-O sampler (10 ms; psutil or Linux /proc; isolated trial),4315,tree node pairs,3925,True,,3.14.3,Windows-11-10.0.26200-SP0,
006db74792484b3a90a6254558c50300,2026-09-24T00:00:33.462627+00:00,robustness,robust-s3-history-50,Revon-H,ok,measured,3,1,20261111,10000,50,100,spread,32,b2c7870091a33fac328851b89a4967bea47d326303c94ddb06cfa6dac1fb1c83,hybrid,merkle,4096,246.8102,101.44935,67.7607,31.3051,11694080,450000,25.986844444444444,11244080,,not sampled,,73187328,6.09375,100264128,215351333,9.832831249304082,external parent process-tree RSS/CPU/I-O sampler (10 ms; psutil or Linux /proc; isolated trial),4315,tree node pairs,3925,True,,3.14.3,Windows-11-10.0.26200-SP0,
006db74792484b3a90a6254558c50300,2026-09-24T00:00:41.814226+00:00,robustness,robust-s3-history-50,Revon-M (forced Merkle),ok,measured,3,2,20261111,10000,50,100,spread,32,b2c7870091a33fac328851b89a4967bea47d326303c94ddb06cfa6dac1fb1c83,merkle,merkle,4096,231.3002,100.9723,85.9625,36.4563,11755520,450000,26.123377777777776,11305520,,not sampled,,71790592,6.25,99349258,216520344,9.056692741066202,external parent process-tree RSS/CPU/I-O sampler (10 ms; psutil or Linux /proc; isolated trial),4315,tree node pairs,3925,True,,3.14.3,Windows-11-10.0.26200-SP0,
006db74792484b3a90a6254558c50300,2026-09-24T00:01:37.488926+00:00,robustness,robust-s3-history-50,Dolt,ok,measured,3,3,20261111,10000,50,100,spread,32,b2c7870091a33fac328851b89a4967bea47d326303c94ddb06cfa6dac1fb1c83,dolt-native,dolt-native,4096,1370.5713,957.5907500000001,765.1387,354.0658,12943327,450000,28.76294888888889,12493327,,not sampled,,168423424,52.375,1039590573,26881883,0.9934139002867791,external parent process-tree RSS/CPU/I-O sampler (10 ms; psutil or Linux /proc; isolated trial),,not exposed by Dolt CLI,3925,True,,3.14.3,Windows-11-10.0.26200-SP0,Dolt 2.3.1
006db74792484b3a90a6254558c50300,2026-09-24T00:01:41.381638+00:00,robustness,robust-s3-history-50,Revon-M (forced Merkle),ok,measured,4,1,20261111,10000,50,100,spread,32,b2c7870091a33fac328851b89a4967bea47d326303c94ddb06cfa6dac1fb1c83,merkle,merkle,4096,140.4652,42.512150000000005,48.5481,24.8128,11685888,450000,25.96864,11235888,,not sampled,,71823360,2.6875,108554432,216221105,20.627885609133003,external parent process-tree RSS/CPU/I-O sampler (10 ms; psutil or Linux /proc; isolated trial),4315,tree node pairs,3925,True,,3.14.3,Windows-11-10.0.26200-SP0,
006db74792484b3a90a6254558c50300,2026-09-24T00:02:19.487655+00:00,robustness,robust-s3-history-50,Dolt,ok,measured,4,2,20261111,10000,50,100,spread,32,b2c7870091a33fac328851b89a4967bea47d326303c94ddb06cfa6dac1fb1c83,dolt-native,dolt-native,4096,926.8132,656.828,354.1109,238.5261,12943163,450000,28.762584444444446,12493163,,not sampled,,165179392,34.5625,1044524549,26866139,1.4534490655911128,external parent process-tree RSS/CPU/I-O sampler (10 ms; psutil or Linux /proc; isolated trial),,not exposed by Dolt CLI,3925,True,,3.14.3,Windows-11-10.0.26200-SP0,Dolt 2.3.1
006db74792484b3a90a6254558c50300,2026-09-24T00:02:23.313859+00:00,robustness,robust-s3-history-50,Revon-H,ok,measured,4,3,20261111,10000,50,100,spread,32,b2c7870091a33fac328851b89a4967bea47d326303c94ddb06cfa6dac1fb1c83,hybrid,merkle,4096,144.0241,43.91715,47.0025,25.7741,11743232,450000,26.09607111111111,11293232,,not sampled,,72605696,2.734375,113258102,215487112,21.130581627288915,external parent process-tree RSS/CPU/I-O sampler (10 ms; psutil or Linux /proc; isolated trial),4315,tree node pairs,3925,True,,3.14.3,Windows-11-10.0.26200-SP0,
006db74792484b3a90a6254558c50300,2026-09-24T00:02:59.358266+00:00,robustness,robust-s3-history-50,Dolt,ok,measured,5,1,20261111,10000,50,100,spread,32,b2c7870091a33fac328851b89a4967bea47d326303c94ddb06cfa6dac1fb1c83,dolt-native,dolt-native,4096,911.8593,632.53855,361.5547,226.2038,12941657,450000,28.759237777777777,12491657,,not sampled,,167309312,32.0,1054504841,26940618,1.5444327145122982,external parent process-tree RSS/CPU/I-O sampler (10 ms; psutil or Linux /proc; isolated trial),,not exposed by Dolt CLI,3925,True,,3.14.3,Windows-11-10.0.26200-SP0,Dolt 2.3.1
006db74792484b3a90a6254558c50300,2026-09-24T00:03:03.101523+00:00,robustness,robust-s3-history-50,Revon-H,ok,measured,5,2,20261111,10000,50,100,spread,32,b2c7870091a33fac328851b89a4967bea47d326303c94ddb06cfa6dac1fb1c83,hybrid,merkle,4096,165.4745,40.9393,44.6618,23.5764,11681792,450000,25.95953777777778,11231792,,not sampled,,72699904,2.5625,106817728,215569191,21.943811816540784,external parent process-tree RSS/CPU/I-O sampler (10 ms; psutil or Linux /proc; isolated trial),4315,tree node pairs,3925,True,,3.14.3,Windows-11-10.0.26200-SP0,
006db74792484b3a90a6254558c50300,2026-09-24T00:03:07.035478+00:00,robustness,robust-s3-history-50,Revon-M (forced Merkle),ok,measured,5,3,20261111,10000,50,100,spread,32,b2c7870091a33fac328851b89a4967bea47d326303c94ddb06cfa6dac1fb1c83,merkle,merkle,4096,168.8161,44.74585,45.7922,22.8786,11726848,450000,26.059662222222222,11276848,,not sampled,,72175616,2.734375,116530806,215703925,20.884555315814787,external parent process-tree RSS/CPU/I-O sampler (10 ms; psutil or Linux /proc; isolated trial),4315,tree node pairs,3925,True,,3.14.3,Windows-11-10.0.26200-SP0,
006db74792484b3a90a6254558c50300,2026-09-24T00:03:10.907735+00:00,robustness,robust-s3-history-50,Revon-H,ok,measured,6,1,20261111,10000,50,100,spread,32,b2c7870091a33fac328851b89a4967bea47d326303c94ddb06cfa6dac1fb1c83,hybrid,merkle,4096,154.3377,45.844750000000005,45.7673,22.7333,11657216,450000,25.904924444444443,11207216,,not sampled,,72445952,2.875,100066058,216618303,21.230096413086045,external parent process-tree RSS/CPU/I-O sampler (10 ms; psutil or Linux /proc; isolated trial),4315,tree node pairs,3925,True,,3.14.3,Windows-11-10.0.26200-SP0,
006db74792484b3a90a6254558c50300,2026-09-24T00:03:14.992562+00:00,robustness,robust-s3-history-50,Revon-M (forced Merkle),ok,measured,6,2,20261111,10000,50,100,spread,32,b2c7870091a33fac328851b89a4967bea47d326303c94ddb06cfa6dac1fb1c83,merkle,merkle,4096,161.1602,43.14375,45.3552,21.7186,11706368,450000,26.01415111111111,11256368,,not sampled,,72777728,2.703125,97618112,216097580,19.303603210575286,external parent process-tree RSS/CPU/I-O sampler (10 ms; psutil or Linux /proc; isolated trial),4315,tree node pairs,3925,True,,3.14.3,Windows-11-10.0.26200-SP0,
006db74792484b3a90a6254558c50300,2026-09-24T00:03:49.028084+00:00,robustness,robust-s3-history-50,Dolt,ok,measured,6,3,20261111,10000,50,100,spread,32,b2c7870091a33fac328851b89a4967bea47d326303c94ddb06cfa6dac1fb1c83,dolt-native,dolt-native,4096,867.2692,600.89935,328.4925,224.7148,12943157,450000,28.76257111111111,12493157,,not sampled,,168255488,29.765625,1045722608,26631099,1.6331543182801669,external parent process-tree RSS/CPU/I-O sampler (10 ms; psutil or Linux /proc; isolated trial),,not exposed by Dolt CLI,3925,True,,3.14.3,Windows-11-10.0.26200-SP0,Dolt 2.3.1
006db74792484b3a90a6254558c50300,2026-09-24T00:03:52.484366+00:00,robustness,robust-s3-history-50,Revon-M (forced Merkle),ok,measured,7,1,20261111,10000,50,100,spread,32,b2c7870091a33fac328851b89a4967bea47d326303c94ddb06cfa6dac1fb1c83,merkle,merkle,4096,136.9238,42.18655,46.0341,21.8189,11702272,450000,26.00504888888889,11252272,,not sampled,,71745536,2.359375,99055808,215814168,24.597219304035455,external parent process-tree RSS/CPU/I-O sampler (10 ms; psutil or Linux /proc; isolated trial),4315,tree node pairs,3925,True,,3.14.3,Windows-11-10.0.26200-SP0,
006db74792484b3a90a6254558c50300,2026-09-24T00:04:26.731861+00:00,robustness,robust-s3-history-50,Dolt,ok,measured,7,2,20261111,10000,50,100,spread,32,b2c7870091a33fac328851b89a4967bea47d326303c94ddb06cfa6dac1fb1c83,dolt-native,dolt-native,4096,895.3571,600.93145,352.8006,231.0662,12943271,450000,28.762824444444444,12493271,,not sampled,,167354368,31.109375,1056776526,26597987,1.6179776264047527,external parent process-tree RSS/CPU/I-O sampler (10 ms; psutil or Linux /proc; isolated trial),,not exposed by Dolt CLI,3925,True,,3.14.3,Windows-11-10.0.26200-SP0,Dolt 2.3.1
006db74792484b3a90a6254558c50300,2026-09-24T00:04:30.682602+00:00,robustness,robust-s3-history-50,Revon-H,ok,measured,7,3,20261111,10000,50,100,spread,32,b2c7870091a33fac328851b89a4967bea47d326303c94ddb06cfa6dac1fb1c83,hybrid,merkle,4096,135.5069,42.539249999999996,44.9386,17.1328,11784192,450000,26.187093333333333,11334192,,not sampled,,71618560,2.375,106784960,215957521,19.6710760039232,external parent process-tree RSS/CPU/I-O sampler (10 ms; psutil or Linux /proc; isolated trial),4315,tree node pairs,3925,True,,3.14.3,Windows-11-10.0.26200-SP0,
006db74792484b3a90a6254558c50300,2026-09-24T00:04:31.820743+00:00,robustness,robust-s3-range-local,Revon-M (forced Merkle),ok,warmup,1,1,20261111,10000,10,100,range-local,32,aba73e54364bc1f29c6dcaabd365c805c362421b0aa86d7321d244dd56c3d58d,merkle,merkle,4096,145.6735,28.185200000000002,9.0568,10.3735,4497408,450000,9.99424,4047408,,not sampled,,52764672,0.71875,10813582,34415309,33.864440644101656,external parent process-tree RSS/CPU/I-O sampler (10 ms; psutil or Linux /proc; isolated trial),3792,tree node pairs,1000,True,,3.14.3,Windows-11-10.0.26200-SP0,
006db74792484b3a90a6254558c50300,2026-09-24T00:04:41.116277+00:00,robustness,robust-s3-range-local,Dolt,ok,warmup,1,2,20261111,10000,10,100,range-local,32,aba73e54364bc1f29c6dcaabd365c805c362421b0aa86d7321d244dd56c3d58d,dolt-native,dolt-native,4096,745.0061,612.97515,237.6163,249.367,764269,450000,1.6983755555555555,314269,,not sampled,,154128384,8.0625,27976380,3223178,1.494876728578282,external parent process-tree RSS/CPU/I-O sampler (10 ms; psutil or Linux /proc; isolated trial),,not exposed by Dolt CLI,1000,True,,3.14.3,Windows-11-10.0.26200-SP0,Dolt 2.3.1
006db74792484b3a90a6254558c50300,2026-09-24T00:04:42.273953+00:00,robustness,robust-s3-range-local,Revon-H,ok,warmup,1,3,20261111,10000,10,100,range-local,32,aba73e54364bc1f29c6dcaabd365c805c362421b0aa86d7321d244dd56c3d58d,hybrid,log,4096,136.4667,29.4496,5.6345,10.0828,4456448,450000,9.903217777777778,4006448,,not sampled,,53317632,0.671875,9027726,34488270,33.224511981755754,external parent process-tree RSS/CPU/I-O sampler (10 ms; psutil or Linux /proc; isolated trial),1000,log operations,1000,True,,3.14.3,Windows-11-10.0.26200-SP0,
006db74792484b3a90a6254558c50300,2026-09-24T00:04:51.214625+00:00,robustness,robust-s3-range-local,Dolt,ok,warmup,2,1,20261111,10000,10,100,range-local,32,aba73e54364bc1f29c6dcaabd365c805c362421b0aa86d7321d244dd56c3d58d,dolt-native,dolt-native,4096,879.9561,604.7881,242.3128,230.1005,764303,450000,1.6984511111111111,314303,,not sampled,,162983936,8.15625,27985446,3237204,1.5828363807471126,external parent process-tree RSS/CPU/I-O sampler (10 ms; psutil or Linux /proc; isolated trial),,not exposed by Dolt CLI,1000,True,,3.14.3,Windows-11-10.0.26200-SP0,Dolt 2.3.1
006db74792484b3a90a6254558c50300,2026-09-24T00:04:52.334018+00:00,robustness,robust-s3-range-local,Revon-H,ok,warmup,2,2,20261111,10000,10,100,range-local,32,aba73e54364bc1f29c6dcaabd365c805c362421b0aa86d7321d244dd56c3d58d,hybrid,log,4096,139.947,28.8506,6.3155,11.0686,4476928,450000,9.948728888888889,4026928,,not sampled,,53112832,0.71875,10891406,34665947,26.759353932862386,external parent process-tree RSS/CPU/I-O sampler (10 ms; psutil or Linux /proc; isolated trial),1000,log operations,1000,True,,3.14.3,Windows-11-10.0.26200-SP0,
006db74792484b3a90a6254558c50300,2026-09-24T00:04:53.271110+00:00,robustness,robust-s3-range-local,Revon-M (forced Merkle),ok,warmup,2,3,20261111,10000,10,100,range-local,32,aba73e54364bc1f29c6dcaabd365c805c362421b0aa86d7321d244dd56c3d58d,merkle,merkle,4096,135.3392,26.227449999999997,10.233,9.7597,4472832,450000,9.939626666666667,4022832,,not sampled,,53190656,0.6875,9048206,34535302,35.271266016241015,external parent process-tree RSS/CPU/I-O sampler (10 ms; psutil or Linux /proc; isolated trial),3792,tree node pairs,1000,True,,3.14.3,Windows-11-10.0.26200-SP0,
006db74792484b3a90a6254558c50300,2026-09-24T00:05:02.133343+00:00,robustness,robust-s3-range-local,Dolt,ok,measured,1,1,20261111,10000,10,100,range-local,32,aba73e54364bc1f29c6dcaabd365c805c362421b0aa86d7321d244dd56c3d58d,dolt-native,dolt-native,4096,697.8596,608.13085,250.0128,285.1753,764105,450000,1.6980111111111111,314105,,not sampled,,161378304,8.296875,27974567,3241145,1.580061319967742,external parent process-tree RSS/CPU/I-O sampler (10 ms; psutil or Linux /proc; isolated trial),,not exposed by Dolt CLI,1000,True,,3.14.3,Windows-11-10.0.26200-SP0,Dolt 2.3.1
006db74792484b3a90a6254558c50300,2026-09-24T00:05:03.144691+00:00,robustness,robust-s3-range-local,Revon-M (forced Merkle),ok,measured,1,2,20261111,10000,10,100,range-local,32,aba73e54364bc1f29c6dcaabd365c805c362421b0aa86d7321d244dd56c3d58d,merkle,merkle,4096,135.7349,27.71935,8.5905,11.0933,4460544,450000,9.91232,4010544,,not sampled,,53190656,0.671875,9224336,34779366,35.41514160213143,external parent process-tree RSS/CPU/I-O sampler (10 ms; psutil or Linux /proc; isolated trial),3792,tree node pairs,1000,True,,3.14.3,Windows-11-10.0.26200-SP0,
006db74792484b3a90a6254558c50300,2026-09-24T00:05:04.322190+00:00,robustness,robust-s3-range-local,Revon-H,ok,measured,1,3,20261111,10000,10,100,range-local,32,aba73e54364bc1f29c6dcaabd365c805c362421b0aa86d7321d244dd56c3d58d,hybrid,log,4096,137.9711,25.29625,7.678,15.4505,4476928,450000,9.948728888888889,4026928,,not sampled,,53026816,0.671875,9052304,34758846,36.7621514534468,external parent process-tree RSS/CPU/I-O sampler (10 ms; psutil or Linux /proc; isolated trial),1000,log operations,1000,True,,3.14.3,Windows-11-10.0.26200-SP0,
006db74792484b3a90a6254558c50300,2026-09-24T00:05:05.257295+00:00,robustness,robust-s3-range-local,Revon-M (forced Merkle),ok,measured,2,1,20261111,10000,10,100,range-local,32,aba73e54364bc1f29c6dcaabd365c805c362421b0aa86d7321d244dd56c3d58d,merkle,merkle,4096,140.7507,27.8959,8.3256,9.6654,4464640,450000,9.921422222222223,4014640,,not sampled,,53268480,0.609375,9093264,34687004,34.21188308704769,external parent process-tree RSS/CPU/I-O sampler (10 ms; psutil or Linux /proc; isolated trial),3792,tree node pairs,1000,True,,3.14.3,Windows-11-10.0.26200-SP0,
006db74792484b3a90a6254558c50300,2026-09-24T00:05:06.171088+00:00,robustness,robust-s3-range-local,Revon-H,ok,measured,2,2,20261111,10000,10,100,range-local,32,aba73e54364bc1f29c6dcaabd365c805c362421b0aa86d7321d244dd56c3d58d,hybrid,log,4096,139.4063,26.0597,6.3464,9.7652,4468736,450000,9.930524444444444,4018736,,not sampled,,52039680,0.640625,9085072,34719777,36.860910147476815,external parent process-tree RSS/CPU/I-O sampler (10 ms; psutil or Linux /proc; isolated trial),1000,log operations,1000,True,,3.14.3,Windows-11-10.0.26200-SP0,
006db74792484b3a90a6254558c50300,2026-09-24T00:05:15.503088+00:00,robustness,robust-s3-range-local,Dolt,ok,measured,2,3,20261111,10000,10,100,range-local,32,aba73e54364bc1f29c6dcaabd365c805c362421b0aa86d7321d244dd56c3d58d,dolt-native,dolt-native,4096,651.3009,647.43175,242.3637,230.55,764117,450000,1.6980377777777778,314117,,not sampled,,166211584,8.140625,27965351,3213490,1.4311406531617175,external parent process-tree RSS/CPU/I-O sampler (10 ms; psutil or Linux /proc; isolated trial),,not exposed by Dolt CLI,1000,True,,3.14.3,Windows-11-10.0.26200-SP0,Dolt 2.3.1
006db74792484b3a90a6254558c50300,2026-09-24T00:05:16.542296+00:00,robustness,robust-s3-range-local,Revon-H,ok,measured,3,1,20261111,10000,10,100,range-local,32,aba73e54364bc1f29c6dcaabd365c805c362421b0aa86d7321d244dd56c3d58d,hybrid,log,4096,152.6395,27.023850000000003,6.7014,12.4539,4444160,450000,9.875911111111112,3994160,,not sampled,,53211136,0.6875,10662032,34682376,32.20522716601086,external parent process-tree RSS/CPU/I-O sampler (10 ms; psutil or Linux /proc; isolated trial),1000,log operations,1000,True,,3.14.3,Windows-11-10.0.26200-SP0,
006db74792484b3a90a6254558c50300,2026-09-24T00:05:25.520132+00:00,robustness,robust-s3-range-local,Dolt,ok,measured,3,2,20261111,10000,10,100,range-local,32,aba73e54364bc1f29c6dcaabd365c805c362421b0aa86d7321d244dd56c3d58d,dolt-native,dolt-native,4096,741.3231,629.9263,228.7944,236.5072,764086,450000,1.6979688888888889,314086,,not sampled,,154247168,8.328125,27977756,3241682,1.5226430574160985,external parent process-tree RSS/CPU/I-O sampler (10 ms; psutil or Linux /proc; isolated trial),,not exposed by Dolt CLI,1000,True,,3.14.3,Windows-11-10.0.26200-SP0,Dolt 2.3.1
006db74792484b3a90a6254558c50300,2026-09-24T00:05:26.551681+00:00,robustness,robust-s3-range-local,Revon-M (forced Merkle),ok,measured,3,3,20261111,10000,10,100,range-local,32,aba73e54364bc1f29c6dcaabd365c805c362421b0aa86d7321d244dd56c3d58d,merkle,merkle,4096,142.1576,29.7915,9.4553,11.9487,4468736,450000,9.930524444444444,4018736,,not sampled,,52572160,0.671875,16187536,34497349,33.45836725175313,external parent process-tree RSS/CPU/I-O sampler (10 ms; psutil or Linux /proc; isolated trial),3792,tree node pairs,1000,True,,3.14.3,Windows-11-10.0.26200-SP0,
006db74792484b3a90a6254558c50300,2026-09-24T00:05:36.116760+00:00,robustness,robust-s3-range-local,Dolt,ok,measured,4,1,20261111,10000,10,100,range-local,32,aba73e54364bc1f29c6dcaabd365c805c362421b0aa86d7321d244dd56c3d58d,dolt-native,dolt-native,4096,1350.8075,612.7283,241.6816,237.1412,764059,450000,1.697908888888889,314059,,not sampled,,165371904,8.515625,27967389,3210624,1.5563701147117923,external parent process-tree RSS/CPU/I-O sampler (10 ms; psutil or Linux /proc; isolated trial),,not exposed by Dolt CLI,1000,True,,3.14.3,Windows-11-10.0.26200-SP0,Dolt 2.3.1
006db74792484b3a90a6254558c50300,2026-09-24T00:05:37.144273+00:00,robustness,robust-s3-range-local,Revon-M (forced Merkle),ok,measured,4,2,20261111,10000,10,100,range-local,32,aba73e54364bc1f29c6dcaabd365c805c362421b0aa86d7321d244dd56c3d58d,merkle,merkle,4096,142.4139,26.0664,8.8244,9.3585,4472832,450000,9.939626666666667,4022832,,not sampled,,53190656,0.65625,9064592,34538873,36.319537841144886,external parent process-tree RSS/CPU/I-O sampler (10 ms; psutil or Linux /proc; isolated trial),3792,tree node pairs,1000,True,,3.14.3,Windows-11-10.0.26200-SP0,
006db74792484b3a90a6254558c50300,2026-09-24T00:05:38.080445+00:00,robustness,robust-s3-range-local,Revon-H,ok,measured,4,3,20261111,10000,10,100,range-local,32,aba73e54364bc1f29c6dcaabd365c805c362421b0aa86d7321d244dd56c3d58d,hybrid,log,4096,145.0757,28.3741,5.4935,10.0848,4464640,450000,9.921422222222223,4014640,,not sampled,,52613120,0.609375,16294032,34776645,34.69103642593516,external parent process-tree RSS/CPU/I-O sampler (10 ms; psutil or Linux /proc; isolated trial),1000,log operations,1000,True,,3.14.3,Windows-11-10.0.26200-SP0,
006db74792484b3a90a6254558c50300,2026-09-24T00:05:39.064468+00:00,robustness,robust-s3-range-local,Revon-M (forced Merkle),ok,measured,5,1,20261111,10000,10,100,range-local,32,aba73e54364bc1f29c6dcaabd365c805c362421b0aa86d7321d244dd56c3d58d,merkle,merkle,4096,138.7643,30.884050000000002,9.0556,10.9204,4444160,450000,9.875911111111112,3994160,,not sampled,,52301824,0.609375,13099152,34857278,31.150251055448383,external parent process-tree RSS/CPU/I-O sampler (10 ms; psutil or Linux /proc; isolated trial),3792,tree node pairs,1000,True,,3.14.3,Windows-11-10.0.26200-SP0,
006db74792484b3a90a6254558c50300,2026-09-24T00:05:40.151490+00:00,robustness,robust-s3-range-local,Revon-H,ok,measured,5,2,20261111,10000,10,100,range-local,32,aba73e54364bc1f29c6dcaabd365c805c362421b0aa86d7321d244dd56c3d58d,hybrid,log,4096,136.6311,28.076700000000002,5.6736,10.2798,4460544,450000,9.91232,4010544,,not sampled,,53202944,0.71875,9060496,34665966,33.23650431742191,external parent process-tree RSS/CPU/I-O sampler (10 ms; psutil or Linux /proc; isolated trial),1000,log operations,1000,True,,3.14.3,Windows-11-10.0.26200-SP0,
006db74792484b3a90a6254558c50300,2026-09-24T00:05:49.267895+00:00,robustness,robust-s3-range-local,Dolt,ok,measured,5,3,20261111,10000,10,100,range-local,32,aba73e54364bc1f29c6dcaabd365c805c362421b0aa86d7321d244dd56c3d58d,dolt-native,dolt-native,4096,694.3413,623.7130999999999,227.3811,229.9677,764161,450000,1.6981355555555555,314161,,not sampled,,151199744,7.796875,27980155,3241539,1.510173730839048,external parent process-tree RSS/CPU/I-O sampler (10 ms; psutil or Linux /proc; isolated trial),,not exposed by Dolt CLI,1000,True,,3.14.3,Windows-11-10.0.26200-SP0,Dolt 2.3.1
006db74792484b3a90a6254558c50300,2026-09-24T00:05:50.237735+00:00,robustness,robust-s3-range-local,Revon-H,ok,measured,6,1,20261111,10000,10,100,range-local,32,aba73e54364bc1f29c6dcaabd365c805c362421b0aa86d7321d244dd56c3d58d,hybrid,log,4096,135.6283,25.2913,5.5936,9.446,4460544,450000,9.91232,4010544,,not sampled,,52944896,0.65625,9093264,34440449,37.27719884217021,external parent process-tree RSS/CPU/I-O sampler (10 ms; psutil or Linux /proc; isolated trial),1000,log operations,1000,True,,3.14.3,Windows-11-10.0.26200-SP0,
006db74792484b3a90a6254558c50300,2026-09-24T00:05:59.052619+00:00,robustness,robust-s3-range-local,Dolt,ok,measured,6,2,20261111,10000,10,100,range-local,32,aba73e54364bc1f29c6dcaabd365c805c362421b0aa86d7321d244dd56c3d58d,dolt-native,dolt-native,4096,667.6149,610.7313,234.119,235.5107,764099,450000,1.6979977777777777,314099,,not sampled,,162603008,8.1875,27972667,3236567,1.544871304573216,external parent process-tree RSS/CPU/I-O sampler (10 ms; psutil or Linux /proc; isolated trial),,not exposed by Dolt CLI,1000,True,,3.14.3,Windows-11-10.0.26200-SP0,Dolt 2.3.1
006db74792484b3a90a6254558c50300,2026-09-24T00:06:00.179524+00:00,robustness,robust-s3-range-local,Revon-M (forced Merkle),ok,measured,6,3,20261111,10000,10,100,range-local,32,aba73e54364bc1f29c6dcaabd365c805c362421b0aa86d7321d244dd56c3d58d,merkle,merkle,4096,154.4376,24.6254,14.4082,11.1511,4460544,450000,9.91232,4010544,,not sampled,,52641792,0.734375,10969232,34805352,27.38395842238825,external parent process-tree RSS/CPU/I-O sampler (10 ms; psutil or Linux /proc; isolated trial),3792,tree node pairs,1000,True,,3.14.3,Windows-11-10.0.26200-SP0,
006db74792484b3a90a6254558c50300,2026-09-24T00:06:10.128482+00:00,robustness,robust-s3-range-local,Dolt,ok,measured,7,1,20261111,10000,10,100,range-local,32,aba73e54364bc1f29c6dcaabd365c805c362421b0aa86d7321d244dd56c3d58d,dolt-native,dolt-native,4096,838.2805,692.1405,583.2767,233.2765,763670,450000,1.6970444444444444,313670,,not sampled,,166682624,8.9375,27965754,3236719,1.4299893856177872,external parent process-tree RSS/CPU/I-O sampler (10 ms; psutil or Linux /proc; isolated trial),,not exposed by Dolt CLI,1000,True,,3.14.3,Windows-11-10.0.26200-SP0,Dolt 2.3.1
006db74792484b3a90a6254558c50300,2026-09-24T00:06:11.162243+00:00,robustness,robust-s3-range-local,Revon-M (forced Merkle),ok,measured,7,2,20261111,10000,10,100,range-local,32,aba73e54364bc1f29c6dcaabd365c805c362421b0aa86d7321d244dd56c3d58d,merkle,merkle,4096,147.7753,28.12585,9.5325,10.613,4464640,450000,9.921422222222223,4014640,,not sampled,,52670464,0.703125,12574864,34698778,33.879022752812894,external parent process-tree RSS/CPU/I-O sampler (10 ms; psutil or Linux /proc; isolated trial),3792,tree node pairs,1000,True,,3.14.3,Windows-11-10.0.26200-SP0,
006db74792484b3a90a6254558c50300,2026-09-24T00:06:12.110767+00:00,robustness,robust-s3-range-local,Revon-H,ok,measured,7,3,20261111,10000,10,100,range-local,32,aba73e54364bc1f29c6dcaabd365c805c362421b0aa86d7321d244dd56c3d58d,hybrid,log,4096,139.475,28.595799999999997,5.3026,10.3373,4481024,450000,9.957831111111112,4031024,,not sampled,,53129216,0.671875,10669994,34343980,33.81572593571495,external parent process-tree RSS/CPU/I-O sampler (10 ms; psutil or Linux /proc; isolated trial),1000,log operations,1000,True,,3.14.3,Windows-11-10.0.26200-SP0,
006db74792484b3a90a6254558c50300,2026-09-24T00:06:13.124604+00:00,robustness,robust-s3-repeated-key,Revon-M (forced Merkle),ok,warmup,1,1,20261111,10000,10,100,repeated-key,32,b8cefcb0697c69a0f102a14ba03b3e61cd0dd0d38149744b2b20ec330338e81a,merkle,merkle,4096,136.0315,29.049750000000003,2.2719,13.2411,4485120,450000,9.966933333333333,4035120,,not sampled,,53411840,0.640625,9433232,34326183,33.77775856198624,external parent process-tree RSS/CPU/I-O sampler (10 ms; psutil or Linux /proc; isolated trial),1875,tree node pairs,216,True,,3.14.3,Windows-11-10.0.26200-SP0,
006db74792484b3a90a6254558c50300,2026-09-24T00:06:22.579175+00:00,robustness,robust-s3-repeated-key,Dolt,ok,warmup,1,2,20261111,10000,10,100,repeated-key,32,b8cefcb0697c69a0f102a14ba03b3e61cd0dd0d38149744b2b20ec330338e81a,dolt-native,dolt-native,4096,958.1754,648.8197,225.0603,235.5125,804379,450000,1.7875088888888888,354379,,not sampled,,154480640,8.734375,28416798,3131862,1.4761096669182154,external parent process-tree RSS/CPU/I-O sampler (10 ms; psutil or Linux /proc; isolated trial),,not exposed by Dolt CLI,216,True,,3.14.3,Windows-11-10.0.26200-SP0,Dolt 2.3.1
006db74792484b3a90a6254558c50300,2026-09-24T00:06:23.631412+00:00,robustness,robust-s3-repeated-key,Revon-H,ok,warmup,1,3,20261111,10000,10,100,repeated-key,32,b8cefcb0697c69a0f102a14ba03b3e61cd0dd0d38149744b2b20ec330338e81a,hybrid,log,4096,144.2639,28.2073,1.1586,10.0176,4513792,450000,10.030648888888889,4063792,,not sampled,,53067776,0.53125,9392042,34529508,33.70783865675611,external parent process-tree RSS/CPU/I-O sampler (10 ms; psutil or Linux /proc; isolated trial),1000,log operations,216,True,,3.14.3,Windows-11-10.0.26200-SP0,
006db74792484b3a90a6254558c50300,2026-09-24T00:06:32.980869+00:00,robustness,robust-s3-repeated-key,Dolt,ok,warmup,2,1,20261111,10000,10,100,repeated-key,32,b8cefcb0697c69a0f102a14ba03b3e61cd0dd0d38149744b2b20ec330338e81a,dolt-native,dolt-native,4096,841.908,634.93345,234.0999,249.511,804873,450000,1.7886066666666667,354873,,not sampled,,159121408,8.8125,28429267,3161780,1.4891672168891341,external parent process-tree RSS/CPU/I-O sampler (10 ms; psutil or Linux /proc; isolated trial),,not exposed by Dolt CLI,216,True,,3.14.3,Windows-11-10.0.26200-SP0,Dolt 2.3.1
006db74792484b3a90a6254558c50300,2026-09-24T00:06:33.970085+00:00,robustness,robust-s3-repeated-key,Revon-H,ok,warmup,2,2,20261111,10000,10,100,repeated-key,32,b8cefcb0697c69a0f102a14ba03b3e61cd0dd0d38149744b2b20ec330338e81a,hybrid,log,4096,139.6153,25.81315,0.8558,10.0254,4489216,450000,9.976035555555555,4039216,,not sampled,,52158464,0.671875,9351312,34436334,36.065824457533935,external parent process-tree RSS/CPU/I-O sampler (10 ms; psutil or Linux /proc; isolated trial),1000,log operations,216,True,,3.14.3,Windows-11-10.0.26200-SP0,
006db74792484b3a90a6254558c50300,2026-09-24T00:06:34.926297+00:00,robustness,robust-s3-repeated-key,Revon-M (forced Merkle),ok,warmup,2,3,20261111,10000,10,100,repeated-key,32,b8cefcb0697c69a0f102a14ba03b3e61cd0dd0d38149744b2b20ec330338e81a,merkle,merkle,4096,145.0571,27.02675,2.1949,11.0056,4476928,450000,9.948728888888889,4026928,,not sampled,,52940800,0.65625,9232528,34600893,33.69223424323704,external parent process-tree RSS/CPU/I-O sampler (10 ms; psutil or Linux /proc; isolated trial),1875,tree node pairs,216,True,,3.14.3,Windows-11-10.0.26200-SP0,
006db74792484b3a90a6254558c50300,2026-09-24T00:06:35.902795+00:00,robustness,robust-s3-repeated-key,Revon-H,ok,measured,1,1,20261111,10000,10,100,repeated-key,32,b8cefcb0697c69a0f102a14ba03b3e61cd0dd0d38149744b2b20ec330338e81a,hybrid,log,4096,159.0188,24.97675,1.6034,11.0949,4485120,450000,9.966933333333333,4035120,,not sampled,,52584448,0.6875,9326738,34313343,36.28823600707476,external parent process-tree RSS/CPU/I-O sampler (10 ms; psutil or Linux /proc; isolated trial),1000,log operations,216,True,,3.14.3,Windows-11-10.0.26200-SP0,
006db74792484b3a90a6254558c50300,2026-09-24T00:06:45.043113+00:00,robustness,robust-s3-repeated-key,Dolt,ok,measured,1,2,20261111,10000,10,100,repeated-key,32,b8cefcb0697c69a0f102a14ba03b3e61cd0dd0d38149744b2b20ec330338e81a,dolt-native,dolt-native,4096,675.3632,639.34815,203.2627,241.9537,804612,450000,1.7880266666666667,354612,,not sampled,,153153536,8.65625,28421014,3153834,1.476152025944848,external parent process-tree RSS/CPU/I-O sampler (10 ms; psutil or Linux /proc; isolated trial),,not exposed by Dolt CLI,216,True,,3.14.3,Windows-11-10.0.26200-SP0,Dolt 2.3.1
006db74792484b3a90a6254558c50300,2026-09-24T00:06:46.077993+00:00,robustness,robust-s3-repeated-key,Revon-M (forced Merkle),ok,measured,1,3,20261111,10000,10,100,repeated-key,32,b8cefcb0697c69a0f102a14ba03b3e61cd0dd0d38149744b2b20ec330338e81a,merkle,merkle,4096,138.4641,29.25275,1.9683,10.7333,4526080,450000,10.057955555555555,4076080,,not sampled,,53145600,0.625,14521928,34378924,30.89658172578419,external parent process-tree RSS/CPU/I-O sampler (10 ms; psutil or Linux /proc; isolated trial),1875,tree node pairs,216,True,,3.14.3,Windows-11-10.0.26200-SP0,
006db74792484b3a90a6254558c50300,2026-09-24T00:06:55.992971+00:00,robustness,robust-s3-repeated-key,Dolt,ok,measured,2,1,20261111,10000,10,100,repeated-key,32,b8cefcb0697c69a0f102a14ba03b3e61cd0dd0d38149744b2b20ec330338e81a,dolt-native,dolt-native,4096,832.0339,730.8815999999999,215.1356,239.3882,804410,450000,1.7875777777777777,354410,,not sampled,,162033664,9.328125,28416385,3162035,1.3486065179258868,external parent process-tree RSS/CPU/I-O sampler (10 ms; psutil or Linux /proc; isolated trial),,not exposed by Dolt CLI,216,True,,3.14.3,Windows-11-10.0.26200-SP0,Dolt 2.3.1
006db74792484b3a90a6254558c50300,2026-09-24T00:06:56.999715+00:00,robustness,robust-s3-repeated-key,Revon-M (forced Merkle),ok,measured,2,2,20261111,10000,10,100,repeated-key,32,b8cefcb0697c69a0f102a14ba03b3e61cd0dd0d38149744b2b20ec330338e81a,merkle,merkle,4096,138.1383,26.460050000000003,2.1881,10.411,4505600,450000,10.012444444444444,4055600,,not sampled,,52912128,0.640625,9260972,34459288,35.245271846781755,external parent process-tree RSS/CPU/I-O sampler (10 ms; psutil or Linux /proc; isolated trial),1875,tree node pairs,216,True,,3.14.3,Windows-11-10.0.26200-SP0,
006db74792484b3a90a6254558c50300,2026-09-24T00:06:57.986161+00:00,robustness,robust-s3-repeated-key,Revon-H,ok,measured,2,3,20261111,10000,10,100,repeated-key,32,b8cefcb0697c69a0f102a14ba03b3e61cd0dd0d38149744b2b20ec330338e81a,hybrid,log,4096,171.91,29.6523,0.9009,11.2825,4493312,450000,9.985137777777778,4043312,,not sampled,,52514816,0.75,9482386,34534207,34.2169518991777,external parent process-tree RSS/CPU/I-O sampler (10 ms; psutil or Linux /proc; isolated trial),1000,log operations,216,True,,3.14.3,Windows-11-10.0.26200-SP0,
006db74792484b3a90a6254558c50300,2026-09-24T00:06:58.958333+00:00,robustness,robust-s3-repeated-key,Revon-M (forced Merkle),ok,measured,3,1,20261111,10000,10,100,repeated-key,32,b8cefcb0697c69a0f102a14ba03b3e61cd0dd0d38149744b2b20ec330338e81a,merkle,merkle,4096,144.708,29.48175,2.0995,10.9,4501504,450000,10.003342222222223,4051504,,not sampled,,52703232,0.609375,12669074,34518321,32.101162318885244,external parent process-tree RSS/CPU/I-O sampler (10 ms; psutil or Linux /proc; isolated trial),1875,tree node pairs,216,True,,3.14.3,Windows-11-10.0.26200-SP0,
006db74792484b3a90a6254558c50300,2026-09-24T00:07:00.107121+00:00,robustness,robust-s3-repeated-key,Revon-H,ok,measured,3,2,20261111,10000,10,100,repeated-key,32,b8cefcb0697c69a0f102a14ba03b3e61cd0dd0d38149744b2b20ec330338e81a,hybrid,log,4096,150.5368,32.77625,0.8633,9.8984,4481024,450000,9.957831111111112,4031024,,not sampled,,53198848,0.65625,9117842,34252370,21.30105570162163,external parent process-tree RSS/CPU/I-O sampler (10 ms; psutil or Linux /proc; isolated trial),1000,log operations,216,True,,3.14.3,Windows-11-10.0.26200-SP0,
006db74792484b3a90a6254558c50300,2026-09-24T00:07:09.587643+00:00,robustness,robust-s3-repeated-key,Dolt,ok,measured,3,3,20261111,10000,10,100,repeated-key,32,b8cefcb0697c69a0f102a14ba03b3e61cd0dd0d38149744b2b20ec330338e81a,dolt-native,dolt-native,4096,862.0916,636.8078,200.6608,234.2062,804201,450000,1.7871133333333333,354201,,not sampled,,165302272,8.296875,28413343,3141489,1.4434420364992506,external parent process-tree RSS/CPU/I-O sampler (10 ms; psutil or Linux /proc; isolated trial),,not exposed by Dolt CLI,216,True,,3.14.3,Windows-11-10.0.26200-SP0,Dolt 2.3.1
006db74792484b3a90a6254558c50300,2026-09-24T00:07:10.573023+00:00,robustness,robust-s3-repeated-key,Revon-H,ok,measured,4,1,20261111,10000,10,100,repeated-key,32,b8cefcb0697c69a0f102a14ba03b3e61cd0dd0d38149744b2b20ec330338e81a,hybrid,log,4096,136.0165,27.37055,0.919,11.2789,4501504,450000,10.003342222222223,4051504,,not sampled,,52449280,0.71875,12789320,34148271,35.95549572561067,external parent process-tree RSS/CPU/I-O sampler (10 ms; psutil or Linux /proc; isolated trial),1000,log operations,216,True,,3.14.3,Windows-11-10.0.26200-SP0,
006db74792484b3a90a6254558c50300,2026-09-24T00:07:20.210224+00:00,robustness,robust-s3-repeated-key,Dolt,ok,measured,4,2,20261111,10000,10,100,repeated-key,32,b8cefcb0697c69a0f102a14ba03b3e61cd0dd0d38149744b2b20ec330338e81a,dolt-native,dolt-native,4096,672.4624,712.4566,242.2411,247.771,803954,450000,1.7865644444444444,353954,,not sampled,,152838144,8.828125,28399114,3132276,1.4007841141219937,external parent process-tree RSS/CPU/I-O sampler (10 ms; psutil or Linux /proc; isolated trial),,not exposed by Dolt CLI,216,True,,3.14.3,Windows-11-10.0.26200-SP0,Dolt 2.3.1
006db74792484b3a90a6254558c50300,2026-09-24T00:07:21.247873+00:00,robustness,robust-s3-repeated-key,Revon-M (forced Merkle),ok,measured,4,3,20261111,10000,10,100,repeated-key,32,b8cefcb0697c69a0f102a14ba03b3e61cd0dd0d38149744b2b20ec330338e81a,merkle,merkle,4096,141.4923,28.3061,1.9644,9.4,4481024,450000,9.957831111111112,4031024,,not sampled,,52424704,0.578125,11288722,34412807,33.370207412524174,external parent process-tree RSS/CPU/I-O sampler (10 ms; psutil or Linux /proc; isolated trial),1875,tree node pairs,216,True,,3.14.3,Windows-11-10.0.26200-SP0,
006db74792484b3a90a6254558c50300,2026-09-24T00:07:30.804565+00:00,robustness,robust-s3-repeated-key,Dolt,ok,measured,5,1,20261111,10000,10,100,repeated-key,32,b8cefcb0697c69a0f102a14ba03b3e61cd0dd0d38149744b2b20ec330338e81a,dolt-native,dolt-native,4096,827.4228,653.4046000000001,226.9747,241.2361,804838,450000,1.7885288888888888,354838,,not sampled,,161681408,9.15625,28415626,3124406,1.4430536261527727,external parent process-tree RSS/CPU/I-O sampler (10 ms; psutil or Linux /proc; isolated trial),,not exposed by Dolt CLI,216,True,,3.14.3,Windows-11-10.0.26200-SP0,Dolt 2.3.1
006db74792484b3a90a6254558c50300,2026-09-24T00:07:32.223664+00:00,robustness,robust-s3-repeated-key,Revon-M (forced Merkle),ok,measured,5,2,20261111,10000,10,100,repeated-key,32,b8cefcb0697c69a0f102a14ba03b3e61cd0dd0d38149744b2b20ec330338e81a,merkle,merkle,4096,135.8184,26.4187,2.1494,10.765,4472832,450000,9.939626666666667,4022832,,not sampled,,52756480,0.65625,9351314,34423549,14.32150372351936,external parent process-tree RSS/CPU/I-O sampler (10 ms; psutil or Linux /proc; isolated trial),1875,tree node pairs,216,True,,3.14.3,Windows-11-10.0.26200-SP0,
006db74792484b3a90a6254558c50300,2026-09-24T00:07:33.176425+00:00,robustness,robust-s3-repeated-key,Revon-H,ok,measured,5,3,20261111,10000,10,100,repeated-key,32,b8cefcb0697c69a0f102a14ba03b3e61cd0dd0d38149744b2b20ec330338e81a,hybrid,log,4096,141.8028,26.698050000000002,1.0812,10.8019,4505600,450000,10.012444444444444,4055600,,not sampled,,52678656,0.625,9445522,34333834,36.96222276022792,external parent process-tree RSS/CPU/I-O sampler (10 ms; psutil or Linux /proc; isolated trial),1000,log operations,216,True,,3.14.3,Windows-11-10.0.26200-SP0,
006db74792484b3a90a6254558c50300,2026-09-24T00:07:34.095396+00:00,robustness,robust-s3-repeated-key,Revon-M (forced Merkle),ok,measured,6,1,20261111,10000,10,100,repeated-key,32,b8cefcb0697c69a0f102a14ba03b3e61cd0dd0d38149744b2b20ec330338e81a,merkle,merkle,4096,131.8324,28.219749999999998,1.861,10.8049,4505600,450000,10.012444444444444,4055600,,not sampled,,52645888,0.703125,9179282,34624949,36.07691020024128,external parent process-tree RSS/CPU/I-O sampler (10 ms; psutil or Linux /proc; isolated trial),1875,tree node pairs,216,True,,3.14.3,Windows-11-10.0.26200-SP0,
006db74792484b3a90a6254558c50300,2026-09-24T00:07:35.046926+00:00,robustness,robust-s3-repeated-key,Revon-H,ok,measured,6,2,20261111,10000,10,100,repeated-key,32,b8cefcb0697c69a0f102a14ba03b3e61cd0dd0d38149744b2b20ec330338e81a,hybrid,log,4096,139.1918,26.9101,0.9036,10.3751,4481024,450000,9.957831111111112,4031024,,not sampled,,52699136,0.640625,17186962,34034018,33.75810025615646,external parent process-tree RSS/CPU/I-O sampler (10 ms; psutil or Linux /proc; isolated trial),1000,log operations,216,True,,3.14.3,Windows-11-10.0.26200-SP0,
006db74792484b3a90a6254558c50300,2026-09-24T00:07:44.626240+00:00,robustness,robust-s3-repeated-key,Dolt,ok,measured,6,3,20261111,10000,10,100,repeated-key,32,b8cefcb0697c69a0f102a14ba03b3e61cd0dd0d38149744b2b20ec330338e81a,dolt-native,dolt-native,4096,836.891,697.47245,256.7665,272.4046,804402,450000,1.78756,354402,,not sampled,,152961024,8.828125,28423962,3181475,1.4467590080858204,external parent process-tree RSS/CPU/I-O sampler (10 ms; psutil or Linux /proc; isolated trial),,not exposed by Dolt CLI,216,True,,3.14.3,Windows-11-10.0.26200-SP0,Dolt 2.3.1
006db74792484b3a90a6254558c50300,2026-09-24T00:07:45.780280+00:00,robustness,robust-s3-repeated-key,Revon-H,ok,measured,7,1,20261111,10000,10,100,repeated-key,32,b8cefcb0697c69a0f102a14ba03b3e61cd0dd0d38149744b2b20ec330338e81a,hybrid,log,4096,161.7624,30.6183,0.9407,11.3271,4497408,450000,9.99424,4047408,,not sampled,,52994048,0.734375,9334930,34128297,32.538885595230575,external parent process-tree RSS/CPU/I-O sampler (10 ms; psutil or Linux /proc; isolated trial),1000,log operations,216,True,,3.14.3,Windows-11-10.0.26200-SP0,
006db74792484b3a90a6254558c50300,2026-09-24T00:07:55.710005+00:00,robustness,robust-s3-repeated-key,Dolt,ok,measured,7,2,20261111,10000,10,100,repeated-key,32,b8cefcb0697c69a0f102a14ba03b3e61cd0dd0d38149744b2b20ec330338e81a,dolt-native,dolt-native,4096,900.8399,654.1093000000001,201.962,242.7334,804411,450000,1.78758,354411,,not sampled,,172445696,8.875,28410446,3117852,1.3835829635223609,external parent process-tree RSS/CPU/I-O sampler (10 ms; psutil or Linux /proc; isolated trial),,not exposed by Dolt CLI,216,True,,3.14.3,Windows-11-10.0.26200-SP0,Dolt 2.3.1
006db74792484b3a90a6254558c50300,2026-09-24T00:07:56.833599+00:00,robustness,robust-s3-repeated-key,Revon-M (forced Merkle),ok,measured,7,3,20261111,10000,10,100,repeated-key,32,b8cefcb0697c69a0f102a14ba03b3e61cd0dd0d38149744b2b20ec330338e81a,merkle,merkle,4096,174.0428,30.646349999999998,2.1441,10.368,4497408,450000,9.99424,4047408,,not sampled,,52973568,0.84375,12939410,34255946,30.06635343539658,external parent process-tree RSS/CPU/I-O sampler (10 ms; psutil or Linux /proc; isolated trial),1875,tree node pairs,216,True,,3.14.3,Windows-11-10.0.26200-SP0,
