run_id,timestamp_utc,phase,scenario,model,status,trial_kind,trial,seed,rows,commits,changes_per_commit,locality,payload_bytes,workload_sha256,strategy_requested,strategy_selected,hybrid_threshold,initial_import_ms,incremental_commit_ms,diff_ms,checkout_ms,storage_bytes,process_tree_peak_rss_bytes,memory_method,work_examined,work_unit,changed_keys,correctness,notes,python_version,platform,dolt_version
7090860464db41bbb96f5e3ef384c270,2026-09-23T05:26:08.775442+00:00,calibration,calibration-c1,Revon-log calibration,ok,warmup,1,20260822,10000,4,1,spread,32,bbb013782fb23e93e848ca04036af792b8c3863430dfc1d4e6ef4135df4db3e5,log,log,0,172.7157,9.7913,0.1362,11.3001,2625536,44765184,"external parent process-tree RSS sampler (psutil, 10 ms; isolated trial)",4,log operations,4,True,,3.14.3,Windows-11-10.0.26200-SP0,
7090860464db41bbb96f5e3ef384c270,2026-09-23T05:26:09.430961+00:00,calibration,calibration-c1,Revon-log calibration,ok,warmup,2,20260822,10000,4,1,spread,32,bbb013782fb23e93e848ca04036af792b8c3863430dfc1d4e6ef4135df4db3e5,log,log,0,147.744,9.635200000000001,0.1338,10.8399,2621440,44687360,"external parent process-tree RSS sampler (psutil, 10 ms; isolated trial)",4,log operations,4,True,,3.14.3,Windows-11-10.0.26200-SP0,
7090860464db41bbb96f5e3ef384c270,2026-09-23T05:26:10.078069+00:00,calibration,calibration-c1,Revon-log calibration,ok,measured,1,20260822,10000,4,1,spread,32,bbb013782fb23e93e848ca04036af792b8c3863430dfc1d4e6ef4135df4db3e5,log,log,0,167.5576,9.154599999999999,0.1083,9.7003,2629632,44847104,"external parent process-tree RSS sampler (psutil, 10 ms; isolated trial)",4,log operations,4,True,,3.14.3,Windows-11-10.0.26200-SP0,
7090860464db41bbb96f5e3ef384c270,2026-09-23T05:26:10.716795+00:00,calibration,calibration-c1,Revon-log calibration,ok,measured,2,20260822,10000,4,1,spread,32,bbb013782fb23e93e848ca04036af792b8c3863430dfc1d4e6ef4135df4db3e5,log,log,0,164.4102,9.8753,0.1388,10.5038,2625536,44732416,"external parent process-tree RSS sampler (psutil, 10 ms; isolated trial)",4,log operations,4,True,,3.14.3,Windows-11-10.0.26200-SP0,
7090860464db41bbb96f5e3ef384c270,2026-09-23T05:26:11.617312+00:00,calibration,calibration-c1,Revon-log calibration,ok,measured,3,20260822,10000,4,1,spread,32,bbb013782fb23e93e848ca04036af792b8c3863430dfc1d4e6ef4135df4db3e5,log,log,0,228.0011,15.261099999999999,0.1605,16.2632,2621440,45527040,"external parent process-tree RSS sampler (psutil, 10 ms; isolated trial)",4,log operations,4,True,,3.14.3,Windows-11-10.0.26200-SP0,
7090860464db41bbb96f5e3ef384c270,2026-09-23T05:26:12.502871+00:00,calibration,calibration-c1,Revon-log calibration,ok,measured,4,20260822,10000,4,1,spread,32,bbb013782fb23e93e848ca04036af792b8c3863430dfc1d4e6ef4135df4db3e5,log,log,0,197.9652,13.892949999999999,0.176,21.6096,2621440,44601344,"external parent process-tree RSS sampler (psutil, 10 ms; isolated trial)",4,log operations,4,True,,3.14.3,Windows-11-10.0.26200-SP0,
7090860464db41bbb96f5e3ef384c270,2026-09-23T05:26:13.573410+00:00,calibration,calibration-c1,Revon-log calibration,ok,measured,5,20260822,10000,4,1,spread,32,bbb013782fb23e93e848ca04036af792b8c3863430dfc1d4e6ef4135df4db3e5,log,log,0,267.6917,10.58275,0.1647,14.6641,2621440,44793856,"external parent process-tree RSS sampler (psutil, 10 ms; isolated trial)",4,log operations,4,True,,3.14.3,Windows-11-10.0.26200-SP0,
7090860464db41bbb96f5e3ef384c270,2026-09-23T05:26:14.418232+00:00,calibration,calibration-c1,Revon-log calibration,ok,measured,6,20260822,10000,4,1,spread,32,bbb013782fb23e93e848ca04036af792b8c3863430dfc1d4e6ef4135df4db3e5,log,log,0,199.1736,9.708549999999999,0.2135,14.513,2629632,44380160,"external parent process-tree RSS sampler (psutil, 10 ms; isolated trial)",4,log operations,4,True,,3.14.3,Windows-11-10.0.26200-SP0,
7090860464db41bbb96f5e3ef384c270,2026-09-23T05:26:15.287164+00:00,calibration,calibration-c1,Revon-log calibration,ok,measured,7,20260822,10000,4,1,spread,32,bbb013782fb23e93e848ca04036af792b8c3863430dfc1d4e6ef4135df4db3e5,log,log,0,272.4562,10.957650000000001,0.19,14.651,2621440,44883968,"external parent process-tree RSS sampler (psutil, 10 ms; isolated trial)",4,log operations,4,True,,3.14.3,Windows-11-10.0.26200-SP0,
7090860464db41bbb96f5e3ef384c270,2026-09-23T05:26:16.152071+00:00,calibration,calibration-c1,Revon-M (forced Merkle),ok,warmup,1,20260822,10000,4,1,spread,32,bbb013782fb23e93e848ca04036af792b8c3863430dfc1d4e6ef4135df4db3e5,merkle,merkle,0,321.2065,10.91825,0.2398,14.0842,2621440,45256704,"external parent process-tree RSS sampler (psutil, 10 ms; isolated trial)",104,tree node pairs,4,True,,3.14.3,Windows-11-10.0.26200-SP0,
7090860464db41bbb96f5e3ef384c270,2026-09-23T05:26:16.896747+00:00,calibration,calibration-c1,Revon-M (forced Merkle),ok,warmup,2,20260822,10000,4,1,spread,32,bbb013782fb23e93e848ca04036af792b8c3863430dfc1d4e6ef4135df4db3e5,merkle,merkle,0,177.5088,9.09695,0.203,16.2524,2621440,44625920,"external parent process-tree RSS sampler (psutil, 10 ms; isolated trial)",104,tree node pairs,4,True,,3.14.3,Windows-11-10.0.26200-SP0,
7090860464db41bbb96f5e3ef384c270,2026-09-23T05:26:17.683183+00:00,calibration,calibration-c1,Revon-M (forced Merkle),ok,measured,1,20260822,10000,4,1,spread,32,bbb013782fb23e93e848ca04036af792b8c3863430dfc1d4e6ef4135df4db3e5,merkle,merkle,0,180.4502,9.62045,0.1911,9.9811,2617344,44851200,"external parent process-tree RSS sampler (psutil, 10 ms; isolated trial)",104,tree node pairs,4,True,,3.14.3,Windows-11-10.0.26200-SP0,
7090860464db41bbb96f5e3ef384c270,2026-09-23T05:26:18.410434+00:00,calibration,calibration-c1,Revon-M (forced Merkle),ok,measured,2,20260822,10000,4,1,spread,32,bbb013782fb23e93e848ca04036af792b8c3863430dfc1d4e6ef4135df4db3e5,merkle,merkle,0,204.1576,10.34215,0.2509,12.541,2621440,44965888,"external parent process-tree RSS sampler (psutil, 10 ms; isolated trial)",104,tree node pairs,4,True,,3.14.3,Windows-11-10.0.26200-SP0,
7090860464db41bbb96f5e3ef384c270,2026-09-23T05:26:19.254348+00:00,calibration,calibration-c1,Revon-M (forced Merkle),ok,measured,3,20260822,10000,4,1,spread,32,bbb013782fb23e93e848ca04036af792b8c3863430dfc1d4e6ef4135df4db3e5,merkle,merkle,0,238.5946,14.4877,0.2664,16.6785,2625536,44904448,"external parent process-tree RSS sampler (psutil, 10 ms; isolated trial)",104,tree node pairs,4,True,,3.14.3,Windows-11-10.0.26200-SP0,
7090860464db41bbb96f5e3ef384c270,2026-09-23T05:26:20.043139+00:00,calibration,calibration-c1,Revon-M (forced Merkle),ok,measured,4,20260822,10000,4,1,spread,32,bbb013782fb23e93e848ca04036af792b8c3863430dfc1d4e6ef4135df4db3e5,merkle,merkle,0,176.8436,10.921,0.212,12.582,2617344,44310528,"external parent process-tree RSS sampler (psutil, 10 ms; isolated trial)",104,tree node pairs,4,True,,3.14.3,Windows-11-10.0.26200-SP0,
7090860464db41bbb96f5e3ef384c270,2026-09-23T05:26:20.813671+00:00,calibration,calibration-c1,Revon-M (forced Merkle),ok,measured,5,20260822,10000,4,1,spread,32,bbb013782fb23e93e848ca04036af792b8c3863430dfc1d4e6ef4135df4db3e5,merkle,merkle,0,179.0345,9.712250000000001,0.2213,10.9349,2625536,44761088,"external parent process-tree RSS sampler (psutil, 10 ms; isolated trial)",104,tree node pairs,4,True,,3.14.3,Windows-11-10.0.26200-SP0,
7090860464db41bbb96f5e3ef384c270,2026-09-23T05:26:21.761603+00:00,calibration,calibration-c1,Revon-M (forced Merkle),ok,measured,6,20260822,10000,4,1,spread,32,bbb013782fb23e93e848ca04036af792b8c3863430dfc1d4e6ef4135df4db3e5,merkle,merkle,0,164.91,9.5754,0.2187,13.5659,2617344,44814336,"external parent process-tree RSS sampler (psutil, 10 ms; isolated trial)",104,tree node pairs,4,True,,3.14.3,Windows-11-10.0.26200-SP0,
7090860464db41bbb96f5e3ef384c270,2026-09-23T05:26:22.798133+00:00,calibration,calibration-c1,Revon-M (forced Merkle),ok,measured,7,20260822,10000,4,1,spread,32,bbb013782fb23e93e848ca04036af792b8c3863430dfc1d4e6ef4135df4db3e5,merkle,merkle,0,320.435,14.83605,0.2899,14.426,2617344,44892160,"external parent process-tree RSS sampler (psutil, 10 ms; isolated trial)",104,tree node pairs,4,True,,3.14.3,Windows-11-10.0.26200-SP0,
7090860464db41bbb96f5e3ef384c270,2026-09-23T05:26:23.817537+00:00,calibration,calibration-c4,Revon-log calibration,ok,warmup,1,20260823,10000,4,4,spread,32,c95352c92bb8395bb3542492372581739e11b3dc09d53484c45b4e637edffc0f,log,log,0,228.8058,16.85655,0.2346,13.4494,2723840,44789760,"external parent process-tree RSS sampler (psutil, 10 ms; isolated trial)",16,log operations,16,True,,3.14.3,Windows-11-10.0.26200-SP0,
7090860464db41bbb96f5e3ef384c270,2026-09-23T05:26:24.553937+00:00,calibration,calibration-c4,Revon-log calibration,ok,warmup,2,20260823,10000,4,4,spread,32,c95352c92bb8395bb3542492372581739e11b3dc09d53484c45b4e637edffc0f,log,log,0,161.8705,13.27185,0.1951,11.5015,2723840,45015040,"external parent process-tree RSS sampler (psutil, 10 ms; isolated trial)",16,log operations,16,True,,3.14.3,Windows-11-10.0.26200-SP0,
7090860464db41bbb96f5e3ef384c270,2026-09-23T05:26:25.328270+00:00,calibration,calibration-c4,Revon-log calibration,ok,measured,1,20260823,10000,4,4,spread,32,c95352c92bb8395bb3542492372581739e11b3dc09d53484c45b4e637edffc0f,log,log,0,188.3256,13.1525,0.2475,13.8169,2723840,45146112,"external parent process-tree RSS sampler (psutil, 10 ms; isolated trial)",16,log operations,16,True,,3.14.3,Windows-11-10.0.26200-SP0,
7090860464db41bbb96f5e3ef384c270,2026-09-23T05:26:26.192764+00:00,calibration,calibration-c4,Revon-log calibration,ok,measured,2,20260823,10000,4,4,spread,32,c95352c92bb8395bb3542492372581739e11b3dc09d53484c45b4e637edffc0f,log,log,0,282.2059,13.804649999999999,0.2144,13.9202,2723840,45088768,"external parent process-tree RSS sampler (psutil, 10 ms; isolated trial)",16,log operations,16,True,,3.14.3,Windows-11-10.0.26200-SP0,
7090860464db41bbb96f5e3ef384c270,2026-09-23T05:26:27.067716+00:00,calibration,calibration-c4,Revon-log calibration,ok,measured,3,20260823,10000,4,4,spread,32,c95352c92bb8395bb3542492372581739e11b3dc09d53484c45b4e637edffc0f,log,log,0,241.906,16.4579,0.2078,16.7327,2719744,44589056,"external parent process-tree RSS sampler (psutil, 10 ms; isolated trial)",16,log operations,16,True,,3.14.3,Windows-11-10.0.26200-SP0,
7090860464db41bbb96f5e3ef384c270,2026-09-23T05:26:27.821248+00:00,calibration,calibration-c4,Revon-log calibration,ok,measured,4,20260823,10000,4,4,spread,32,c95352c92bb8395bb3542492372581739e11b3dc09d53484c45b4e637edffc0f,log,log,0,167.7652,13.0417,0.1687,13.091,2736128,44953600,"external parent process-tree RSS sampler (psutil, 10 ms; isolated trial)",16,log operations,16,True,,3.14.3,Windows-11-10.0.26200-SP0,
7090860464db41bbb96f5e3ef384c270,2026-09-23T05:26:28.551124+00:00,calibration,calibration-c4,Revon-log calibration,ok,measured,5,20260823,10000,4,4,spread,32,c95352c92bb8395bb3542492372581739e11b3dc09d53484c45b4e637edffc0f,log,log,0,173.3223,12.87905,0.1732,10.8186,2736128,45113344,"external parent process-tree RSS sampler (psutil, 10 ms; isolated trial)",16,log operations,16,True,,3.14.3,Windows-11-10.0.26200-SP0,
7090860464db41bbb96f5e3ef384c270,2026-09-23T05:26:29.342623+00:00,calibration,calibration-c4,Revon-log calibration,ok,measured,6,20260823,10000,4,4,spread,32,c95352c92bb8395bb3542492372581739e11b3dc09d53484c45b4e637edffc0f,log,log,0,220.5913,14.0739,0.183,11.7632,2719744,44785664,"external parent process-tree RSS sampler (psutil, 10 ms; isolated trial)",16,log operations,16,True,,3.14.3,Windows-11-10.0.26200-SP0,
7090860464db41bbb96f5e3ef384c270,2026-09-23T05:26:30.061879+00:00,calibration,calibration-c4,Revon-log calibration,ok,measured,7,20260823,10000,4,4,spread,32,c95352c92bb8395bb3542492372581739e11b3dc09d53484c45b4e637edffc0f,log,log,0,172.8918,15.95245,0.2106,16.2793,2723840,44814336,"external parent process-tree RSS sampler (psutil, 10 ms; isolated trial)",16,log operations,16,True,,3.14.3,Windows-11-10.0.26200-SP0,
7090860464db41bbb96f5e3ef384c270,2026-09-23T05:26:30.916385+00:00,calibration,calibration-c4,Revon-M (forced Merkle),ok,warmup,1,20260823,10000,4,4,spread,32,c95352c92bb8395bb3542492372581739e11b3dc09d53484c45b4e637edffc0f,merkle,merkle,0,205.2191,17.576900000000002,0.4373,15.8556,2727936,44720128,"external parent process-tree RSS sampler (psutil, 10 ms; isolated trial)",289,tree node pairs,16,True,,3.14.3,Windows-11-10.0.26200-SP0,
7090860464db41bbb96f5e3ef384c270,2026-09-23T05:26:32.353689+00:00,calibration,calibration-c4,Revon-M (forced Merkle),ok,warmup,2,20260823,10000,4,4,spread,32,c95352c92bb8395bb3542492372581739e11b3dc09d53484c45b4e637edffc0f,merkle,merkle,0,207.5216,17.84315,0.4494,18.861,2723840,44773376,"external parent process-tree RSS sampler (psutil, 10 ms; isolated trial)",289,tree node pairs,16,True,,3.14.3,Windows-11-10.0.26200-SP0,
7090860464db41bbb96f5e3ef384c270,2026-09-23T05:26:33.571353+00:00,calibration,calibration-c4,Revon-M (forced Merkle),ok,measured,1,20260823,10000,4,4,spread,32,c95352c92bb8395bb3542492372581739e11b3dc09d53484c45b4e637edffc0f,merkle,merkle,0,326.8723,16.2437,0.4434,16.7972,2719744,44961792,"external parent process-tree RSS sampler (psutil, 10 ms; isolated trial)",289,tree node pairs,16,True,,3.14.3,Windows-11-10.0.26200-SP0,
7090860464db41bbb96f5e3ef384c270,2026-09-23T05:26:34.371365+00:00,calibration,calibration-c4,Revon-M (forced Merkle),ok,measured,2,20260823,10000,4,4,spread,32,c95352c92bb8395bb3542492372581739e11b3dc09d53484c45b4e637edffc0f,merkle,merkle,0,178.0323,13.7227,0.5084,18.8998,2732032,44822528,"external parent process-tree RSS sampler (psutil, 10 ms; isolated trial)",289,tree node pairs,16,True,,3.14.3,Windows-11-10.0.26200-SP0,
7090860464db41bbb96f5e3ef384c270,2026-09-23T05:26:35.281584+00:00,calibration,calibration-c4,Revon-M (forced Merkle),ok,measured,3,20260823,10000,4,4,spread,32,c95352c92bb8395bb3542492372581739e11b3dc09d53484c45b4e637edffc0f,merkle,merkle,0,222.4968,14.54585,0.4339,13.6654,2723840,45031424,"external parent process-tree RSS sampler (psutil, 10 ms; isolated trial)",289,tree node pairs,16,True,,3.14.3,Windows-11-10.0.26200-SP0,
7090860464db41bbb96f5e3ef384c270,2026-09-23T05:26:36.216755+00:00,calibration,calibration-c4,Revon-M (forced Merkle),ok,measured,4,20260823,10000,4,4,spread,32,c95352c92bb8395bb3542492372581739e11b3dc09d53484c45b4e637edffc0f,merkle,merkle,0,203.8591,16.90005,0.443,18.1028,2723840,44826624,"external parent process-tree RSS sampler (psutil, 10 ms; isolated trial)",289,tree node pairs,16,True,,3.14.3,Windows-11-10.0.26200-SP0,
7090860464db41bbb96f5e3ef384c270,2026-09-23T05:26:37.430885+00:00,calibration,calibration-c4,Revon-M (forced Merkle),ok,measured,5,20260823,10000,4,4,spread,32,c95352c92bb8395bb3542492372581739e11b3dc09d53484c45b4e637edffc0f,merkle,merkle,0,459.8361,14.83385,0.449,12.4909,2719744,44929024,"external parent process-tree RSS sampler (psutil, 10 ms; isolated trial)",289,tree node pairs,16,True,,3.14.3,Windows-11-10.0.26200-SP0,
7090860464db41bbb96f5e3ef384c270,2026-09-23T05:26:38.209590+00:00,calibration,calibration-c4,Revon-M (forced Merkle),ok,measured,6,20260823,10000,4,4,spread,32,c95352c92bb8395bb3542492372581739e11b3dc09d53484c45b4e637edffc0f,merkle,merkle,0,183.7872,12.01605,0.3578,11.1537,2732032,45064192,"external parent process-tree RSS sampler (psutil, 10 ms; isolated trial)",289,tree node pairs,16,True,,3.14.3,Windows-11-10.0.26200-SP0,
7090860464db41bbb96f5e3ef384c270,2026-09-23T05:26:39.080268+00:00,calibration,calibration-c4,Revon-M (forced Merkle),ok,measured,7,20260823,10000,4,4,spread,32,c95352c92bb8395bb3542492372581739e11b3dc09d53484c45b4e637edffc0f,merkle,merkle,0,265.5362,14.1528,0.4457,15.8152,2719744,44621824,"external parent process-tree RSS sampler (psutil, 10 ms; isolated trial)",289,tree node pairs,16,True,,3.14.3,Windows-11-10.0.26200-SP0,
7090860464db41bbb96f5e3ef384c270,2026-09-23T05:26:40.224800+00:00,calibration,calibration-c16,Revon-log calibration,ok,warmup,1,20260824,10000,4,16,spread,32,813d583e534cb953a3ffc9c536c0b901ae0b9d647909c4b21f11e00dab7f29bc,log,log,0,275.768,23.88625,0.4553,14.5302,2895872,45084672,"external parent process-tree RSS sampler (psutil, 10 ms; isolated trial)",64,log operations,64,True,,3.14.3,Windows-11-10.0.26200-SP0,
7090860464db41bbb96f5e3ef384c270,2026-09-23T05:26:41.171805+00:00,calibration,calibration-c16,Revon-log calibration,ok,warmup,2,20260824,10000,4,16,spread,32,813d583e534cb953a3ffc9c536c0b901ae0b9d647909c4b21f11e00dab7f29bc,log,log,0,231.5575,20.618699999999997,0.4344,15.227,2899968,44883968,"external parent process-tree RSS sampler (psutil, 10 ms; isolated trial)",64,log operations,64,True,,3.14.3,Windows-11-10.0.26200-SP0,
7090860464db41bbb96f5e3ef384c270,2026-09-23T05:26:42.044863+00:00,calibration,calibration-c16,Revon-log calibration,ok,measured,1,20260824,10000,4,16,spread,32,813d583e534cb953a3ffc9c536c0b901ae0b9d647909c4b21f11e00dab7f29bc,log,log,0,226.518,22.5321,0.4643,13.5633,2891776,45211648,"external parent process-tree RSS sampler (psutil, 10 ms; isolated trial)",64,log operations,64,True,,3.14.3,Windows-11-10.0.26200-SP0,
7090860464db41bbb96f5e3ef384c270,2026-09-23T05:26:42.992222+00:00,calibration,calibration-c16,Revon-log calibration,ok,measured,2,20260824,10000,4,16,spread,32,813d583e534cb953a3ffc9c536c0b901ae0b9d647909c4b21f11e00dab7f29bc,log,log,0,177.3384,20.605800000000002,0.3883,14.5345,2895872,44707840,"external parent process-tree RSS sampler (psutil, 10 ms; isolated trial)",64,log operations,64,True,,3.14.3,Windows-11-10.0.26200-SP0,
7090860464db41bbb96f5e3ef384c270,2026-09-23T05:26:43.760533+00:00,calibration,calibration-c16,Revon-log calibration,ok,measured,3,20260824,10000,4,16,spread,32,813d583e534cb953a3ffc9c536c0b901ae0b9d647909c4b21f11e00dab7f29bc,log,log,0,164.9031,19.34245,0.5705,11.1057,2887680,45015040,"external parent process-tree RSS sampler (psutil, 10 ms; isolated trial)",64,log operations,64,True,,3.14.3,Windows-11-10.0.26200-SP0,
7090860464db41bbb96f5e3ef384c270,2026-09-23T05:26:44.646912+00:00,calibration,calibration-c16,Revon-log calibration,ok,measured,4,20260824,10000,4,16,spread,32,813d583e534cb953a3ffc9c536c0b901ae0b9d647909c4b21f11e00dab7f29bc,log,log,0,189.6647,18.5399,0.4737,13.4107,2904064,44273664,"external parent process-tree RSS sampler (psutil, 10 ms; isolated trial)",64,log operations,64,True,,3.14.3,Windows-11-10.0.26200-SP0,
7090860464db41bbb96f5e3ef384c270,2026-09-23T05:26:45.517946+00:00,calibration,calibration-c16,Revon-log calibration,ok,measured,5,20260824,10000,4,16,spread,32,813d583e534cb953a3ffc9c536c0b901ae0b9d647909c4b21f11e00dab7f29bc,log,log,0,207.6667,18.0773,0.3895,12.1448,2891776,44949504,"external parent process-tree RSS sampler (psutil, 10 ms; isolated trial)",64,log operations,64,True,,3.14.3,Windows-11-10.0.26200-SP0,
7090860464db41bbb96f5e3ef384c270,2026-09-23T05:26:46.278640+00:00,calibration,calibration-c16,Revon-log calibration,ok,measured,6,20260824,10000,4,16,spread,32,813d583e534cb953a3ffc9c536c0b901ae0b9d647909c4b21f11e00dab7f29bc,log,log,0,184.8734,21.741,0.781,13.4277,2899968,44982272,"external parent process-tree RSS sampler (psutil, 10 ms; isolated trial)",64,log operations,64,True,,3.14.3,Windows-11-10.0.26200-SP0,
7090860464db41bbb96f5e3ef384c270,2026-09-23T05:26:47.110416+00:00,calibration,calibration-c16,Revon-log calibration,ok,measured,7,20260824,10000,4,16,spread,32,813d583e534cb953a3ffc9c536c0b901ae0b9d647909c4b21f11e00dab7f29bc,log,log,0,193.5748,18.46035,0.4255,12.1124,2891776,45178880,"external parent process-tree RSS sampler (psutil, 10 ms; isolated trial)",64,log operations,64,True,,3.14.3,Windows-11-10.0.26200-SP0,
7090860464db41bbb96f5e3ef384c270,2026-09-23T05:26:47.841878+00:00,calibration,calibration-c16,Revon-M (forced Merkle),ok,warmup,1,20260824,10000,4,16,spread,32,813d583e534cb953a3ffc9c536c0b901ae0b9d647909c4b21f11e00dab7f29bc,merkle,merkle,0,188.053,15.788450000000001,0.8452,12.2334,2895872,44822528,"external parent process-tree RSS sampler (psutil, 10 ms; isolated trial)",812,tree node pairs,64,True,,3.14.3,Windows-11-10.0.26200-SP0,
7090860464db41bbb96f5e3ef384c270,2026-09-23T05:26:48.876283+00:00,calibration,calibration-c16,Revon-M (forced Merkle),ok,warmup,2,20260824,10000,4,16,spread,32,813d583e534cb953a3ffc9c536c0b901ae0b9d647909c4b21f11e00dab7f29bc,merkle,merkle,0,212.9811,20.79625,1.8412,17.8334,2899968,44826624,"external parent process-tree RSS sampler (psutil, 10 ms; isolated trial)",812,tree node pairs,64,True,,3.14.3,Windows-11-10.0.26200-SP0,
7090860464db41bbb96f5e3ef384c270,2026-09-23T05:26:50.138913+00:00,calibration,calibration-c16,Revon-M (forced Merkle),ok,measured,1,20260824,10000,4,16,spread,32,813d583e534cb953a3ffc9c536c0b901ae0b9d647909c4b21f11e00dab7f29bc,merkle,merkle,0,327.5348,26.56555,1.2702,14.9469,2899968,44560384,"external parent process-tree RSS sampler (psutil, 10 ms; isolated trial)",812,tree node pairs,64,True,,3.14.3,Windows-11-10.0.26200-SP0,
7090860464db41bbb96f5e3ef384c270,2026-09-23T05:26:51.406089+00:00,calibration,calibration-c16,Revon-M (forced Merkle),ok,measured,2,20260824,10000,4,16,spread,32,813d583e534cb953a3ffc9c536c0b901ae0b9d647909c4b21f11e00dab7f29bc,merkle,merkle,0,306.6341,33.35405,2.3279,30.8275,2891776,44269568,"external parent process-tree RSS sampler (psutil, 10 ms; isolated trial)",812,tree node pairs,64,True,,3.14.3,Windows-11-10.0.26200-SP0,
7090860464db41bbb96f5e3ef384c270,2026-09-23T05:26:52.812078+00:00,calibration,calibration-c16,Revon-M (forced Merkle),ok,measured,3,20260824,10000,4,16,spread,32,813d583e534cb953a3ffc9c536c0b901ae0b9d647909c4b21f11e00dab7f29bc,merkle,merkle,0,291.4116,32.20945,1.3949,20.5038,2899968,44929024,"external parent process-tree RSS sampler (psutil, 10 ms; isolated trial)",812,tree node pairs,64,True,,3.14.3,Windows-11-10.0.26200-SP0,
7090860464db41bbb96f5e3ef384c270,2026-09-23T05:26:54.119234+00:00,calibration,calibration-c16,Revon-M (forced Merkle),ok,measured,4,20260824,10000,4,16,spread,32,813d583e534cb953a3ffc9c536c0b901ae0b9d647909c4b21f11e00dab7f29bc,merkle,merkle,0,274.6001,28.05005,1.246,22.9423,2891776,44711936,"external parent process-tree RSS sampler (psutil, 10 ms; isolated trial)",812,tree node pairs,64,True,,3.14.3,Windows-11-10.0.26200-SP0,
7090860464db41bbb96f5e3ef384c270,2026-09-23T05:26:55.210954+00:00,calibration,calibration-c16,Revon-M (forced Merkle),ok,measured,5,20260824,10000,4,16,spread,32,813d583e534cb953a3ffc9c536c0b901ae0b9d647909c4b21f11e00dab7f29bc,merkle,merkle,0,246.749,24.30545,1.3371,17.19,2883584,45449216,"external parent process-tree RSS sampler (psutil, 10 ms; isolated trial)",812,tree node pairs,64,True,,3.14.3,Windows-11-10.0.26200-SP0,
7090860464db41bbb96f5e3ef384c270,2026-09-23T05:26:56.361107+00:00,calibration,calibration-c16,Revon-M (forced Merkle),ok,measured,6,20260824,10000,4,16,spread,32,813d583e534cb953a3ffc9c536c0b901ae0b9d647909c4b21f11e00dab7f29bc,merkle,merkle,0,419.8112,24.09995,1.4048,16.9166,2887680,44658688,"external parent process-tree RSS sampler (psutil, 10 ms; isolated trial)",812,tree node pairs,64,True,,3.14.3,Windows-11-10.0.26200-SP0,
7090860464db41bbb96f5e3ef384c270,2026-09-23T05:26:57.304955+00:00,calibration,calibration-c16,Revon-M (forced Merkle),ok,measured,7,20260824,10000,4,16,spread,32,813d583e534cb953a3ffc9c536c0b901ae0b9d647909c4b21f11e00dab7f29bc,merkle,merkle,0,198.037,21.64455,1.2904,15.322,2891776,45137920,"external parent process-tree RSS sampler (psutil, 10 ms; isolated trial)",812,tree node pairs,64,True,,3.14.3,Windows-11-10.0.26200-SP0,
7090860464db41bbb96f5e3ef384c270,2026-09-23T05:26:58.729587+00:00,calibration,calibration-c64,Revon-log calibration,ok,warmup,1,20260825,10000,4,64,spread,32,9a38158292f473ea28015b96280016786a698df71330b20a4d808c0ec2ea179c,log,log,0,296.6337,57.898849999999996,1.6372,18.6991,3207168,45101056,"external parent process-tree RSS sampler (psutil, 10 ms; isolated trial)",256,log operations,256,True,,3.14.3,Windows-11-10.0.26200-SP0,
7090860464db41bbb96f5e3ef384c270,2026-09-23T05:27:00.012680+00:00,calibration,calibration-c64,Revon-log calibration,ok,warmup,2,20260825,10000,4,64,spread,32,9a38158292f473ea28015b96280016786a698df71330b20a4d808c0ec2ea179c,log,log,0,335.885,53.81625,1.5778,15.8429,3203072,45801472,"external parent process-tree RSS sampler (psutil, 10 ms; isolated trial)",256,log operations,256,True,,3.14.3,Windows-11-10.0.26200-SP0,
7090860464db41bbb96f5e3ef384c270,2026-09-23T05:27:01.197544+00:00,calibration,calibration-c64,Revon-log calibration,ok,measured,1,20260825,10000,4,64,spread,32,9a38158292f473ea28015b96280016786a698df71330b20a4d808c0ec2ea179c,log,log,0,264.4302,41.445949999999996,2.3284,17.6975,3198976,45707264,"external parent process-tree RSS sampler (psutil, 10 ms; isolated trial)",256,log operations,256,True,,3.14.3,Windows-11-10.0.26200-SP0,
7090860464db41bbb96f5e3ef384c270,2026-09-23T05:27:02.361445+00:00,calibration,calibration-c64,Revon-log calibration,ok,measured,2,20260825,10000,4,64,spread,32,9a38158292f473ea28015b96280016786a698df71330b20a4d808c0ec2ea179c,log,log,0,243.7176,35.6485,1.455,17.1861,3207168,45445120,"external parent process-tree RSS sampler (psutil, 10 ms; isolated trial)",256,log operations,256,True,,3.14.3,Windows-11-10.0.26200-SP0,
7090860464db41bbb96f5e3ef384c270,2026-09-23T05:27:03.388211+00:00,calibration,calibration-c64,Revon-log calibration,ok,measured,3,20260825,10000,4,64,spread,32,9a38158292f473ea28015b96280016786a698df71330b20a4d808c0ec2ea179c,log,log,0,241.819,32.89815,1.9594,15.3423,3198976,46043136,"external parent process-tree RSS sampler (psutil, 10 ms; isolated trial)",256,log operations,256,True,,3.14.3,Windows-11-10.0.26200-SP0,
7090860464db41bbb96f5e3ef384c270,2026-09-23T05:27:04.989059+00:00,calibration,calibration-c64,Revon-log calibration,ok,measured,4,20260825,10000,4,64,spread,32,9a38158292f473ea28015b96280016786a698df71330b20a4d808c0ec2ea179c,log,log,0,434.853,50.3647,4.368,35.272,3207168,44933120,"external parent process-tree RSS sampler (psutil, 10 ms; isolated trial)",256,log operations,256,True,,3.14.3,Windows-11-10.0.26200-SP0,
7090860464db41bbb96f5e3ef384c270,2026-09-23T05:27:06.189456+00:00,calibration,calibration-c64,Revon-log calibration,ok,measured,5,20260825,10000,4,64,spread,32,9a38158292f473ea28015b96280016786a698df71330b20a4d808c0ec2ea179c,log,log,0,261.3006,29.506300000000003,1.2126,13.7451,3211264,46342144,"external parent process-tree RSS sampler (psutil, 10 ms; isolated trial)",256,log operations,256,True,,3.14.3,Windows-11-10.0.26200-SP0,
7090860464db41bbb96f5e3ef384c270,2026-09-23T05:27:07.330448+00:00,calibration,calibration-c64,Revon-log calibration,ok,measured,6,20260825,10000,4,64,spread,32,9a38158292f473ea28015b96280016786a698df71330b20a4d808c0ec2ea179c,log,log,0,237.3961,48.25975,1.4269,20.2346,3211264,45559808,"external parent process-tree RSS sampler (psutil, 10 ms; isolated trial)",256,log operations,256,True,,3.14.3,Windows-11-10.0.26200-SP0,
7090860464db41bbb96f5e3ef384c270,2026-09-23T05:27:08.675950+00:00,calibration,calibration-c64,Revon-log calibration,ok,measured,7,20260825,10000,4,64,spread,32,9a38158292f473ea28015b96280016786a698df71330b20a4d808c0ec2ea179c,log,log,0,307.7895,47.272549999999995,2.9634,18.6386,3211264,45916160,"external parent process-tree RSS sampler (psutil, 10 ms; isolated trial)",256,log operations,256,True,,3.14.3,Windows-11-10.0.26200-SP0,
7090860464db41bbb96f5e3ef384c270,2026-09-23T05:27:10.069072+00:00,calibration,calibration-c64,Revon-M (forced Merkle),ok,warmup,1,20260825,10000,4,64,spread,32,9a38158292f473ea28015b96280016786a698df71330b20a4d808c0ec2ea179c,merkle,merkle,0,342.697,35.5576,6.1575,17.642,3211264,45285376,"external parent process-tree RSS sampler (psutil, 10 ms; isolated trial)",2057,tree node pairs,256,True,,3.14.3,Windows-11-10.0.26200-SP0,
7090860464db41bbb96f5e3ef384c270,2026-09-23T05:27:11.363816+00:00,calibration,calibration-c64,Revon-M (forced Merkle),ok,warmup,2,20260825,10000,4,64,spread,32,9a38158292f473ea28015b96280016786a698df71330b20a4d808c0ec2ea179c,merkle,merkle,0,383.9718,43.660250000000005,3.9843,17.8413,3219456,45948928,"external parent process-tree RSS sampler (psutil, 10 ms; isolated trial)",2057,tree node pairs,256,True,,3.14.3,Windows-11-10.0.26200-SP0,
7090860464db41bbb96f5e3ef384c270,2026-09-23T05:27:12.300742+00:00,calibration,calibration-c64,Revon-M (forced Merkle),ok,measured,1,20260825,10000,4,64,spread,32,9a38158292f473ea28015b96280016786a698df71330b20a4d808c0ec2ea179c,merkle,merkle,0,189.5608,26.61305,3.1328,13.0868,3207168,45412352,"external parent process-tree RSS sampler (psutil, 10 ms; isolated trial)",2057,tree node pairs,256,True,,3.14.3,Windows-11-10.0.26200-SP0,
7090860464db41bbb96f5e3ef384c270,2026-09-23T05:27:13.368643+00:00,calibration,calibration-c64,Revon-M (forced Merkle),ok,measured,2,20260825,10000,4,64,spread,32,9a38158292f473ea28015b96280016786a698df71330b20a4d808c0ec2ea179c,merkle,merkle,0,252.1477,47.13295,4.8451,34.9752,3207168,44859392,"external parent process-tree RSS sampler (psutil, 10 ms; isolated trial)",2057,tree node pairs,256,True,,3.14.3,Windows-11-10.0.26200-SP0,
7090860464db41bbb96f5e3ef384c270,2026-09-23T05:27:14.478226+00:00,calibration,calibration-c64,Revon-M (forced Merkle),ok,measured,3,20260825,10000,4,64,spread,32,9a38158292f473ea28015b96280016786a698df71330b20a4d808c0ec2ea179c,merkle,merkle,0,217.1963,35.050250000000005,5.2204,15.6674,3223552,45137920,"external parent process-tree RSS sampler (psutil, 10 ms; isolated trial)",2057,tree node pairs,256,True,,3.14.3,Windows-11-10.0.26200-SP0,
7090860464db41bbb96f5e3ef384c270,2026-09-23T05:27:15.693611+00:00,calibration,calibration-c64,Revon-M (forced Merkle),ok,measured,4,20260825,10000,4,64,spread,32,9a38158292f473ea28015b96280016786a698df71330b20a4d808c0ec2ea179c,merkle,merkle,0,328.074,47.15525,5.0407,20.632,3203072,45449216,"external parent process-tree RSS sampler (psutil, 10 ms; isolated trial)",2057,tree node pairs,256,True,,3.14.3,Windows-11-10.0.26200-SP0,
7090860464db41bbb96f5e3ef384c270,2026-09-23T05:27:16.957179+00:00,calibration,calibration-c64,Revon-M (forced Merkle),ok,measured,5,20260825,10000,4,64,spread,32,9a38158292f473ea28015b96280016786a698df71330b20a4d808c0ec2ea179c,merkle,merkle,0,366.4681,39.1526,3.2718,14.2162,3215360,46096384,"external parent process-tree RSS sampler (psutil, 10 ms; isolated trial)",2057,tree node pairs,256,True,,3.14.3,Windows-11-10.0.26200-SP0,
7090860464db41bbb96f5e3ef384c270,2026-09-23T05:27:17.835142+00:00,calibration,calibration-c64,Revon-M (forced Merkle),ok,measured,6,20260825,10000,4,64,spread,32,9a38158292f473ea28015b96280016786a698df71330b20a4d808c0ec2ea179c,merkle,merkle,0,174.9643,32.9401,3.3853,16.2945,3203072,45174784,"external parent process-tree RSS sampler (psutil, 10 ms; isolated trial)",2057,tree node pairs,256,True,,3.14.3,Windows-11-10.0.26200-SP0,
7090860464db41bbb96f5e3ef384c270,2026-09-23T05:27:18.782424+00:00,calibration,calibration-c64,Revon-M (forced Merkle),ok,measured,7,20260825,10000,4,64,spread,32,9a38158292f473ea28015b96280016786a698df71330b20a4d808c0ec2ea179c,merkle,merkle,0,203.743,34.317899999999995,3.6286,15.4365,3198976,45461504,"external parent process-tree RSS sampler (psutil, 10 ms; isolated trial)",2057,tree node pairs,256,True,,3.14.3,Windows-11-10.0.26200-SP0,
7090860464db41bbb96f5e3ef384c270,2026-09-23T05:27:19.972480+00:00,calibration,calibration-c256,Revon-log calibration,ok,warmup,1,20260826,10000,4,256,spread,32,bc2d8512136ee6c77f822c3c481d8605812da56cedec897a9558db6865c84608,log,log,0,197.6021,79.3677,8.0112,15.8175,4055040,47157248,"external parent process-tree RSS sampler (psutil, 10 ms; isolated trial)",1024,log operations,990,True,,3.14.3,Windows-11-10.0.26200-SP0,
7090860464db41bbb96f5e3ef384c270,2026-09-23T05:27:21.347280+00:00,calibration,calibration-c256,Revon-log calibration,ok,warmup,2,20260826,10000,4,256,spread,32,bc2d8512136ee6c77f822c3c481d8605812da56cedec897a9558db6865c84608,log,log,0,270.2196,114.83695,7.4293,12.3152,4087808,47464448,"external parent process-tree RSS sampler (psutil, 10 ms; isolated trial)",1024,log operations,990,True,,3.14.3,Windows-11-10.0.26200-SP0,
7090860464db41bbb96f5e3ef384c270,2026-09-23T05:27:22.427929+00:00,calibration,calibration-c256,Revon-log calibration,ok,measured,1,20260826,10000,4,256,spread,32,bc2d8512136ee6c77f822c3c481d8605812da56cedec897a9558db6865c84608,log,log,0,241.2582,62.34365,7.3231,13.4961,4083712,46866432,"external parent process-tree RSS sampler (psutil, 10 ms; isolated trial)",1024,log operations,990,True,,3.14.3,Windows-11-10.0.26200-SP0,
7090860464db41bbb96f5e3ef384c270,2026-09-23T05:27:23.449970+00:00,calibration,calibration-c256,Revon-log calibration,ok,measured,2,20260826,10000,4,256,spread,32,bc2d8512136ee6c77f822c3c481d8605812da56cedec897a9558db6865c84608,log,log,0,252.671,52.2154,6.9923,14.065,4083712,46813184,"external parent process-tree RSS sampler (psutil, 10 ms; isolated trial)",1024,log operations,990,True,,3.14.3,Windows-11-10.0.26200-SP0,
7090860464db41bbb96f5e3ef384c270,2026-09-23T05:27:24.544527+00:00,calibration,calibration-c256,Revon-log calibration,ok,measured,3,20260826,10000,4,256,spread,32,bc2d8512136ee6c77f822c3c481d8605812da56cedec897a9558db6865c84608,log,log,0,170.8785,70.07665,7.7241,14.4018,4067328,46919680,"external parent process-tree RSS sampler (psutil, 10 ms; isolated trial)",1024,log operations,990,True,,3.14.3,Windows-11-10.0.26200-SP0,
7090860464db41bbb96f5e3ef384c270,2026-09-23T05:27:25.843489+00:00,calibration,calibration-c256,Revon-log calibration,ok,measured,4,20260826,10000,4,256,spread,32,bc2d8512136ee6c77f822c3c481d8605812da56cedec897a9558db6865c84608,log,log,0,249.8459,57.49665,8.8503,15.6452,4100096,46919680,"external parent process-tree RSS sampler (psutil, 10 ms; isolated trial)",1024,log operations,990,True,,3.14.3,Windows-11-10.0.26200-SP0,
7090860464db41bbb96f5e3ef384c270,2026-09-23T05:27:27.118923+00:00,calibration,calibration-c256,Revon-log calibration,ok,measured,5,20260826,10000,4,256,spread,32,bc2d8512136ee6c77f822c3c481d8605812da56cedec897a9558db6865c84608,log,log,0,258.5232,59.083,7.9966,16.6716,4075520,47136768,"external parent process-tree RSS sampler (psutil, 10 ms; isolated trial)",1024,log operations,990,True,,3.14.3,Windows-11-10.0.26200-SP0,
7090860464db41bbb96f5e3ef384c270,2026-09-23T05:27:28.356338+00:00,calibration,calibration-c256,Revon-log calibration,ok,measured,6,20260826,10000,4,256,spread,32,bc2d8512136ee6c77f822c3c481d8605812da56cedec897a9558db6865c84608,log,log,0,234.1676,60.301249999999996,8.4632,14.0037,4063232,46944256,"external parent process-tree RSS sampler (psutil, 10 ms; isolated trial)",1024,log operations,990,True,,3.14.3,Windows-11-10.0.26200-SP0,
7090860464db41bbb96f5e3ef384c270,2026-09-23T05:27:30.144587+00:00,calibration,calibration-c256,Revon-log calibration,ok,measured,7,20260826,10000,4,256,spread,32,bc2d8512136ee6c77f822c3c481d8605812da56cedec897a9558db6865c84608,log,log,0,321.6876,104.26464999999999,16.6098,26.8895,4071424,46903296,"external parent process-tree RSS sampler (psutil, 10 ms; isolated trial)",1024,log operations,990,True,,3.14.3,Windows-11-10.0.26200-SP0,
7090860464db41bbb96f5e3ef384c270,2026-09-23T05:27:32.964306+00:00,calibration,calibration-c256,Revon-M (forced Merkle),ok,warmup,1,20260826,10000,4,256,spread,32,bc2d8512136ee6c77f822c3c481d8605812da56cedec897a9558db6865c84608,merkle,merkle,0,691.1936,121.69885,58.0804,35.4117,4096000,46551040,"external parent process-tree RSS sampler (psutil, 10 ms; isolated trial)",3744,tree node pairs,990,True,,3.14.3,Windows-11-10.0.26200-SP0,
7090860464db41bbb96f5e3ef384c270,2026-09-23T05:27:34.484085+00:00,calibration,calibration-c256,Revon-M (forced Merkle),ok,warmup,2,20260826,10000,4,256,spread,32,bc2d8512136ee6c77f822c3c481d8605812da56cedec897a9558db6865c84608,merkle,merkle,0,282.8982,76.9915,16.165,17.1667,4096000,47247360,"external parent process-tree RSS sampler (psutil, 10 ms; isolated trial)",3744,tree node pairs,990,True,,3.14.3,Windows-11-10.0.26200-SP0,
7090860464db41bbb96f5e3ef384c270,2026-09-23T05:27:36.228464+00:00,calibration,calibration-c256,Revon-M (forced Merkle),ok,measured,1,20260826,10000,4,256,spread,32,bc2d8512136ee6c77f822c3c481d8605812da56cedec897a9558db6865c84608,merkle,merkle,0,201.4261,69.8463,14.5067,24.6566,4059136,46620672,"external parent process-tree RSS sampler (psutil, 10 ms; isolated trial)",3744,tree node pairs,990,True,,3.14.3,Windows-11-10.0.26200-SP0,
7090860464db41bbb96f5e3ef384c270,2026-09-23T05:27:37.900172+00:00,calibration,calibration-c256,Revon-M (forced Merkle),ok,measured,2,20260826,10000,4,256,spread,32,bc2d8512136ee6c77f822c3c481d8605812da56cedec897a9558db6865c84608,merkle,merkle,0,273.5374,61.35725,20.5792,25.3116,4083712,47046656,"external parent process-tree RSS sampler (psutil, 10 ms; isolated trial)",3744,tree node pairs,990,True,,3.14.3,Windows-11-10.0.26200-SP0,
7090860464db41bbb96f5e3ef384c270,2026-09-23T05:27:39.708341+00:00,calibration,calibration-c256,Revon-M (forced Merkle),ok,measured,3,20260826,10000,4,256,spread,32,bc2d8512136ee6c77f822c3c481d8605812da56cedec897a9558db6865c84608,merkle,merkle,0,293.358,96.16175000000001,21.9496,34.8021,4087808,46886912,"external parent process-tree RSS sampler (psutil, 10 ms; isolated trial)",3744,tree node pairs,990,True,,3.14.3,Windows-11-10.0.26200-SP0,
7090860464db41bbb96f5e3ef384c270,2026-09-23T05:27:41.634026+00:00,calibration,calibration-c256,Revon-M (forced Merkle),ok,measured,4,20260826,10000,4,256,spread,32,bc2d8512136ee6c77f822c3c481d8605812da56cedec897a9558db6865c84608,merkle,merkle,0,277.8312,96.44995,13.5289,16.8828,4071424,46620672,"external parent process-tree RSS sampler (psutil, 10 ms; isolated trial)",3744,tree node pairs,990,True,,3.14.3,Windows-11-10.0.26200-SP0,
7090860464db41bbb96f5e3ef384c270,2026-09-23T05:27:42.744895+00:00,calibration,calibration-c256,Revon-M (forced Merkle),ok,measured,5,20260826,10000,4,256,spread,32,bc2d8512136ee6c77f822c3c481d8605812da56cedec897a9558db6865c84608,merkle,merkle,0,230.1591,63.387,12.9701,17.7981,4038656,46997504,"external parent process-tree RSS sampler (psutil, 10 ms; isolated trial)",3744,tree node pairs,990,True,,3.14.3,Windows-11-10.0.26200-SP0,
7090860464db41bbb96f5e3ef384c270,2026-09-23T05:27:43.927925+00:00,calibration,calibration-c256,Revon-M (forced Merkle),ok,measured,6,20260826,10000,4,256,spread,32,bc2d8512136ee6c77f822c3c481d8605812da56cedec897a9558db6865c84608,merkle,merkle,0,225.2415,92.8663,14.1446,15.4307,4067328,47349760,"external parent process-tree RSS sampler (psutil, 10 ms; isolated trial)",3744,tree node pairs,990,True,,3.14.3,Windows-11-10.0.26200-SP0,
7090860464db41bbb96f5e3ef384c270,2026-09-23T05:27:44.931849+00:00,calibration,calibration-c256,Revon-M (forced Merkle),ok,measured,7,20260826,10000,4,256,spread,32,bc2d8512136ee6c77f822c3c481d8605812da56cedec897a9558db6865c84608,merkle,merkle,0,193.5693,61.75155,12.3509,16.9353,4059136,46239744,"external parent process-tree RSS sampler (psutil, 10 ms; isolated trial)",3744,tree node pairs,990,True,,3.14.3,Windows-11-10.0.26200-SP0,
7090860464db41bbb96f5e3ef384c270,2026-09-23T05:27:46.333200+00:00,calibration,calibration-c1024,Revon-log calibration,ok,warmup,1,20260827,10000,4,1024,spread,32,4d5800fe5848a6636a2019c87d4c4a7b6e0a11d38079de1bc5543c336965b7c1,log,log,0,209.576,102.1953,21.0059,17.6086,6057984,51859456,"external parent process-tree RSS sampler (psutil, 10 ms; isolated trial)",4096,log operations,3528,True,,3.14.3,Windows-11-10.0.26200-SP0,
7090860464db41bbb96f5e3ef384c270,2026-09-23T05:27:47.950028+00:00,calibration,calibration-c1024,Revon-log calibration,ok,warmup,2,20260827,10000,4,1024,spread,32,4d5800fe5848a6636a2019c87d4c4a7b6e0a11d38079de1bc5543c336965b7c1,log,log,0,404.2844,120.2725,21.8488,16.6608,6033408,52404224,"external parent process-tree RSS sampler (psutil, 10 ms; isolated trial)",4096,log operations,3528,True,,3.14.3,Windows-11-10.0.26200-SP0,
7090860464db41bbb96f5e3ef384c270,2026-09-23T05:27:49.597151+00:00,calibration,calibration-c1024,Revon-log calibration,ok,measured,1,20260827,10000,4,1024,spread,32,4d5800fe5848a6636a2019c87d4c4a7b6e0a11d38079de1bc5543c336965b7c1,log,log,0,274.6597,162.68529999999998,35.4369,29.8611,6033408,52371456,"external parent process-tree RSS sampler (psutil, 10 ms; isolated trial)",4096,log operations,3528,True,,3.14.3,Windows-11-10.0.26200-SP0,
7090860464db41bbb96f5e3ef384c270,2026-09-23T05:27:50.880244+00:00,calibration,calibration-c1024,Revon-log calibration,ok,measured,2,20260827,10000,4,1024,spread,32,4d5800fe5848a6636a2019c87d4c4a7b6e0a11d38079de1bc5543c336965b7c1,log,log,0,211.544,91.7208,24.5639,16.3938,6041600,51867648,"external parent process-tree RSS sampler (psutil, 10 ms; isolated trial)",4096,log operations,3528,True,,3.14.3,Windows-11-10.0.26200-SP0,
7090860464db41bbb96f5e3ef384c270,2026-09-23T05:27:52.462089+00:00,calibration,calibration-c1024,Revon-log calibration,ok,measured,3,20260827,10000,4,1024,spread,32,4d5800fe5848a6636a2019c87d4c4a7b6e0a11d38079de1bc5543c336965b7c1,log,log,0,190.9978,107.57215,21.5647,17.9312,6053888,52695040,"external parent process-tree RSS sampler (psutil, 10 ms; isolated trial)",4096,log operations,3528,True,,3.14.3,Windows-11-10.0.26200-SP0,
7090860464db41bbb96f5e3ef384c270,2026-09-23T05:27:53.937632+00:00,calibration,calibration-c1024,Revon-log calibration,ok,measured,4,20260827,10000,4,1024,spread,32,4d5800fe5848a6636a2019c87d4c4a7b6e0a11d38079de1bc5543c336965b7c1,log,log,0,198.145,142.34735,27.8723,21.8012,6062080,52350976,"external parent process-tree RSS sampler (psutil, 10 ms; isolated trial)",4096,log operations,3528,True,,3.14.3,Windows-11-10.0.26200-SP0,
7090860464db41bbb96f5e3ef384c270,2026-09-23T05:27:55.413066+00:00,calibration,calibration-c1024,Revon-log calibration,ok,measured,5,20260827,10000,4,1024,spread,32,4d5800fe5848a6636a2019c87d4c4a7b6e0a11d38079de1bc5543c336965b7c1,log,log,0,213.6917,95.15115,25.1981,16.9317,6049792,52264960,"external parent process-tree RSS sampler (psutil, 10 ms; isolated trial)",4096,log operations,3528,True,,3.14.3,Windows-11-10.0.26200-SP0,
7090860464db41bbb96f5e3ef384c270,2026-09-23T05:27:56.776374+00:00,calibration,calibration-c1024,Revon-log calibration,ok,measured,6,20260827,10000,4,1024,spread,32,4d5800fe5848a6636a2019c87d4c4a7b6e0a11d38079de1bc5543c336965b7c1,log,log,0,216.5852,117.87385,22.9694,15.3283,6021120,52174848,"external parent process-tree RSS sampler (psutil, 10 ms; isolated trial)",4096,log operations,3528,True,,3.14.3,Windows-11-10.0.26200-SP0,
7090860464db41bbb96f5e3ef384c270,2026-09-23T05:27:58.362435+00:00,calibration,calibration-c1024,Revon-log calibration,ok,measured,7,20260827,10000,4,1024,spread,32,4d5800fe5848a6636a2019c87d4c4a7b6e0a11d38079de1bc5543c336965b7c1,log,log,0,246.6789,130.27215,28.5828,25.5512,6078464,52805632,"external parent process-tree RSS sampler (psutil, 10 ms; isolated trial)",4096,log operations,3528,True,,3.14.3,Windows-11-10.0.26200-SP0,
7090860464db41bbb96f5e3ef384c270,2026-09-23T05:27:59.890623+00:00,calibration,calibration-c1024,Revon-M (forced Merkle),ok,warmup,1,20260827,10000,4,1024,spread,32,4d5800fe5848a6636a2019c87d4c4a7b6e0a11d38079de1bc5543c336965b7c1,merkle,merkle,0,227.1515,103.88305,40.8014,21.3682,6037504,52924416,"external parent process-tree RSS sampler (psutil, 10 ms; isolated trial)",4299,tree node pairs,3528,True,,3.14.3,Windows-11-10.0.26200-SP0,
7090860464db41bbb96f5e3ef384c270,2026-09-23T05:28:01.380490+00:00,calibration,calibration-c1024,Revon-M (forced Merkle),ok,warmup,2,20260827,10000,4,1024,spread,32,4d5800fe5848a6636a2019c87d4c4a7b6e0a11d38079de1bc5543c336965b7c1,merkle,merkle,0,212.5147,130.5425,35.2239,17.9216,6053888,52121600,"external parent process-tree RSS sampler (psutil, 10 ms; isolated trial)",4299,tree node pairs,3528,True,,3.14.3,Windows-11-10.0.26200-SP0,
7090860464db41bbb96f5e3ef384c270,2026-09-23T05:28:03.384896+00:00,calibration,calibration-c1024,Revon-M (forced Merkle),ok,measured,1,20260827,10000,4,1024,spread,32,4d5800fe5848a6636a2019c87d4c4a7b6e0a11d38079de1bc5543c336965b7c1,merkle,merkle,0,493.9023,167.51265,34.2444,19.0929,6037504,52686848,"external parent process-tree RSS sampler (psutil, 10 ms; isolated trial)",4299,tree node pairs,3528,True,,3.14.3,Windows-11-10.0.26200-SP0,
7090860464db41bbb96f5e3ef384c270,2026-09-23T05:28:05.001736+00:00,calibration,calibration-c1024,Revon-M (forced Merkle),ok,measured,2,20260827,10000,4,1024,spread,32,4d5800fe5848a6636a2019c87d4c4a7b6e0a11d38079de1bc5543c336965b7c1,merkle,merkle,0,284.2019,127.18535,36.905,16.4417,6021120,52387840,"external parent process-tree RSS sampler (psutil, 10 ms; isolated trial)",4299,tree node pairs,3528,True,,3.14.3,Windows-11-10.0.26200-SP0,
7090860464db41bbb96f5e3ef384c270,2026-09-23T05:28:06.176701+00:00,calibration,calibration-c1024,Revon-M (forced Merkle),ok,measured,3,20260827,10000,4,1024,spread,32,4d5800fe5848a6636a2019c87d4c4a7b6e0a11d38079de1bc5543c336965b7c1,merkle,merkle,0,184.5665,79.1449,25.4952,13.2008,6057984,52060160,"external parent process-tree RSS sampler (psutil, 10 ms; isolated trial)",4299,tree node pairs,3528,True,,3.14.3,Windows-11-10.0.26200-SP0,
7090860464db41bbb96f5e3ef384c270,2026-09-23T05:28:07.690274+00:00,calibration,calibration-c1024,Revon-M (forced Merkle),ok,measured,4,20260827,10000,4,1024,spread,32,4d5800fe5848a6636a2019c87d4c4a7b6e0a11d38079de1bc5543c336965b7c1,merkle,merkle,0,205.1265,139.3543,46.9191,29.5971,6074368,51806208,"external parent process-tree RSS sampler (psutil, 10 ms; isolated trial)",4299,tree node pairs,3528,True,,3.14.3,Windows-11-10.0.26200-SP0,
7090860464db41bbb96f5e3ef384c270,2026-09-23T05:28:09.251637+00:00,calibration,calibration-c1024,Revon-M (forced Merkle),ok,measured,5,20260827,10000,4,1024,spread,32,4d5800fe5848a6636a2019c87d4c4a7b6e0a11d38079de1bc5543c336965b7c1,merkle,merkle,0,229.1261,106.50955,32.2855,17.3539,6049792,51728384,"external parent process-tree RSS sampler (psutil, 10 ms; isolated trial)",4299,tree node pairs,3528,True,,3.14.3,Windows-11-10.0.26200-SP0,
7090860464db41bbb96f5e3ef384c270,2026-09-23T05:28:10.771693+00:00,calibration,calibration-c1024,Revon-M (forced Merkle),ok,measured,6,20260827,10000,4,1024,spread,32,4d5800fe5848a6636a2019c87d4c4a7b6e0a11d38079de1bc5543c336965b7c1,merkle,merkle,0,202.6644,102.95295,54.1043,18.6464,6037504,52158464,"external parent process-tree RSS sampler (psutil, 10 ms; isolated trial)",4299,tree node pairs,3528,True,,3.14.3,Windows-11-10.0.26200-SP0,
7090860464db41bbb96f5e3ef384c270,2026-09-23T05:28:12.725748+00:00,calibration,calibration-c1024,Revon-M (forced Merkle),ok,measured,7,20260827,10000,4,1024,spread,32,4d5800fe5848a6636a2019c87d4c4a7b6e0a11d38079de1bc5543c336965b7c1,merkle,merkle,0,283.1163,217.0881,39.2339,17.488,6041600,52355072,"external parent process-tree RSS sampler (psutil, 10 ms; isolated trial)",4299,tree node pairs,3528,True,,3.14.3,Windows-11-10.0.26200-SP0,
7090860464db41bbb96f5e3ef384c270,2026-09-23T05:28:13.306955+00:00,evaluation,small-sparse,Snapshot,ok,warmup,1,20270822,1000,10,10,spread,32,0c7d0c62a33fc0504bb64032e27fd0a6ee3287574615274ec862000f47f28255,full-scan,full-scan,4096,13.9209,3.8859500000000002,48.9154,1.0424,561011,30789632,"external parent process-tree RSS sampler (psutil, 10 ms; isolated trial)",1010,keys,95,True,,3.14.3,Windows-11-10.0.26200-SP0,
7090860464db41bbb96f5e3ef384c270,2026-09-23T05:28:13.766731+00:00,evaluation,small-sparse,Snapshot,ok,warmup,2,20270822,1000,10,10,spread,32,0c7d0c62a33fc0504bb64032e27fd0a6ee3287574615274ec862000f47f28255,full-scan,full-scan,4096,3.7417,3.9249,29.2575,0.967,561011,30404608,"external parent process-tree RSS sampler (psutil, 10 ms; isolated trial)",1010,keys,95,True,,3.14.3,Windows-11-10.0.26200-SP0,
7090860464db41bbb96f5e3ef384c270,2026-09-23T05:28:14.242769+00:00,evaluation,small-sparse,Snapshot,ok,measured,1,20270822,1000,10,10,spread,32,0c7d0c62a33fc0504bb64032e27fd0a6ee3287574615274ec862000f47f28255,full-scan,full-scan,4096,6.1274,3.9167,34.2387,1.0029,561011,30732288,"external parent process-tree RSS sampler (psutil, 10 ms; isolated trial)",1010,keys,95,True,,3.14.3,Windows-11-10.0.26200-SP0,
7090860464db41bbb96f5e3ef384c270,2026-09-23T05:28:14.737855+00:00,evaluation,small-sparse,Snapshot,ok,measured,2,20270822,1000,10,10,spread,32,0c7d0c62a33fc0504bb64032e27fd0a6ee3287574615274ec862000f47f28255,full-scan,full-scan,4096,4.1758,3.8081,40.0997,0.9929,561011,30371840,"external parent process-tree RSS sampler (psutil, 10 ms; isolated trial)",1010,keys,95,True,,3.14.3,Windows-11-10.0.26200-SP0,
7090860464db41bbb96f5e3ef384c270,2026-09-23T05:28:15.267638+00:00,evaluation,small-sparse,Snapshot,ok,measured,3,20270822,1000,10,10,spread,32,0c7d0c62a33fc0504bb64032e27fd0a6ee3287574615274ec862000f47f28255,full-scan,full-scan,4096,4.373,4.31785,43.168,1.5358,561011,30593024,"external parent process-tree RSS sampler (psutil, 10 ms; isolated trial)",1010,keys,95,True,,3.14.3,Windows-11-10.0.26200-SP0,
7090860464db41bbb96f5e3ef384c270,2026-09-23T05:28:15.886885+00:00,evaluation,small-sparse,Snapshot,ok,measured,4,20270822,1000,10,10,spread,32,0c7d0c62a33fc0504bb64032e27fd0a6ee3287574615274ec862000f47f28255,full-scan,full-scan,4096,18.4258,5.17075,55.9932,2.1434,561011,30167040,"external parent process-tree RSS sampler (psutil, 10 ms; isolated trial)",1010,keys,95,True,,3.14.3,Windows-11-10.0.26200-SP0,
7090860464db41bbb96f5e3ef384c270,2026-09-23T05:28:16.444791+00:00,evaluation,small-sparse,Snapshot,ok,measured,5,20270822,1000,10,10,spread,32,0c7d0c62a33fc0504bb64032e27fd0a6ee3287574615274ec862000f47f28255,full-scan,full-scan,4096,4.7959,4.094,36.3644,1.212,561011,30179328,"external parent process-tree RSS sampler (psutil, 10 ms; isolated trial)",1010,keys,95,True,,3.14.3,Windows-11-10.0.26200-SP0,
7090860464db41bbb96f5e3ef384c270,2026-09-23T05:28:17.008474+00:00,evaluation,small-sparse,Snapshot,ok,measured,6,20270822,1000,10,10,spread,32,0c7d0c62a33fc0504bb64032e27fd0a6ee3287574615274ec862000f47f28255,full-scan,full-scan,4096,14.5473,4.57445,26.4676,1.2236,561011,30855168,"external parent process-tree RSS sampler (psutil, 10 ms; isolated trial)",1010,keys,95,True,,3.14.3,Windows-11-10.0.26200-SP0,
7090860464db41bbb96f5e3ef384c270,2026-09-23T05:28:17.627206+00:00,evaluation,small-sparse,Snapshot,ok,measured,7,20270822,1000,10,10,spread,32,0c7d0c62a33fc0504bb64032e27fd0a6ee3287574615274ec862000f47f28255,full-scan,full-scan,4096,15.68,4.140599999999999,34.4813,1.5318,561011,30187520,"external parent process-tree RSS sampler (psutil, 10 ms; isolated trial)",1010,keys,95,True,,3.14.3,Windows-11-10.0.26200-SP0,
7090860464db41bbb96f5e3ef384c270,2026-09-23T05:28:18.293164+00:00,evaluation,small-sparse,Log-only,ok,warmup,1,20270822,1000,10,10,spread,32,0c7d0c62a33fc0504bb64032e27fd0a6ee3287574615274ec862000f47f28255,operation-log,operation-log,4096,7.988,3.2772,28.0387,17.6117,64883,30294016,"external parent process-tree RSS sampler (psutil, 10 ms; isolated trial)",100,operations,95,True,,3.14.3,Windows-11-10.0.26200-SP0,
7090860464db41bbb96f5e3ef384c270,2026-09-23T05:28:18.899243+00:00,evaluation,small-sparse,Log-only,ok,warmup,2,20270822,1000,10,10,spread,32,0c7d0c62a33fc0504bb64032e27fd0a6ee3287574615274ec862000f47f28255,operation-log,operation-log,4096,17.4466,3.06285,16.7099,27.7682,64883,30359552,"external parent process-tree RSS sampler (psutil, 10 ms; isolated trial)",100,operations,95,True,,3.14.3,Windows-11-10.0.26200-SP0,
7090860464db41bbb96f5e3ef384c270,2026-09-23T05:28:19.473303+00:00,evaluation,small-sparse,Log-only,ok,measured,1,20270822,1000,10,10,spread,32,0c7d0c62a33fc0504bb64032e27fd0a6ee3287574615274ec862000f47f28255,operation-log,operation-log,4096,5.9635,3.2542999999999997,19.6858,14.5808,64883,30597120,"external parent process-tree RSS sampler (psutil, 10 ms; isolated trial)",100,operations,95,True,,3.14.3,Windows-11-10.0.26200-SP0,
7090860464db41bbb96f5e3ef384c270,2026-09-23T05:28:19.982246+00:00,evaluation,small-sparse,Log-only,ok,measured,2,20270822,1000,10,10,spread,32,0c7d0c62a33fc0504bb64032e27fd0a6ee3287574615274ec862000f47f28255,operation-log,operation-log,4096,15.5698,2.6765499999999998,15.9861,14.852,64883,30113792,"external parent process-tree RSS sampler (psutil, 10 ms; isolated trial)",100,operations,95,True,,3.14.3,Windows-11-10.0.26200-SP0,
7090860464db41bbb96f5e3ef384c270,2026-09-23T05:28:20.378493+00:00,evaluation,small-sparse,Log-only,ok,measured,3,20270822,1000,10,10,spread,32,0c7d0c62a33fc0504bb64032e27fd0a6ee3287574615274ec862000f47f28255,operation-log,operation-log,4096,14.9615,2.71325,9.6536,10.482,64883,30564352,"external parent process-tree RSS sampler (psutil, 10 ms; isolated trial)",100,operations,95,True,,3.14.3,Windows-11-10.0.26200-SP0,
7090860464db41bbb96f5e3ef384c270,2026-09-23T05:28:20.835128+00:00,evaluation,small-sparse,Log-only,ok,measured,4,20270822,1000,10,10,spread,32,0c7d0c62a33fc0504bb64032e27fd0a6ee3287574615274ec862000f47f28255,operation-log,operation-log,4096,6.0307,3.17065,12.327,13.4553,64883,30359552,"external parent process-tree RSS sampler (psutil, 10 ms; isolated trial)",100,operations,95,True,,3.14.3,Windows-11-10.0.26200-SP0,
7090860464db41bbb96f5e3ef384c270,2026-09-23T05:28:21.294283+00:00,evaluation,small-sparse,Log-only,ok,measured,5,20270822,1000,10,10,spread,32,0c7d0c62a33fc0504bb64032e27fd0a6ee3287574615274ec862000f47f28255,operation-log,operation-log,4096,15.4351,3.0436,10.3236,11.2578,64883,30347264,"external parent process-tree RSS sampler (psutil, 10 ms; isolated trial)",100,operations,95,True,,3.14.3,Windows-11-10.0.26200-SP0,
7090860464db41bbb96f5e3ef384c270,2026-09-23T05:28:21.714989+00:00,evaluation,small-sparse,Log-only,ok,measured,6,20270822,1000,10,10,spread,32,0c7d0c62a33fc0504bb64032e27fd0a6ee3287574615274ec862000f47f28255,operation-log,operation-log,4096,14.3119,2.72795,19.8364,16.247,64883,30543872,"external parent process-tree RSS sampler (psutil, 10 ms; isolated trial)",100,operations,95,True,,3.14.3,Windows-11-10.0.26200-SP0,
7090860464db41bbb96f5e3ef384c270,2026-09-23T05:28:22.169268+00:00,evaluation,small-sparse,Log-only,ok,measured,7,20270822,1000,10,10,spread,32,0c7d0c62a33fc0504bb64032e27fd0a6ee3287574615274ec862000f47f28255,operation-log,operation-log,4096,7.4416,2.9426,16.5563,15.7516,64883,30339072,"external parent process-tree RSS sampler (psutil, 10 ms; isolated trial)",100,operations,95,True,,3.14.3,Windows-11-10.0.26200-SP0,
7090860464db41bbb96f5e3ef384c270,2026-09-23T05:28:22.855416+00:00,evaluation,small-sparse,Revon-M (forced Merkle),ok,warmup,1,20270822,1000,10,10,spread,32,0c7d0c62a33fc0504bb64032e27fd0a6ee3287574615274ec862000f47f28255,merkle,merkle,4096,39.7926,11.305299999999999,0.9934,1.2473,749568,33337344,"external parent process-tree RSS sampler (psutil, 10 ms; isolated trial)",635,tree node pairs,95,True,,3.14.3,Windows-11-10.0.26200-SP0,
7090860464db41bbb96f5e3ef384c270,2026-09-23T05:28:23.530734+00:00,evaluation,small-sparse,Revon-M (forced Merkle),ok,warmup,2,20270822,1000,10,10,spread,32,0c7d0c62a33fc0504bb64032e27fd0a6ee3287574615274ec862000f47f28255,merkle,merkle,4096,49.2696,12.6801,1.0297,1.1513,737280,32952320,"external parent process-tree RSS sampler (psutil, 10 ms; isolated trial)",635,tree node pairs,95,True,,3.14.3,Windows-11-10.0.26200-SP0,
7090860464db41bbb96f5e3ef384c270,2026-09-23T05:28:24.232384+00:00,evaluation,small-sparse,Revon-M (forced Merkle),ok,measured,1,20270822,1000,10,10,spread,32,0c7d0c62a33fc0504bb64032e27fd0a6ee3287574615274ec862000f47f28255,merkle,merkle,4096,51.3934,13.1739,1.4642,1.1904,757760,33550336,"external parent process-tree RSS sampler (psutil, 10 ms; isolated trial)",635,tree node pairs,95,True,,3.14.3,Windows-11-10.0.26200-SP0,
7090860464db41bbb96f5e3ef384c270,2026-09-23T05:28:24.868028+00:00,evaluation,small-sparse,Revon-M (forced Merkle),ok,measured,2,20270822,1000,10,10,spread,32,0c7d0c62a33fc0504bb64032e27fd0a6ee3287574615274ec862000f47f28255,merkle,merkle,4096,45.7242,11.2059,0.9706,1.3511,745472,33349632,"external parent process-tree RSS sampler (psutil, 10 ms; isolated trial)",635,tree node pairs,95,True,,3.14.3,Windows-11-10.0.26200-SP0,
7090860464db41bbb96f5e3ef384c270,2026-09-23T05:28:25.593063+00:00,evaluation,small-sparse,Revon-M (forced Merkle),ok,measured,3,20270822,1000,10,10,spread,32,0c7d0c62a33fc0504bb64032e27fd0a6ee3287574615274ec862000f47f28255,merkle,merkle,4096,42.2737,15.55235,1.1101,1.1987,753664,33280000,"external parent process-tree RSS sampler (psutil, 10 ms; isolated trial)",635,tree node pairs,95,True,,3.14.3,Windows-11-10.0.26200-SP0,
7090860464db41bbb96f5e3ef384c270,2026-09-23T05:28:26.344563+00:00,evaluation,small-sparse,Revon-M (forced Merkle),ok,measured,4,20270822,1000,10,10,spread,32,0c7d0c62a33fc0504bb64032e27fd0a6ee3287574615274ec862000f47f28255,merkle,merkle,4096,47.1757,14.1388,1.2133,1.2288,745472,33288192,"external parent process-tree RSS sampler (psutil, 10 ms; isolated trial)",635,tree node pairs,95,True,,3.14.3,Windows-11-10.0.26200-SP0,
7090860464db41bbb96f5e3ef384c270,2026-09-23T05:28:27.123898+00:00,evaluation,small-sparse,Revon-M (forced Merkle),ok,measured,5,20270822,1000,10,10,spread,32,0c7d0c62a33fc0504bb64032e27fd0a6ee3287574615274ec862000f47f28255,merkle,merkle,4096,54.3373,14.5981,1.1443,1.2344,741376,33447936,"external parent process-tree RSS sampler (psutil, 10 ms; isolated trial)",635,tree node pairs,95,True,,3.14.3,Windows-11-10.0.26200-SP0,
7090860464db41bbb96f5e3ef384c270,2026-09-23T05:28:28.172438+00:00,evaluation,small-sparse,Revon-M (forced Merkle),ok,measured,6,20270822,1000,10,10,spread,32,0c7d0c62a33fc0504bb64032e27fd0a6ee3287574615274ec862000f47f28255,merkle,merkle,4096,61.063,15.3657,1.4368,2.111,753664,33529856,"external parent process-tree RSS sampler (psutil, 10 ms; isolated trial)",635,tree node pairs,95,True,,3.14.3,Windows-11-10.0.26200-SP0,
7090860464db41bbb96f5e3ef384c270,2026-09-23T05:28:28.980851+00:00,evaluation,small-sparse,Revon-M (forced Merkle),ok,measured,7,20270822,1000,10,10,spread,32,0c7d0c62a33fc0504bb64032e27fd0a6ee3287574615274ec862000f47f28255,merkle,merkle,4096,54.9587,14.28415,1.08,1.1937,745472,33370112,"external parent process-tree RSS sampler (psutil, 10 ms; isolated trial)",635,tree node pairs,95,True,,3.14.3,Windows-11-10.0.26200-SP0,
7090860464db41bbb96f5e3ef384c270,2026-09-23T05:28:29.615258+00:00,evaluation,small-sparse,Revon-H,ok,warmup,1,20270822,1000,10,10,spread,32,0c7d0c62a33fc0504bb64032e27fd0a6ee3287574615274ec862000f47f28255,hybrid,log,4096,45.8334,11.5732,0.5129,1.892,741376,33247232,"external parent process-tree RSS sampler (psutil, 10 ms; isolated trial)",100,log operations,95,True,,3.14.3,Windows-11-10.0.26200-SP0,
7090860464db41bbb96f5e3ef384c270,2026-09-23T05:28:30.351404+00:00,evaluation,small-sparse,Revon-H,ok,warmup,2,20270822,1000,10,10,spread,32,0c7d0c62a33fc0504bb64032e27fd0a6ee3287574615274ec862000f47f28255,hybrid,log,4096,53.8054,14.5724,0.6106,1.3536,761856,32964608,"external parent process-tree RSS sampler (psutil, 10 ms; isolated trial)",100,log operations,95,True,,3.14.3,Windows-11-10.0.26200-SP0,
7090860464db41bbb96f5e3ef384c270,2026-09-23T05:28:31.044002+00:00,evaluation,small-sparse,Revon-H,ok,measured,1,20270822,1000,10,10,spread,32,0c7d0c62a33fc0504bb64032e27fd0a6ee3287574615274ec862000f47f28255,hybrid,log,4096,51.8967,11.89435,0.5116,1.0688,745472,33325056,"external parent process-tree RSS sampler (psutil, 10 ms; isolated trial)",100,log operations,95,True,,3.14.3,Windows-11-10.0.26200-SP0,
7090860464db41bbb96f5e3ef384c270,2026-09-23T05:28:31.842523+00:00,evaluation,small-sparse,Revon-H,ok,measured,2,20270822,1000,10,10,spread,32,0c7d0c62a33fc0504bb64032e27fd0a6ee3287574615274ec862000f47f28255,hybrid,log,4096,52.8428,14.184249999999999,0.6093,1.2608,741376,33251328,"external parent process-tree RSS sampler (psutil, 10 ms; isolated trial)",100,log operations,95,True,,3.14.3,Windows-11-10.0.26200-SP0,
7090860464db41bbb96f5e3ef384c270,2026-09-23T05:28:32.582210+00:00,evaluation,small-sparse,Revon-H,ok,measured,3,20270822,1000,10,10,spread,32,0c7d0c62a33fc0504bb64032e27fd0a6ee3287574615274ec862000f47f28255,hybrid,log,4096,63.291,16.801299999999998,0.6172,1.35,741376,33345536,"external parent process-tree RSS sampler (psutil, 10 ms; isolated trial)",100,log operations,95,True,,3.14.3,Windows-11-10.0.26200-SP0,
7090860464db41bbb96f5e3ef384c270,2026-09-23T05:28:33.322815+00:00,evaluation,small-sparse,Revon-H,ok,measured,4,20270822,1000,10,10,spread,32,0c7d0c62a33fc0504bb64032e27fd0a6ee3287574615274ec862000f47f28255,hybrid,log,4096,58.313,13.183499999999999,0.5451,1.176,765952,33406976,"external parent process-tree RSS sampler (psutil, 10 ms; isolated trial)",100,log operations,95,True,,3.14.3,Windows-11-10.0.26200-SP0,
7090860464db41bbb96f5e3ef384c270,2026-09-23T05:28:34.012591+00:00,evaluation,small-sparse,Revon-H,ok,measured,5,20270822,1000,10,10,spread,32,0c7d0c62a33fc0504bb64032e27fd0a6ee3287574615274ec862000f47f28255,hybrid,log,4096,48.3438,14.1283,0.5294,1.2639,753664,32972800,"external parent process-tree RSS sampler (psutil, 10 ms; isolated trial)",100,log operations,95,True,,3.14.3,Windows-11-10.0.26200-SP0,
7090860464db41bbb96f5e3ef384c270,2026-09-23T05:28:34.646112+00:00,evaluation,small-sparse,Revon-H,ok,measured,6,20270822,1000,10,10,spread,32,0c7d0c62a33fc0504bb64032e27fd0a6ee3287574615274ec862000f47f28255,hybrid,log,4096,47.5796,12.18445,0.5196,1.0572,749568,33861632,"external parent process-tree RSS sampler (psutil, 10 ms; isolated trial)",100,log operations,95,True,,3.14.3,Windows-11-10.0.26200-SP0,
7090860464db41bbb96f5e3ef384c270,2026-09-23T05:28:35.272258+00:00,evaluation,small-sparse,Revon-H,ok,measured,7,20270822,1000,10,10,spread,32,0c7d0c62a33fc0504bb64032e27fd0a6ee3287574615274ec862000f47f28255,hybrid,log,4096,46.4396,11.79885,0.4909,1.1793,737280,32993280,"external parent process-tree RSS sampler (psutil, 10 ms; isolated trial)",100,log operations,95,True,,3.14.3,Windows-11-10.0.26200-SP0,
7090860464db41bbb96f5e3ef384c270,2026-09-23T05:28:49.366806+00:00,evaluation,small-sparse,Dolt,ok,warmup,1,20270822,1000,10,10,spread,32,0c7d0c62a33fc0504bb64032e27fd0a6ee3287574615274ec862000f47f28255,dolt-native,dolt-native,4096,1031.31,1014.6415,307.7613,404.7149,377691,144855040,"external parent process-tree RSS sampler (psutil, 10 ms; isolated trial)",,not exposed by Dolt CLI,95,True,,3.14.3,Windows-11-10.0.26200-SP0,dolt version 2.3.1 Warning: you are on an old version of Dolt. The newest version is 2.3.5.
7090860464db41bbb96f5e3ef384c270,2026-09-23T05:29:03.690203+00:00,evaluation,small-sparse,Dolt,ok,warmup,2,20270822,1000,10,10,spread,32,0c7d0c62a33fc0504bb64032e27fd0a6ee3287574615274ec862000f47f28255,dolt-native,dolt-native,4096,880.7388,1032.5783999999999,378.0424,435.7793,376832,143351808,"external parent process-tree RSS sampler (psutil, 10 ms; isolated trial)",,not exposed by Dolt CLI,95,True,,3.14.3,Windows-11-10.0.26200-SP0,dolt version 2.3.1 Warning: you are on an old version of Dolt. The newest version is 2.3.5.
7090860464db41bbb96f5e3ef384c270,2026-09-23T05:29:18.977935+00:00,evaluation,small-sparse,Dolt,ok,measured,1,20270822,1000,10,10,spread,32,0c7d0c62a33fc0504bb64032e27fd0a6ee3287574615274ec862000f47f28255,dolt-native,dolt-native,4096,1519.8952,1025.9124,423.3037,432.1634,376097,140853248,"external parent process-tree RSS sampler (psutil, 10 ms; isolated trial)",,not exposed by Dolt CLI,95,True,,3.14.3,Windows-11-10.0.26200-SP0,dolt version 2.3.1 Warning: you are on an old version of Dolt. The newest version is 2.3.5.
7090860464db41bbb96f5e3ef384c270,2026-09-23T05:29:37.828093+00:00,evaluation,small-sparse,Dolt,ok,measured,2,20270822,1000,10,10,spread,32,0c7d0c62a33fc0504bb64032e27fd0a6ee3287574615274ec862000f47f28255,dolt-native,dolt-native,4096,1308.1962,1406.2637,650.1369,400.5527,376794,147595264,"external parent process-tree RSS sampler (psutil, 10 ms; isolated trial)",,not exposed by Dolt CLI,95,True,,3.14.3,Windows-11-10.0.26200-SP0,dolt version 2.3.1 Warning: you are on an old version of Dolt. The newest version is 2.3.5.
7090860464db41bbb96f5e3ef384c270,2026-09-23T05:29:55.062714+00:00,evaluation,small-sparse,Dolt,ok,measured,3,20270822,1000,10,10,spread,32,0c7d0c62a33fc0504bb64032e27fd0a6ee3287574615274ec862000f47f28255,dolt-native,dolt-native,4096,1984.2167,1109.06725,361.4033,326.9957,376554,143167488,"external parent process-tree RSS sampler (psutil, 10 ms; isolated trial)",,not exposed by Dolt CLI,95,True,,3.14.3,Windows-11-10.0.26200-SP0,dolt version 2.3.1 Warning: you are on an old version of Dolt. The newest version is 2.3.5.
7090860464db41bbb96f5e3ef384c270,2026-09-23T05:30:09.251929+00:00,evaluation,small-sparse,Dolt,ok,measured,4,20270822,1000,10,10,spread,32,0c7d0c62a33fc0504bb64032e27fd0a6ee3287574615274ec862000f47f28255,dolt-native,dolt-native,4096,899.8023,1042.46225,333.3851,380.9491,376789,148336640,"external parent process-tree RSS sampler (psutil, 10 ms; isolated trial)",,not exposed by Dolt CLI,95,True,,3.14.3,Windows-11-10.0.26200-SP0,dolt version 2.3.1 Warning: you are on an old version of Dolt. The newest version is 2.3.5.
7090860464db41bbb96f5e3ef384c270,2026-09-23T05:30:25.795441+00:00,evaluation,small-sparse,Dolt,ok,measured,5,20270822,1000,10,10,spread,32,0c7d0c62a33fc0504bb64032e27fd0a6ee3287574615274ec862000f47f28255,dolt-native,dolt-native,4096,1206.5402,1192.2962,421.7998,577.0994,377036,149385216,"external parent process-tree RSS sampler (psutil, 10 ms; isolated trial)",,not exposed by Dolt CLI,95,True,,3.14.3,Windows-11-10.0.26200-SP0,dolt version 2.3.1 Warning: you are on an old version of Dolt. The newest version is 2.3.5.
7090860464db41bbb96f5e3ef384c270,2026-09-23T05:30:39.726561+00:00,evaluation,small-sparse,Dolt,ok,measured,6,20270822,1000,10,10,spread,32,0c7d0c62a33fc0504bb64032e27fd0a6ee3287574615274ec862000f47f28255,dolt-native,dolt-native,4096,938.3796,999.4404999999999,304.2433,357.9786,376107,151175168,"external parent process-tree RSS sampler (psutil, 10 ms; isolated trial)",,not exposed by Dolt CLI,95,True,,3.14.3,Windows-11-10.0.26200-SP0,dolt version 2.3.1 Warning: you are on an old version of Dolt. The newest version is 2.3.5.
7090860464db41bbb96f5e3ef384c270,2026-09-23T05:30:53.157927+00:00,evaluation,small-sparse,Dolt,ok,measured,7,20270822,1000,10,10,spread,32,0c7d0c62a33fc0504bb64032e27fd0a6ee3287574615274ec862000f47f28255,dolt-native,dolt-native,4096,901.5947,985.4467500000001,326.2781,399.1592,377217,153841664,"external parent process-tree RSS sampler (psutil, 10 ms; isolated trial)",,not exposed by Dolt CLI,95,True,,3.14.3,Windows-11-10.0.26200-SP0,dolt version 2.3.1 Warning: you are on an old version of Dolt. The newest version is 2.3.5.
7090860464db41bbb96f5e3ef384c270,2026-09-23T05:30:54.277831+00:00,evaluation,medium-sparse,Snapshot,ok,warmup,1,20270823,10000,10,10,spread,32,5b37053c578c35f2e5d54ca72adc0c72b6fb2afcf6b80ee78c1e7be454403192,full-scan,full-scan,4096,29.7087,12.71355,76.0689,12.9388,5610011,38563840,"external parent process-tree RSS sampler (psutil, 10 ms; isolated trial)",10010,keys,100,True,,3.14.3,Windows-11-10.0.26200-SP0,
7090860464db41bbb96f5e3ef384c270,2026-09-23T05:30:55.108284+00:00,evaluation,medium-sparse,Snapshot,ok,warmup,2,20270823,10000,10,10,spread,32,5b37053c578c35f2e5d54ca72adc0c72b6fb2afcf6b80ee78c1e7be454403192,full-scan,full-scan,4096,26.1527,12.219999999999999,83.8394,17.5078,5610011,38645760,"external parent process-tree RSS sampler (psutil, 10 ms; isolated trial)",10010,keys,100,True,,3.14.3,Windows-11-10.0.26200-SP0,
7090860464db41bbb96f5e3ef384c270,2026-09-23T05:30:55.829255+00:00,evaluation,medium-sparse,Snapshot,ok,measured,1,20270823,10000,10,10,spread,32,5b37053c578c35f2e5d54ca72adc0c72b6fb2afcf6b80ee78c1e7be454403192,full-scan,full-scan,4096,19.5175,10.28575,75.2062,8.936,5610011,38764544,"external parent process-tree RSS sampler (psutil, 10 ms; isolated trial)",10010,keys,100,True,,3.14.3,Windows-11-10.0.26200-SP0,
7090860464db41bbb96f5e3ef384c270,2026-09-23T05:30:56.489033+00:00,evaluation,medium-sparse,Snapshot,ok,measured,2,20270823,10000,10,10,spread,32,5b37053c578c35f2e5d54ca72adc0c72b6fb2afcf6b80ee78c1e7be454403192,full-scan,full-scan,4096,19.6203,9.311350000000001,75.9271,15.3518,5610011,38584320,"external parent process-tree RSS sampler (psutil, 10 ms; isolated trial)",10010,keys,100,True,,3.14.3,Windows-11-10.0.26200-SP0,
7090860464db41bbb96f5e3ef384c270,2026-09-23T05:30:57.126241+00:00,evaluation,medium-sparse,Snapshot,ok,measured,3,20270823,10000,10,10,spread,32,5b37053c578c35f2e5d54ca72adc0c72b6fb2afcf6b80ee78c1e7be454403192,full-scan,full-scan,4096,10.2276,9.06955,57.8504,9.6187,5610011,38600704,"external parent process-tree RSS sampler (psutil, 10 ms; isolated trial)",10010,keys,100,True,,3.14.3,Windows-11-10.0.26200-SP0,
7090860464db41bbb96f5e3ef384c270,2026-09-23T05:30:57.793678+00:00,evaluation,medium-sparse,Snapshot,ok,measured,4,20270823,10000,10,10,spread,32,5b37053c578c35f2e5d54ca72adc0c72b6fb2afcf6b80ee78c1e7be454403192,full-scan,full-scan,4096,19.0263,10.5389,81.4224,11.6991,5610011,39256064,"external parent process-tree RSS sampler (psutil, 10 ms; isolated trial)",10010,keys,100,True,,3.14.3,Windows-11-10.0.26200-SP0,
7090860464db41bbb96f5e3ef384c270,2026-09-23T05:30:58.554296+00:00,evaluation,medium-sparse,Snapshot,ok,measured,5,20270823,10000,10,10,spread,32,5b37053c578c35f2e5d54ca72adc0c72b6fb2afcf6b80ee78c1e7be454403192,full-scan,full-scan,4096,23.6646,9.99765,70.6245,10.8109,5610011,38445056,"external parent process-tree RSS sampler (psutil, 10 ms; isolated trial)",10010,keys,100,True,,3.14.3,Windows-11-10.0.26200-SP0,
7090860464db41bbb96f5e3ef384c270,2026-09-23T05:30:59.219286+00:00,evaluation,medium-sparse,Snapshot,ok,measured,6,20270823,10000,10,10,spread,32,5b37053c578c35f2e5d54ca72adc0c72b6fb2afcf6b80ee78c1e7be454403192,full-scan,full-scan,4096,20.0594,9.5901,67.3072,9.0055,5610011,37949440,"external parent process-tree RSS sampler (psutil, 10 ms; isolated trial)",10010,keys,100,True,,3.14.3,Windows-11-10.0.26200-SP0,
7090860464db41bbb96f5e3ef384c270,2026-09-23T05:30:59.792693+00:00,evaluation,medium-sparse,Snapshot,ok,measured,7,20270823,10000,10,10,spread,32,5b37053c578c35f2e5d54ca72adc0c72b6fb2afcf6b80ee78c1e7be454403192,full-scan,full-scan,4096,11.3148,9.37395,63.0066,8.923,5610011,38141952,"external parent process-tree RSS sampler (psutil, 10 ms; isolated trial)",10010,keys,100,True,,3.14.3,Windows-11-10.0.26200-SP0,
7090860464db41bbb96f5e3ef384c270,2026-09-23T05:31:00.316612+00:00,evaluation,medium-sparse,Log-only,ok,warmup,1,20270823,10000,10,10,spread,32,5b37053c578c35f2e5d54ca72adc0c72b6fb2afcf6b80ee78c1e7be454403192,operation-log,operation-log,4096,11.4591,2.7523,15.2087,25.6396,523883,38031360,"external parent process-tree RSS sampler (psutil, 10 ms; isolated trial)",100,operations,100,True,,3.14.3,Windows-11-10.0.26200-SP0,
7090860464db41bbb96f5e3ef384c270,2026-09-23T05:31:00.854692+00:00,evaluation,medium-sparse,Log-only,ok,warmup,2,20270823,10000,10,10,spread,32,5b37053c578c35f2e5d54ca72adc0c72b6fb2afcf6b80ee78c1e7be454403192,operation-log,operation-log,4096,10.7039,2.72135,14.7529,29.2817,523883,38481920,"external parent process-tree RSS sampler (psutil, 10 ms; isolated trial)",100,operations,100,True,,3.14.3,Windows-11-10.0.26200-SP0,
7090860464db41bbb96f5e3ef384c270,2026-09-23T05:31:01.717419+00:00,evaluation,medium-sparse,Log-only,ok,measured,1,20270823,10000,10,10,spread,32,5b37053c578c35f2e5d54ca72adc0c72b6fb2afcf6b80ee78c1e7be454403192,operation-log,operation-log,4096,20.9081,3.85445,19.007,43.3491,523883,38014976,"external parent process-tree RSS sampler (psutil, 10 ms; isolated trial)",100,operations,100,True,,3.14.3,Windows-11-10.0.26200-SP0,
7090860464db41bbb96f5e3ef384c270,2026-09-23T05:31:02.421248+00:00,evaluation,medium-sparse,Log-only,ok,measured,2,20270823,10000,10,10,spread,32,5b37053c578c35f2e5d54ca72adc0c72b6fb2afcf6b80ee78c1e7be454403192,operation-log,operation-log,4096,15.8905,2.8956,16.7369,34.1182,523883,38662144,"external parent process-tree RSS sampler (psutil, 10 ms; isolated trial)",100,operations,100,True,,3.14.3,Windows-11-10.0.26200-SP0,
7090860464db41bbb96f5e3ef384c270,2026-09-23T05:31:03.130381+00:00,evaluation,medium-sparse,Log-only,ok,measured,3,20270823,10000,10,10,spread,32,5b37053c578c35f2e5d54ca72adc0c72b6fb2afcf6b80ee78c1e7be454403192,operation-log,operation-log,4096,12.007,3.02405,25.7455,40.5016,523883,38572032,"external parent process-tree RSS sampler (psutil, 10 ms; isolated trial)",100,operations,100,True,,3.14.3,Windows-11-10.0.26200-SP0,
7090860464db41bbb96f5e3ef384c270,2026-09-23T05:31:03.630954+00:00,evaluation,medium-sparse,Log-only,ok,measured,4,20270823,10000,10,10,spread,32,5b37053c578c35f2e5d54ca72adc0c72b6fb2afcf6b80ee78c1e7be454403192,operation-log,operation-log,4096,9.8959,2.61945,15.312,26.3933,523883,38653952,"external parent process-tree RSS sampler (psutil, 10 ms; isolated trial)",100,operations,100,True,,3.14.3,Windows-11-10.0.26200-SP0,
7090860464db41bbb96f5e3ef384c270,2026-09-23T05:31:04.229276+00:00,evaluation,medium-sparse,Log-only,ok,measured,5,20270823,10000,10,10,spread,32,5b37053c578c35f2e5d54ca72adc0c72b6fb2afcf6b80ee78c1e7be454403192,operation-log,operation-log,4096,11.5853,2.6718,22.4658,24.3048,523883,38580224,"external parent process-tree RSS sampler (psutil, 10 ms; isolated trial)",100,operations,100,True,,3.14.3,Windows-11-10.0.26200-SP0,
7090860464db41bbb96f5e3ef384c270,2026-09-23T05:31:04.708264+00:00,evaluation,medium-sparse,Log-only,ok,measured,6,20270823,10000,10,10,spread,32,5b37053c578c35f2e5d54ca72adc0c72b6fb2afcf6b80ee78c1e7be454403192,operation-log,operation-log,4096,12.9162,2.8388999999999998,12.1589,25.2823,523883,38576128,"external parent process-tree RSS sampler (psutil, 10 ms; isolated trial)",100,operations,100,True,,3.14.3,Windows-11-10.0.26200-SP0,
7090860464db41bbb96f5e3ef384c270,2026-09-23T05:31:05.282935+00:00,evaluation,medium-sparse,Log-only,ok,measured,7,20270823,10000,10,10,spread,32,5b37053c578c35f2e5d54ca72adc0c72b6fb2afcf6b80ee78c1e7be454403192,operation-log,operation-log,4096,11.8192,2.8261,20.9123,24.3434,523883,38076416,"external parent process-tree RSS sampler (psutil, 10 ms; isolated trial)",100,operations,100,True,,3.14.3,Windows-11-10.0.26200-SP0,
7090860464db41bbb96f5e3ef384c270,2026-09-23T05:31:06.298949+00:00,evaluation,medium-sparse,Revon-M (forced Merkle),ok,warmup,1,20270823,10000,10,10,spread,32,5b37053c578c35f2e5d54ca72adc0c72b6fb2afcf6b80ee78c1e7be454403192,merkle,merkle,4096,202.1435,18.73095,1.4663,14.0453,3059712,46432256,"external parent process-tree RSS sampler (psutil, 10 ms; isolated trial)",1141,tree node pairs,100,True,,3.14.3,Windows-11-10.0.26200-SP0,
7090860464db41bbb96f5e3ef384c270,2026-09-23T05:31:07.363967+00:00,evaluation,medium-sparse,Revon-M (forced Merkle),ok,warmup,2,20270823,10000,10,10,spread,32,5b37053c578c35f2e5d54ca72adc0c72b6fb2afcf6b80ee78c1e7be454403192,merkle,merkle,4096,223.559,19.335749999999997,1.4748,15.6936,3043328,46551040,"external parent process-tree RSS sampler (psutil, 10 ms; isolated trial)",1141,tree node pairs,100,True,,3.14.3,Windows-11-10.0.26200-SP0,
7090860464db41bbb96f5e3ef384c270,2026-09-23T05:31:08.357943+00:00,evaluation,medium-sparse,Revon-M (forced Merkle),ok,measured,1,20270823,10000,10,10,spread,32,5b37053c578c35f2e5d54ca72adc0c72b6fb2afcf6b80ee78c1e7be454403192,merkle,merkle,4096,200.483,18.6804,1.4467,12.0548,3059712,46116864,"external parent process-tree RSS sampler (psutil, 10 ms; isolated trial)",1141,tree node pairs,100,True,,3.14.3,Windows-11-10.0.26200-SP0,
7090860464db41bbb96f5e3ef384c270,2026-09-23T05:31:09.442631+00:00,evaluation,medium-sparse,Revon-M (forced Merkle),ok,measured,2,20270823,10000,10,10,spread,32,5b37053c578c35f2e5d54ca72adc0c72b6fb2afcf6b80ee78c1e7be454403192,merkle,merkle,4096,259.633,18.40085,1.51,15.0179,3043328,46469120,"external parent process-tree RSS sampler (psutil, 10 ms; isolated trial)",1141,tree node pairs,100,True,,3.14.3,Windows-11-10.0.26200-SP0,
7090860464db41bbb96f5e3ef384c270,2026-09-23T05:31:10.466946+00:00,evaluation,medium-sparse,Revon-M (forced Merkle),ok,measured,3,20270823,10000,10,10,spread,32,5b37053c578c35f2e5d54ca72adc0c72b6fb2afcf6b80ee78c1e7be454403192,merkle,merkle,4096,193.7066,21.1353,2.6485,12.9825,3055616,45596672,"external parent process-tree RSS sampler (psutil, 10 ms; isolated trial)",1141,tree node pairs,100,True,,3.14.3,Windows-11-10.0.26200-SP0,
7090860464db41bbb96f5e3ef384c270,2026-09-23T05:31:11.460999+00:00,evaluation,medium-sparse,Revon-M (forced Merkle),ok,measured,4,20270823,10000,10,10,spread,32,5b37053c578c35f2e5d54ca72adc0c72b6fb2afcf6b80ee78c1e7be454403192,merkle,merkle,4096,182.54,18.938850000000002,2.5544,13.2839,3063808,46481408,"external parent process-tree RSS sampler (psutil, 10 ms; isolated trial)",1141,tree node pairs,100,True,,3.14.3,Windows-11-10.0.26200-SP0,
7090860464db41bbb96f5e3ef384c270,2026-09-23T05:31:12.336543+00:00,evaluation,medium-sparse,Revon-M (forced Merkle),ok,measured,5,20270823,10000,10,10,spread,32,5b37053c578c35f2e5d54ca72adc0c72b6fb2afcf6b80ee78c1e7be454403192,merkle,merkle,4096,166.0824,14.91065,1.4038,13.6606,3047424,47034368,"external parent process-tree RSS sampler (psutil, 10 ms; isolated trial)",1141,tree node pairs,100,True,,3.14.3,Windows-11-10.0.26200-SP0,
7090860464db41bbb96f5e3ef384c270,2026-09-23T05:31:13.522905+00:00,evaluation,medium-sparse,Revon-M (forced Merkle),ok,measured,6,20270823,10000,10,10,spread,32,5b37053c578c35f2e5d54ca72adc0c72b6fb2afcf6b80ee78c1e7be454403192,merkle,merkle,4096,288.8926,24.100700000000003,1.7797,15.548,3051520,46624768,"external parent process-tree RSS sampler (psutil, 10 ms; isolated trial)",1141,tree node pairs,100,True,,3.14.3,Windows-11-10.0.26200-SP0,
7090860464db41bbb96f5e3ef384c270,2026-09-23T05:31:14.680998+00:00,evaluation,medium-sparse,Revon-M (forced Merkle),ok,measured,7,20270823,10000,10,10,spread,32,5b37053c578c35f2e5d54ca72adc0c72b6fb2afcf6b80ee78c1e7be454403192,merkle,merkle,4096,276.018,17.79785,1.4897,13.6868,3051520,46071808,"external parent process-tree RSS sampler (psutil, 10 ms; isolated trial)",1141,tree node pairs,100,True,,3.14.3,Windows-11-10.0.26200-SP0,
7090860464db41bbb96f5e3ef384c270,2026-09-23T05:31:15.635019+00:00,evaluation,medium-sparse,Revon-H,ok,warmup,1,20270823,10000,10,10,spread,32,5b37053c578c35f2e5d54ca72adc0c72b6fb2afcf6b80ee78c1e7be454403192,hybrid,log,4096,185.5188,16.28405,0.5601,10.7493,3055616,46305280,"external parent process-tree RSS sampler (psutil, 10 ms; isolated trial)",100,log operations,100,True,,3.14.3,Windows-11-10.0.26200-SP0,
7090860464db41bbb96f5e3ef384c270,2026-09-23T05:31:16.617377+00:00,evaluation,medium-sparse,Revon-H,ok,warmup,2,20270823,10000,10,10,spread,32,5b37053c578c35f2e5d54ca72adc0c72b6fb2afcf6b80ee78c1e7be454403192,hybrid,log,4096,192.7577,18.53835,0.5889,14.6071,3063808,46649344,"external parent process-tree RSS sampler (psutil, 10 ms; isolated trial)",100,log operations,100,True,,3.14.3,Windows-11-10.0.26200-SP0,
7090860464db41bbb96f5e3ef384c270,2026-09-23T05:31:17.681575+00:00,evaluation,medium-sparse,Revon-H,ok,measured,1,20270823,10000,10,10,spread,32,5b37053c578c35f2e5d54ca72adc0c72b6fb2afcf6b80ee78c1e7be454403192,hybrid,log,4096,213.9972,23.2271,0.8496,14.9621,3072000,46575616,"external parent process-tree RSS sampler (psutil, 10 ms; isolated trial)",100,log operations,100,True,,3.14.3,Windows-11-10.0.26200-SP0,
7090860464db41bbb96f5e3ef384c270,2026-09-23T05:31:18.779196+00:00,evaluation,medium-sparse,Revon-H,ok,measured,2,20270823,10000,10,10,spread,32,5b37053c578c35f2e5d54ca72adc0c72b6fb2afcf6b80ee78c1e7be454403192,hybrid,log,4096,204.5288,19.60005,0.619,14.6228,3059712,45756416,"external parent process-tree RSS sampler (psutil, 10 ms; isolated trial)",100,log operations,100,True,,3.14.3,Windows-11-10.0.26200-SP0,
7090860464db41bbb96f5e3ef384c270,2026-09-23T05:31:19.872965+00:00,evaluation,medium-sparse,Revon-H,ok,measured,3,20270823,10000,10,10,spread,32,5b37053c578c35f2e5d54ca72adc0c72b6fb2afcf6b80ee78c1e7be454403192,hybrid,log,4096,208.3318,21.08585,0.6751,19.1557,3051520,46460928,"external parent process-tree RSS sampler (psutil, 10 ms; isolated trial)",100,log operations,100,True,,3.14.3,Windows-11-10.0.26200-SP0,
7090860464db41bbb96f5e3ef384c270,2026-09-23T05:31:20.931078+00:00,evaluation,medium-sparse,Revon-H,ok,measured,4,20270823,10000,10,10,spread,32,5b37053c578c35f2e5d54ca72adc0c72b6fb2afcf6b80ee78c1e7be454403192,hybrid,log,4096,230.9557,17.0657,0.6177,14.6437,3039232,46583808,"external parent process-tree RSS sampler (psutil, 10 ms; isolated trial)",100,log operations,100,True,,3.14.3,Windows-11-10.0.26200-SP0,
7090860464db41bbb96f5e3ef384c270,2026-09-23T05:31:21.889475+00:00,evaluation,medium-sparse,Revon-H,ok,measured,5,20270823,10000,10,10,spread,32,5b37053c578c35f2e5d54ca72adc0c72b6fb2afcf6b80ee78c1e7be454403192,hybrid,log,4096,181.512,18.7855,0.6001,14.165,3047424,46161920,"external parent process-tree RSS sampler (psutil, 10 ms; isolated trial)",100,log operations,100,True,,3.14.3,Windows-11-10.0.26200-SP0,
7090860464db41bbb96f5e3ef384c270,2026-09-23T05:31:22.879779+00:00,evaluation,medium-sparse,Revon-H,ok,measured,6,20270823,10000,10,10,spread,32,5b37053c578c35f2e5d54ca72adc0c72b6fb2afcf6b80ee78c1e7be454403192,hybrid,log,4096,190.8106,19.739849999999997,0.7397,13.9521,3051520,46563328,"external parent process-tree RSS sampler (psutil, 10 ms; isolated trial)",100,log operations,100,True,,3.14.3,Windows-11-10.0.26200-SP0,
7090860464db41bbb96f5e3ef384c270,2026-09-23T05:31:24.020125+00:00,evaluation,medium-sparse,Revon-H,ok,measured,7,20270823,10000,10,10,spread,32,5b37053c578c35f2e5d54ca72adc0c72b6fb2afcf6b80ee78c1e7be454403192,hybrid,log,4096,221.2847,24.485999999999997,1.3246,22.769,3063808,46419968,"external parent process-tree RSS sampler (psutil, 10 ms; isolated trial)",100,log operations,100,True,,3.14.3,Windows-11-10.0.26200-SP0,
7090860464db41bbb96f5e3ef384c270,2026-09-23T05:31:37.649056+00:00,evaluation,medium-sparse,Dolt,ok,warmup,1,20270823,10000,10,10,spread,32,5b37053c578c35f2e5d54ca72adc0c72b6fb2afcf6b80ee78c1e7be454403192,dolt-native,dolt-native,4096,969.964,977.3652999999999,456.4986,355.3976,940581,150261760,"external parent process-tree RSS sampler (psutil, 10 ms; isolated trial)",,not exposed by Dolt CLI,100,True,,3.14.3,Windows-11-10.0.26200-SP0,dolt version 2.3.1 Warning: you are on an old version of Dolt. The newest version is 2.3.5.
7090860464db41bbb96f5e3ef384c270,2026-09-23T05:31:50.778671+00:00,evaluation,medium-sparse,Dolt,ok,warmup,2,20270823,10000,10,10,spread,32,5b37053c578c35f2e5d54ca72adc0c72b6fb2afcf6b80ee78c1e7be454403192,dolt-native,dolt-native,4096,1030.9338,913.3709,473.4571,506.717,939222,152813568,"external parent process-tree RSS sampler (psutil, 10 ms; isolated trial)",,not exposed by Dolt CLI,100,True,,3.14.3,Windows-11-10.0.26200-SP0,dolt version 2.3.1 Warning: you are on an old version of Dolt. The newest version is 2.3.5.
7090860464db41bbb96f5e3ef384c270,2026-09-23T05:32:04.123790+00:00,evaluation,medium-sparse,Dolt,ok,measured,1,20270823,10000,10,10,spread,32,5b37053c578c35f2e5d54ca72adc0c72b6fb2afcf6b80ee78c1e7be454403192,dolt-native,dolt-native,4096,1253.2177,932.61905,333.3108,344.1855,939838,162394112,"external parent process-tree RSS sampler (psutil, 10 ms; isolated trial)",,not exposed by Dolt CLI,100,True,,3.14.3,Windows-11-10.0.26200-SP0,dolt version 2.3.1 Warning: you are on an old version of Dolt. The newest version is 2.3.5.
7090860464db41bbb96f5e3ef384c270,2026-09-23T05:32:16.833659+00:00,evaluation,medium-sparse,Dolt,ok,measured,2,20270823,10000,10,10,spread,32,5b37053c578c35f2e5d54ca72adc0c72b6fb2afcf6b80ee78c1e7be454403192,dolt-native,dolt-native,4096,809.9082,924.3231000000001,302.4269,333.9617,940699,165687296,"external parent process-tree RSS sampler (psutil, 10 ms; isolated trial)",,not exposed by Dolt CLI,100,True,,3.14.3,Windows-11-10.0.26200-SP0,dolt version 2.3.1 Warning: you are on an old version of Dolt. The newest version is 2.3.5.
7090860464db41bbb96f5e3ef384c270,2026-09-23T05:32:29.782617+00:00,evaluation,medium-sparse,Dolt,ok,measured,3,20270823,10000,10,10,spread,32,5b37053c578c35f2e5d54ca72adc0c72b6fb2afcf6b80ee78c1e7be454403192,dolt-native,dolt-native,4096,1134.3666,904.45885,320.1955,327.0336,940354,150810624,"external parent process-tree RSS sampler (psutil, 10 ms; isolated trial)",,not exposed by Dolt CLI,100,True,,3.14.3,Windows-11-10.0.26200-SP0,dolt version 2.3.1 Warning: you are on an old version of Dolt. The newest version is 2.3.5.
7090860464db41bbb96f5e3ef384c270,2026-09-23T05:32:43.388317+00:00,evaluation,medium-sparse,Dolt,ok,measured,4,20270823,10000,10,10,spread,32,5b37053c578c35f2e5d54ca72adc0c72b6fb2afcf6b80ee78c1e7be454403192,dolt-native,dolt-native,4096,1113.6799,936.6262999999999,444.1206,515.9145,939909,166633472,"external parent process-tree RSS sampler (psutil, 10 ms; isolated trial)",,not exposed by Dolt CLI,100,True,,3.14.3,Windows-11-10.0.26200-SP0,dolt version 2.3.1 Warning: you are on an old version of Dolt. The newest version is 2.3.5.
7090860464db41bbb96f5e3ef384c270,2026-09-23T05:32:59.577446+00:00,evaluation,medium-sparse,Dolt,ok,measured,5,20270823,10000,10,10,spread,32,5b37053c578c35f2e5d54ca72adc0c72b6fb2afcf6b80ee78c1e7be454403192,dolt-native,dolt-native,4096,1194.9502,985.3399999999999,1121.1957,1001.953,940801,153485312,"external parent process-tree RSS sampler (psutil, 10 ms; isolated trial)",,not exposed by Dolt CLI,100,True,,3.14.3,Windows-11-10.0.26200-SP0,dolt version 2.3.1 Warning: you are on an old version of Dolt. The newest version is 2.3.5.
7090860464db41bbb96f5e3ef384c270,2026-09-23T05:33:16.386409+00:00,evaluation,medium-sparse,Dolt,ok,measured,6,20270823,10000,10,10,spread,32,5b37053c578c35f2e5d54ca72adc0c72b6fb2afcf6b80ee78c1e7be454403192,dolt-native,dolt-native,4096,2313.4076,1039.9304,325.1985,469.7779,941004,146550784,"external parent process-tree RSS sampler (psutil, 10 ms; isolated trial)",,not exposed by Dolt CLI,100,True,,3.14.3,Windows-11-10.0.26200-SP0,dolt version 2.3.1 Warning: you are on an old version of Dolt. The newest version is 2.3.5.
7090860464db41bbb96f5e3ef384c270,2026-09-23T05:33:30.348272+00:00,evaluation,medium-sparse,Dolt,ok,measured,7,20270823,10000,10,10,spread,32,5b37053c578c35f2e5d54ca72adc0c72b6fb2afcf6b80ee78c1e7be454403192,dolt-native,dolt-native,4096,1239.1711,983.5884000000001,382.8967,536.017,939667,161972224,"external parent process-tree RSS sampler (psutil, 10 ms; isolated trial)",,not exposed by Dolt CLI,100,True,,3.14.3,Windows-11-10.0.26200-SP0,dolt version 2.3.1 Warning: you are on an old version of Dolt. The newest version is 2.3.5.
7090860464db41bbb96f5e3ef384c270,2026-09-23T05:33:31.699833+00:00,evaluation,medium-dense,Snapshot,ok,warmup,1,20270824,10000,10,1000,spread,32,53c484416da0adeed737d289063de17c35f8f0b1d6554eff2b120d8091ddb8f4,full-scan,full-scan,4096,12.8765,11.3523,107.8379,13.5109,5610011,45170688,"external parent process-tree RSS sampler (psutil, 10 ms; isolated trial)",10010,keys,6502,True,,3.14.3,Windows-11-10.0.26200-SP0,
7090860464db41bbb96f5e3ef384c270,2026-09-23T05:33:32.792665+00:00,evaluation,medium-dense,Snapshot,ok,warmup,2,20270824,10000,10,1000,spread,32,53c484416da0adeed737d289063de17c35f8f0b1d6554eff2b120d8091ddb8f4,full-scan,full-scan,4096,21.0319,13.489550000000001,97.0801,11.2673,5610011,45600768,"external parent process-tree RSS sampler (psutil, 10 ms; isolated trial)",10010,keys,6502,True,,3.14.3,Windows-11-10.0.26200-SP0,
7090860464db41bbb96f5e3ef384c270,2026-09-23T05:33:33.769965+00:00,evaluation,medium-dense,Snapshot,ok,measured,1,20270824,10000,10,1000,spread,32,53c484416da0adeed737d289063de17c35f8f0b1d6554eff2b120d8091ddb8f4,full-scan,full-scan,4096,22.9641,11.6134,105.9422,11.8917,5610011,44982272,"external parent process-tree RSS sampler (psutil, 10 ms; isolated trial)",10010,keys,6502,True,,3.14.3,Windows-11-10.0.26200-SP0,
7090860464db41bbb96f5e3ef384c270,2026-09-23T05:33:34.696231+00:00,evaluation,medium-dense,Snapshot,ok,measured,2,20270824,10000,10,1000,spread,32,53c484416da0adeed737d289063de17c35f8f0b1d6554eff2b120d8091ddb8f4,full-scan,full-scan,4096,13.4196,12.2286,88.2705,10.5835,5610011,44965888,"external parent process-tree RSS sampler (psutil, 10 ms; isolated trial)",10010,keys,6502,True,,3.14.3,Windows-11-10.0.26200-SP0,
7090860464db41bbb96f5e3ef384c270,2026-09-23T05:33:35.507705+00:00,evaluation,medium-dense,Snapshot,ok,measured,3,20270824,10000,10,1000,spread,32,53c484416da0adeed737d289063de17c35f8f0b1d6554eff2b120d8091ddb8f4,full-scan,full-scan,4096,21.0201,11.16965,94.0635,11.4043,5610011,45219840,"external parent process-tree RSS sampler (psutil, 10 ms; isolated trial)",10010,keys,6502,True,,3.14.3,Windows-11-10.0.26200-SP0,
7090860464db41bbb96f5e3ef384c270,2026-09-23T05:33:36.591980+00:00,evaluation,medium-dense,Snapshot,ok,measured,4,20270824,10000,10,1000,spread,32,53c484416da0adeed737d289063de17c35f8f0b1d6554eff2b120d8091ddb8f4,full-scan,full-scan,4096,23.5777,13.7233,135.2384,14.804,5610011,45121536,"external parent process-tree RSS sampler (psutil, 10 ms; isolated trial)",10010,keys,6502,True,,3.14.3,Windows-11-10.0.26200-SP0,
7090860464db41bbb96f5e3ef384c270,2026-09-23T05:33:37.641619+00:00,evaluation,medium-dense,Snapshot,ok,measured,5,20270824,10000,10,1000,spread,32,53c484416da0adeed737d289063de17c35f8f0b1d6554eff2b120d8091ddb8f4,full-scan,full-scan,4096,21.4501,11.83535,103.4941,12.0475,5610011,45613056,"external parent process-tree RSS sampler (psutil, 10 ms; isolated trial)",10010,keys,6502,True,,3.14.3,Windows-11-10.0.26200-SP0,
7090860464db41bbb96f5e3ef384c270,2026-09-23T05:33:38.490595+00:00,evaluation,medium-dense,Snapshot,ok,measured,6,20270824,10000,10,1000,spread,32,53c484416da0adeed737d289063de17c35f8f0b1d6554eff2b120d8091ddb8f4,full-scan,full-scan,4096,12.3781,10.86695,78.8111,14.539,5610011,45629440,"external parent process-tree RSS sampler (psutil, 10 ms; isolated trial)",10010,keys,6502,True,,3.14.3,Windows-11-10.0.26200-SP0,
7090860464db41bbb96f5e3ef384c270,2026-09-23T05:33:39.319443+00:00,evaluation,medium-dense,Snapshot,ok,measured,7,20270824,10000,10,1000,spread,32,53c484416da0adeed737d289063de17c35f8f0b1d6554eff2b120d8091ddb8f4,full-scan,full-scan,4096,24.5801,11.5258,88.2061,11.6568,5610011,45498368,"external parent process-tree RSS sampler (psutil, 10 ms; isolated trial)",10010,keys,6502,True,,3.14.3,Windows-11-10.0.26200-SP0,
7090860464db41bbb96f5e3ef384c270,2026-09-23T05:33:40.038393+00:00,evaluation,medium-dense,Log-only,ok,warmup,1,20270824,10000,10,1000,spread,32,53c484416da0adeed737d289063de17c35f8f0b1d6554eff2b120d8091ddb8f4,operation-log,operation-log,4096,13.7947,4.4845500000000005,50.6389,32.3589,1929683,45740032,"external parent process-tree RSS sampler (psutil, 10 ms; isolated trial)",10000,operations,6502,True,,3.14.3,Windows-11-10.0.26200-SP0,
7090860464db41bbb96f5e3ef384c270,2026-09-23T05:33:40.965531+00:00,evaluation,medium-dense,Log-only,ok,warmup,2,20270824,10000,10,1000,spread,32,53c484416da0adeed737d289063de17c35f8f0b1d6554eff2b120d8091ddb8f4,operation-log,operation-log,4096,24.1634,5.9013,65.2895,40.542,1929683,45146112,"external parent process-tree RSS sampler (psutil, 10 ms; isolated trial)",10000,operations,6502,True,,3.14.3,Windows-11-10.0.26200-SP0,
7090860464db41bbb96f5e3ef384c270,2026-09-23T05:33:41.718027+00:00,evaluation,medium-dense,Log-only,ok,measured,1,20270824,10000,10,1000,spread,32,53c484416da0adeed737d289063de17c35f8f0b1d6554eff2b120d8091ddb8f4,operation-log,operation-log,4096,10.4546,4.7186,57.7828,39.2406,1929683,45481984,"external parent process-tree RSS sampler (psutil, 10 ms; isolated trial)",10000,operations,6502,True,,3.14.3,Windows-11-10.0.26200-SP0,
7090860464db41bbb96f5e3ef384c270,2026-09-23T05:33:42.470929+00:00,evaluation,medium-dense,Log-only,ok,measured,2,20270824,10000,10,1000,spread,32,53c484416da0adeed737d289063de17c35f8f0b1d6554eff2b120d8091ddb8f4,operation-log,operation-log,4096,10.8589,4.5825499999999995,55.3982,39.7916,1929683,45613056,"external parent process-tree RSS sampler (psutil, 10 ms; isolated trial)",10000,operations,6502,True,,3.14.3,Windows-11-10.0.26200-SP0,
7090860464db41bbb96f5e3ef384c270,2026-09-23T05:33:43.304160+00:00,evaluation,medium-dense,Log-only,ok,measured,3,20270824,10000,10,1000,spread,32,53c484416da0adeed737d289063de17c35f8f0b1d6554eff2b120d8091ddb8f4,operation-log,operation-log,4096,22.4538,5.82545,62.8726,34.6588,1929683,45477888,"external parent process-tree RSS sampler (psutil, 10 ms; isolated trial)",10000,operations,6502,True,,3.14.3,Windows-11-10.0.26200-SP0,
7090860464db41bbb96f5e3ef384c270,2026-09-23T05:33:44.136407+00:00,evaluation,medium-dense,Log-only,ok,measured,4,20270824,10000,10,1000,spread,32,53c484416da0adeed737d289063de17c35f8f0b1d6554eff2b120d8091ddb8f4,operation-log,operation-log,4096,20.8782,5.27855,56.6294,39.5925,1929683,45232128,"external parent process-tree RSS sampler (psutil, 10 ms; isolated trial)",10000,operations,6502,True,,3.14.3,Windows-11-10.0.26200-SP0,
7090860464db41bbb96f5e3ef384c270,2026-09-23T05:33:45.057827+00:00,evaluation,medium-dense,Log-only,ok,measured,5,20270824,10000,10,1000,spread,32,53c484416da0adeed737d289063de17c35f8f0b1d6554eff2b120d8091ddb8f4,operation-log,operation-log,4096,23.9378,5.85175,72.904,54.4744,1929683,45293568,"external parent process-tree RSS sampler (psutil, 10 ms; isolated trial)",10000,operations,6502,True,,3.14.3,Windows-11-10.0.26200-SP0,
7090860464db41bbb96f5e3ef384c270,2026-09-23T05:33:45.922741+00:00,evaluation,medium-dense,Log-only,ok,measured,6,20270824,10000,10,1000,spread,32,53c484416da0adeed737d289063de17c35f8f0b1d6554eff2b120d8091ddb8f4,operation-log,operation-log,4096,13.2168,4.87945,53.6117,36.0574,1929683,45670400,"external parent process-tree RSS sampler (psutil, 10 ms; isolated trial)",10000,operations,6502,True,,3.14.3,Windows-11-10.0.26200-SP0,
7090860464db41bbb96f5e3ef384c270,2026-09-23T05:33:46.696960+00:00,evaluation,medium-dense,Log-only,ok,measured,7,20270824,10000,10,1000,spread,32,53c484416da0adeed737d289063de17c35f8f0b1d6554eff2b120d8091ddb8f4,operation-log,operation-log,4096,12.8728,4.4836,55.7452,34.7466,1929683,45465600,"external parent process-tree RSS sampler (psutil, 10 ms; isolated trial)",10000,operations,6502,True,,3.14.3,Windows-11-10.0.26200-SP0,
7090860464db41bbb96f5e3ef384c270,2026-09-23T05:33:49.270248+00:00,evaluation,medium-dense,Revon-M (forced Merkle),ok,warmup,1,20270824,10000,10,1000,spread,32,53c484416da0adeed737d289063de17c35f8f0b1d6554eff2b120d8091ddb8f4,merkle,merkle,4096,210.3395,157.3999,71.0459,31.1941,11116544,63983616,"external parent process-tree RSS sampler (psutil, 10 ms; isolated trial)",4311,tree node pairs,6502,True,,3.14.3,Windows-11-10.0.26200-SP0,
7090860464db41bbb96f5e3ef384c270,2026-09-23T05:33:51.801750+00:00,evaluation,medium-dense,Revon-M (forced Merkle),ok,warmup,2,20270824,10000,10,1000,spread,32,53c484416da0adeed737d289063de17c35f8f0b1d6554eff2b120d8091ddb8f4,merkle,merkle,4096,202.2015,121.7139,61.4022,22.2771,11190272,64864256,"external parent process-tree RSS sampler (psutil, 10 ms; isolated trial)",4311,tree node pairs,6502,True,,3.14.3,Windows-11-10.0.26200-SP0,
7090860464db41bbb96f5e3ef384c270,2026-09-23T05:33:54.987700+00:00,evaluation,medium-dense,Revon-M (forced Merkle),ok,measured,1,20270824,10000,10,1000,spread,32,53c484416da0adeed737d289063de17c35f8f0b1d6554eff2b120d8091ddb8f4,merkle,merkle,4096,232.4808,169.7068,55.3622,20.8778,11210752,64139264,"external parent process-tree RSS sampler (psutil, 10 ms; isolated trial)",4311,tree node pairs,6502,True,,3.14.3,Windows-11-10.0.26200-SP0,
7090860464db41bbb96f5e3ef384c270,2026-09-23T05:34:00.417824+00:00,evaluation,medium-dense,Revon-M (forced Merkle),ok,measured,2,20270824,10000,10,1000,spread,32,53c484416da0adeed737d289063de17c35f8f0b1d6554eff2b120d8091ddb8f4,merkle,merkle,4096,199.8007,149.90365,87.1089,39.127,11186176,63860736,"external parent process-tree RSS sampler (psutil, 10 ms; isolated trial)",4311,tree node pairs,6502,True,,3.14.3,Windows-11-10.0.26200-SP0,
7090860464db41bbb96f5e3ef384c270,2026-09-23T05:34:05.764637+00:00,evaluation,medium-dense,Revon-M (forced Merkle),ok,measured,3,20270824,10000,10,1000,spread,32,53c484416da0adeed737d289063de17c35f8f0b1d6554eff2b120d8091ddb8f4,merkle,merkle,4096,203.0892,203.5088,128.7128,30.736,11198464,64008192,"external parent process-tree RSS sampler (psutil, 10 ms; isolated trial)",4311,tree node pairs,6502,True,,3.14.3,Windows-11-10.0.26200-SP0,
7090860464db41bbb96f5e3ef384c270,2026-09-23T05:34:08.593107+00:00,evaluation,medium-dense,Revon-M (forced Merkle),ok,measured,4,20270824,10000,10,1000,spread,32,53c484416da0adeed737d289063de17c35f8f0b1d6554eff2b120d8091ddb8f4,merkle,merkle,4096,205.8636,150.52895,57.0837,17.5044,11145216,64339968,"external parent process-tree RSS sampler (psutil, 10 ms; isolated trial)",4311,tree node pairs,6502,True,,3.14.3,Windows-11-10.0.26200-SP0,
7090860464db41bbb96f5e3ef384c270,2026-09-23T05:34:11.188035+00:00,evaluation,medium-dense,Revon-M (forced Merkle),ok,measured,5,20270824,10000,10,1000,spread,32,53c484416da0adeed737d289063de17c35f8f0b1d6554eff2b120d8091ddb8f4,merkle,merkle,4096,200.2348,150.5874,54.1967,23.9263,11165696,64643072,"external parent process-tree RSS sampler (psutil, 10 ms; isolated trial)",4311,tree node pairs,6502,True,,3.14.3,Windows-11-10.0.26200-SP0,
7090860464db41bbb96f5e3ef384c270,2026-09-23T05:34:14.037574+00:00,evaluation,medium-dense,Revon-M (forced Merkle),ok,measured,6,20270824,10000,10,1000,spread,32,53c484416da0adeed737d289063de17c35f8f0b1d6554eff2b120d8091ddb8f4,merkle,merkle,4096,226.8133,153.97629999999998,53.0243,22.5889,11186176,63918080,"external parent process-tree RSS sampler (psutil, 10 ms; isolated trial)",4311,tree node pairs,6502,True,,3.14.3,Windows-11-10.0.26200-SP0,
7090860464db41bbb96f5e3ef384c270,2026-09-23T05:34:16.721334+00:00,evaluation,medium-dense,Revon-M (forced Merkle),ok,measured,7,20270824,10000,10,1000,spread,32,53c484416da0adeed737d289063de17c35f8f0b1d6554eff2b120d8091ddb8f4,merkle,merkle,4096,251.9401,149.41660000000002,49.9162,19.291,11165696,64098304,"external parent process-tree RSS sampler (psutil, 10 ms; isolated trial)",4311,tree node pairs,6502,True,,3.14.3,Windows-11-10.0.26200-SP0,
7090860464db41bbb96f5e3ef384c270,2026-09-23T05:34:19.809470+00:00,evaluation,medium-dense,Revon-H,ok,warmup,1,20270824,10000,10,1000,spread,32,53c484416da0adeed737d289063de17c35f8f0b1d6554eff2b120d8091ddb8f4,hybrid,merkle,4096,202.1117,162.35905,57.6128,22.8356,11141120,63627264,"external parent process-tree RSS sampler (psutil, 10 ms; isolated trial)",4311,tree node pairs,6502,True,,3.14.3,Windows-11-10.0.26200-SP0,
7090860464db41bbb96f5e3ef384c270,2026-09-23T05:34:25.049946+00:00,evaluation,medium-dense,Revon-H,ok,warmup,2,20270824,10000,10,1000,spread,32,53c484416da0adeed737d289063de17c35f8f0b1d6554eff2b120d8091ddb8f4,hybrid,merkle,4096,244.4832,204.40654999999998,89.0228,37.205,11186176,64126976,"external parent process-tree RSS sampler (psutil, 10 ms; isolated trial)",4311,tree node pairs,6502,True,,3.14.3,Windows-11-10.0.26200-SP0,
7090860464db41bbb96f5e3ef384c270,2026-09-23T05:34:29.722530+00:00,evaluation,medium-dense,Revon-H,ok,measured,1,20270824,10000,10,1000,spread,32,53c484416da0adeed737d289063de17c35f8f0b1d6554eff2b120d8091ddb8f4,hybrid,merkle,4096,200.6899,158.69155,99.555,47.8739,11194368,64688128,"external parent process-tree RSS sampler (psutil, 10 ms; isolated trial)",4311,tree node pairs,6502,True,,3.14.3,Windows-11-10.0.26200-SP0,
7090860464db41bbb96f5e3ef384c270,2026-09-23T05:34:32.561476+00:00,evaluation,medium-dense,Revon-H,ok,measured,2,20270824,10000,10,1000,spread,32,53c484416da0adeed737d289063de17c35f8f0b1d6554eff2b120d8091ddb8f4,hybrid,merkle,4096,258.4953,123.43164999999999,66.7093,26.3172,11198464,64495616,"external parent process-tree RSS sampler (psutil, 10 ms; isolated trial)",4311,tree node pairs,6502,True,,3.14.3,Windows-11-10.0.26200-SP0,
7090860464db41bbb96f5e3ef384c270,2026-09-23T05:34:37.713068+00:00,evaluation,medium-dense,Revon-H,ok,measured,3,20270824,10000,10,1000,spread,32,53c484416da0adeed737d289063de17c35f8f0b1d6554eff2b120d8091ddb8f4,hybrid,merkle,4096,255.4726,257.06525,145.3928,55.7115,11149312,64012288,"external parent process-tree RSS sampler (psutil, 10 ms; isolated trial)",4311,tree node pairs,6502,True,,3.14.3,Windows-11-10.0.26200-SP0,
7090860464db41bbb96f5e3ef384c270,2026-09-23T05:34:42.663763+00:00,evaluation,medium-dense,Revon-H,ok,measured,4,20270824,10000,10,1000,spread,32,53c484416da0adeed737d289063de17c35f8f0b1d6554eff2b120d8091ddb8f4,hybrid,merkle,4096,376.8813,190.85604999999998,202.6011,124.8853,11169792,64204800,"external parent process-tree RSS sampler (psutil, 10 ms; isolated trial)",4311,tree node pairs,6502,True,,3.14.3,Windows-11-10.0.26200-SP0,
7090860464db41bbb96f5e3ef384c270,2026-09-23T05:34:52.741924+00:00,evaluation,medium-dense,Revon-H,ok,measured,5,20270824,10000,10,1000,spread,32,53c484416da0adeed737d289063de17c35f8f0b1d6554eff2b120d8091ddb8f4,hybrid,merkle,4096,374.2401,514.3499999999999,91.3764,32.2581,11190272,63971328,"external parent process-tree RSS sampler (psutil, 10 ms; isolated trial)",4311,tree node pairs,6502,True,,3.14.3,Windows-11-10.0.26200-SP0,
7090860464db41bbb96f5e3ef384c270,2026-09-23T05:34:55.909063+00:00,evaluation,medium-dense,Revon-H,ok,measured,6,20270824,10000,10,1000,spread,32,53c484416da0adeed737d289063de17c35f8f0b1d6554eff2b120d8091ddb8f4,hybrid,merkle,4096,214.4693,160.50375000000003,67.6475,66.5976,11141120,64004096,"external parent process-tree RSS sampler (psutil, 10 ms; isolated trial)",4311,tree node pairs,6502,True,,3.14.3,Windows-11-10.0.26200-SP0,
7090860464db41bbb96f5e3ef384c270,2026-09-23T05:35:03.265431+00:00,evaluation,medium-dense,Revon-H,ok,measured,7,20270824,10000,10,1000,spread,32,53c484416da0adeed737d289063de17c35f8f0b1d6554eff2b120d8091ddb8f4,hybrid,merkle,4096,268.2534,183.98329999999999,144.6439,52.4915,11182080,64380928,"external parent process-tree RSS sampler (psutil, 10 ms; isolated trial)",4311,tree node pairs,6502,True,,3.14.3,Windows-11-10.0.26200-SP0,
7090860464db41bbb96f5e3ef384c270,2026-09-23T05:35:21.212777+00:00,evaluation,medium-dense,Dolt,ok,warmup,1,20270824,10000,10,1000,spread,32,53c484416da0adeed737d289063de17c35f8f0b1d6554eff2b120d8091ddb8f4,dolt-native,dolt-native,4096,1095.8129,1126.6203,1441.2759,404.1928,5081935,157036544,"external parent process-tree RSS sampler (psutil, 10 ms; isolated trial)",,not exposed by Dolt CLI,6502,True,,3.14.3,Windows-11-10.0.26200-SP0,dolt version 2.3.1 Warning: you are on an old version of Dolt. The newest version is 2.3.5.
7090860464db41bbb96f5e3ef384c270,2026-09-23T05:35:38.841059+00:00,evaluation,medium-dense,Dolt,ok,warmup,2,20270824,10000,10,1000,spread,32,53c484416da0adeed737d289063de17c35f8f0b1d6554eff2b120d8091ddb8f4,dolt-native,dolt-native,4096,1934.7281,1115.2806500000002,1434.6059,406.0546,5081890,169840640,"external parent process-tree RSS sampler (psutil, 10 ms; isolated trial)",,not exposed by Dolt CLI,6502,True,,3.14.3,Windows-11-10.0.26200-SP0,dolt version 2.3.1 Warning: you are on an old version of Dolt. The newest version is 2.3.5.
7090860464db41bbb96f5e3ef384c270,2026-09-23T05:35:59.271815+00:00,evaluation,medium-dense,Dolt,ok,measured,1,20270824,10000,10,1000,spread,32,53c484416da0adeed737d289063de17c35f8f0b1d6554eff2b120d8091ddb8f4,dolt-native,dolt-native,4096,1014.9975,1469.7443,743.4875,485.4076,5082575,152117248,"external parent process-tree RSS sampler (psutil, 10 ms; isolated trial)",,not exposed by Dolt CLI,6502,True,,3.14.3,Windows-11-10.0.26200-SP0,dolt version 2.3.1 Warning: you are on an old version of Dolt. The newest version is 2.3.5.
7090860464db41bbb96f5e3ef384c270,2026-09-23T05:36:19.867927+00:00,evaluation,medium-dense,Dolt,ok,measured,2,20270824,10000,10,1000,spread,32,53c484416da0adeed737d289063de17c35f8f0b1d6554eff2b120d8091ddb8f4,dolt-native,dolt-native,4096,1305.9145,1336.1644999999999,1255.5108,367.2144,5081719,153145344,"external parent process-tree RSS sampler (psutil, 10 ms; isolated trial)",,not exposed by Dolt CLI,6502,True,,3.14.3,Windows-11-10.0.26200-SP0,dolt version 2.3.1 Warning: you are on an old version of Dolt. The newest version is 2.3.5.
7090860464db41bbb96f5e3ef384c270,2026-09-23T05:36:38.756415+00:00,evaluation,medium-dense,Dolt,ok,measured,3,20270824,10000,10,1000,spread,32,53c484416da0adeed737d289063de17c35f8f0b1d6554eff2b120d8091ddb8f4,dolt-native,dolt-native,4096,1128.8973,1219.3566,857.6394,544.4234,5082542,174358528,"external parent process-tree RSS sampler (psutil, 10 ms; isolated trial)",,not exposed by Dolt CLI,6502,True,,3.14.3,Windows-11-10.0.26200-SP0,dolt version 2.3.1 Warning: you are on an old version of Dolt. The newest version is 2.3.5.
7090860464db41bbb96f5e3ef384c270,2026-09-23T05:36:55.415331+00:00,evaluation,medium-dense,Dolt,ok,measured,4,20270824,10000,10,1000,spread,32,53c484416da0adeed737d289063de17c35f8f0b1d6554eff2b120d8091ddb8f4,dolt-native,dolt-native,4096,1340.2079,1098.0995,498.2557,345.5966,5081710,154091520,"external parent process-tree RSS sampler (psutil, 10 ms; isolated trial)",,not exposed by Dolt CLI,6502,True,,3.14.3,Windows-11-10.0.26200-SP0,dolt version 2.3.1 Warning: you are on an old version of Dolt. The newest version is 2.3.5.
7090860464db41bbb96f5e3ef384c270,2026-09-23T05:37:17.939451+00:00,evaluation,medium-dense,Dolt,ok,measured,5,20270824,10000,10,1000,spread,32,53c484416da0adeed737d289063de17c35f8f0b1d6554eff2b120d8091ddb8f4,dolt-native,dolt-native,4096,1113.7297,1663.7772,1062.1355,820.9015,5082384,155127808,"external parent process-tree RSS sampler (psutil, 10 ms; isolated trial)",,not exposed by Dolt CLI,6502,True,,3.14.3,Windows-11-10.0.26200-SP0,dolt version 2.3.1 Warning: you are on an old version of Dolt. The newest version is 2.3.5.
7090860464db41bbb96f5e3ef384c270,2026-09-23T05:37:41.564599+00:00,evaluation,medium-dense,Dolt,ok,measured,6,20270824,10000,10,1000,spread,32,53c484416da0adeed737d289063de17c35f8f0b1d6554eff2b120d8091ddb8f4,dolt-native,dolt-native,4096,2110.5726,1630.9121,621.3258,332.9628,5081940,149258240,"external parent process-tree RSS sampler (psutil, 10 ms; isolated trial)",,not exposed by Dolt CLI,6502,True,,3.14.3,Windows-11-10.0.26200-SP0,dolt version 2.3.1 Warning: you are on an old version of Dolt. The newest version is 2.3.5.
7090860464db41bbb96f5e3ef384c270,2026-09-23T05:38:01.488520+00:00,evaluation,medium-dense,Dolt,ok,measured,7,20270824,10000,10,1000,spread,32,53c484416da0adeed737d289063de17c35f8f0b1d6554eff2b120d8091ddb8f4,dolt-native,dolt-native,4096,1162.4646,1455.90065,827.6623,366.0851,5082806,150917120,"external parent process-tree RSS sampler (psutil, 10 ms; isolated trial)",,not exposed by Dolt CLI,6502,True,,3.14.3,Windows-11-10.0.26200-SP0,dolt version 2.3.1 Warning: you are on an old version of Dolt. The newest version is 2.3.5.
7090860464db41bbb96f5e3ef384c270,2026-09-23T05:38:06.074763+00:00,evaluation,large-sparse,Snapshot,ok,warmup,1,20270825,100000,10,100,spread,32,a74710e5f8cf1f176718c5b779baddb57dfd2a56d514d69f91c85cf401b0c83d,full-scan,full-scan,4096,79.2332,71.30035000000001,739.2707,208.0632,56100011,158064640,"external parent process-tree RSS sampler (psutil, 10 ms; isolated trial)",100010,keys,995,True,,3.14.3,Windows-11-10.0.26200-SP0,
7090860464db41bbb96f5e3ef384c270,2026-09-23T05:38:09.065523+00:00,evaluation,large-sparse,Snapshot,ok,warmup,2,20270825,100000,10,100,spread,32,a74710e5f8cf1f176718c5b779baddb57dfd2a56d514d69f91c85cf401b0c83d,full-scan,full-scan,4096,55.1243,65.52875,566.5273,122.9303,56100011,149823488,"external parent process-tree RSS sampler (psutil, 10 ms; isolated trial)",100010,keys,995,True,,3.14.3,Windows-11-10.0.26200-SP0,
7090860464db41bbb96f5e3ef384c270,2026-09-23T05:38:11.872575+00:00,evaluation,large-sparse,Snapshot,ok,measured,1,20270825,100000,10,100,spread,32,a74710e5f8cf1f176718c5b779baddb57dfd2a56d514d69f91c85cf401b0c83d,full-scan,full-scan,4096,100.5985,57.9931,602.1425,112.1555,56100011,156553216,"external parent process-tree RSS sampler (psutil, 10 ms; isolated trial)",100010,keys,995,True,,3.14.3,Windows-11-10.0.26200-SP0,
7090860464db41bbb96f5e3ef384c270,2026-09-23T05:38:14.557583+00:00,evaluation,large-sparse,Snapshot,ok,measured,2,20270825,100000,10,100,spread,32,a74710e5f8cf1f176718c5b779baddb57dfd2a56d514d69f91c85cf401b0c83d,full-scan,full-scan,4096,62.8882,61.38935,520.5374,115.2902,56100011,149905408,"external parent process-tree RSS sampler (psutil, 10 ms; isolated trial)",100010,keys,995,True,,3.14.3,Windows-11-10.0.26200-SP0,
7090860464db41bbb96f5e3ef384c270,2026-09-23T05:38:17.472383+00:00,evaluation,large-sparse,Snapshot,ok,measured,3,20270825,100000,10,100,spread,32,a74710e5f8cf1f176718c5b779baddb57dfd2a56d514d69f91c85cf401b0c83d,full-scan,full-scan,4096,67.7559,65.2011,577.339,127.8383,56100011,153993216,"external parent process-tree RSS sampler (psutil, 10 ms; isolated trial)",100010,keys,995,True,,3.14.3,Windows-11-10.0.26200-SP0,
7090860464db41bbb96f5e3ef384c270,2026-09-23T05:38:20.412201+00:00,evaluation,large-sparse,Snapshot,ok,measured,4,20270825,100000,10,100,spread,32,a74710e5f8cf1f176718c5b779baddb57dfd2a56d514d69f91c85cf401b0c83d,full-scan,full-scan,4096,60.375,62.7138,556.3775,119.0619,56100011,152113152,"external parent process-tree RSS sampler (psutil, 10 ms; isolated trial)",100010,keys,995,True,,3.14.3,Windows-11-10.0.26200-SP0,
7090860464db41bbb96f5e3ef384c270,2026-09-23T05:38:23.429233+00:00,evaluation,large-sparse,Snapshot,ok,measured,5,20270825,100000,10,100,spread,32,a74710e5f8cf1f176718c5b779baddb57dfd2a56d514d69f91c85cf401b0c83d,full-scan,full-scan,4096,68.2213,60.47665,561.7525,143.5986,56100011,153911296,"external parent process-tree RSS sampler (psutil, 10 ms; isolated trial)",100010,keys,995,True,,3.14.3,Windows-11-10.0.26200-SP0,
7090860464db41bbb96f5e3ef384c270,2026-09-23T05:38:27.020131+00:00,evaluation,large-sparse,Snapshot,ok,measured,6,20270825,100000,10,100,spread,32,a74710e5f8cf1f176718c5b779baddb57dfd2a56d514d69f91c85cf401b0c83d,full-scan,full-scan,4096,89.3282,77.8266,636.9405,143.2199,56100011,149737472,"external parent process-tree RSS sampler (psutil, 10 ms; isolated trial)",100010,keys,995,True,,3.14.3,Windows-11-10.0.26200-SP0,
7090860464db41bbb96f5e3ef384c270,2026-09-23T05:38:30.235976+00:00,evaluation,large-sparse,Snapshot,ok,measured,7,20270825,100000,10,100,spread,32,a74710e5f8cf1f176718c5b779baddb57dfd2a56d514d69f91c85cf401b0c83d,full-scan,full-scan,4096,55.2923,63.82085000000001,607.2481,224.7172,56100011,149680128,"external parent process-tree RSS sampler (psutil, 10 ms; isolated trial)",100010,keys,995,True,,3.14.3,Windows-11-10.0.26200-SP0,
7090860464db41bbb96f5e3ef384c270,2026-09-23T05:38:32.348028+00:00,evaluation,large-sparse,Log-only,ok,warmup,1,20270825,100000,10,100,spread,32,a74710e5f8cf1f176718c5b779baddb57dfd2a56d514d69f91c85cf401b0c83d,operation-log,operation-log,4096,69.1224,3.32875,29.6415,183.6985,5241683,149995520,"external parent process-tree RSS sampler (psutil, 10 ms; isolated trial)",1000,operations,995,True,,3.14.3,Windows-11-10.0.26200-SP0,
7090860464db41bbb96f5e3ef384c270,2026-09-23T05:38:34.159447+00:00,evaluation,large-sparse,Log-only,ok,warmup,2,20270825,100000,10,100,spread,32,a74710e5f8cf1f176718c5b779baddb57dfd2a56d514d69f91c85cf401b0c83d,operation-log,operation-log,4096,73.2877,3.0707,22.5757,149.5767,5241683,149778432,"external parent process-tree RSS sampler (psutil, 10 ms; isolated trial)",1000,operations,995,True,,3.14.3,Windows-11-10.0.26200-SP0,
7090860464db41bbb96f5e3ef384c270,2026-09-23T05:38:35.923282+00:00,evaluation,large-sparse,Log-only,ok,measured,1,20270825,100000,10,100,spread,32,a74710e5f8cf1f176718c5b779baddb57dfd2a56d514d69f91c85cf401b0c83d,operation-log,operation-log,4096,71.0359,3.0148,39.1276,143.7679,5241683,157335552,"external parent process-tree RSS sampler (psutil, 10 ms; isolated trial)",1000,operations,995,True,,3.14.3,Windows-11-10.0.26200-SP0,
7090860464db41bbb96f5e3ef384c270,2026-09-23T05:38:37.483090+00:00,evaluation,large-sparse,Log-only,ok,measured,2,20270825,100000,10,100,spread,32,a74710e5f8cf1f176718c5b779baddb57dfd2a56d514d69f91c85cf401b0c83d,operation-log,operation-log,4096,56.0657,2.97215,25.4746,150.638,5241683,158097408,"external parent process-tree RSS sampler (psutil, 10 ms; isolated trial)",1000,operations,995,True,,3.14.3,Windows-11-10.0.26200-SP0,
7090860464db41bbb96f5e3ef384c270,2026-09-23T05:38:39.119611+00:00,evaluation,large-sparse,Log-only,ok,measured,3,20270825,100000,10,100,spread,32,a74710e5f8cf1f176718c5b779baddb57dfd2a56d514d69f91c85cf401b0c83d,operation-log,operation-log,4096,58.2516,3.20535,33.7151,235.8569,5241683,159793152,"external parent process-tree RSS sampler (psutil, 10 ms; isolated trial)",1000,operations,995,True,,3.14.3,Windows-11-10.0.26200-SP0,
7090860464db41bbb96f5e3ef384c270,2026-09-23T05:38:41.041393+00:00,evaluation,large-sparse,Log-only,ok,measured,4,20270825,100000,10,100,spread,32,a74710e5f8cf1f176718c5b779baddb57dfd2a56d514d69f91c85cf401b0c83d,operation-log,operation-log,4096,65.0846,3.2567500000000003,39.4028,144.6703,5241683,149827584,"external parent process-tree RSS sampler (psutil, 10 ms; isolated trial)",1000,operations,995,True,,3.14.3,Windows-11-10.0.26200-SP0,
7090860464db41bbb96f5e3ef384c270,2026-09-23T05:38:42.736772+00:00,evaluation,large-sparse,Log-only,ok,measured,5,20270825,100000,10,100,spread,32,a74710e5f8cf1f176718c5b779baddb57dfd2a56d514d69f91c85cf401b0c83d,operation-log,operation-log,4096,74.3387,3.18045,31.3196,141.4028,5241683,150093824,"external parent process-tree RSS sampler (psutil, 10 ms; isolated trial)",1000,operations,995,True,,3.14.3,Windows-11-10.0.26200-SP0,
7090860464db41bbb96f5e3ef384c270,2026-09-23T05:38:44.850090+00:00,evaluation,large-sparse,Log-only,ok,measured,6,20270825,100000,10,100,spread,32,a74710e5f8cf1f176718c5b779baddb57dfd2a56d514d69f91c85cf401b0c83d,operation-log,operation-log,4096,61.7089,3.0429,28.2206,220.4774,5241683,158318592,"external parent process-tree RSS sampler (psutil, 10 ms; isolated trial)",1000,operations,995,True,,3.14.3,Windows-11-10.0.26200-SP0,
7090860464db41bbb96f5e3ef384c270,2026-09-23T05:38:46.536781+00:00,evaluation,large-sparse,Log-only,ok,measured,7,20270825,100000,10,100,spread,32,a74710e5f8cf1f176718c5b779baddb57dfd2a56d514d69f91c85cf401b0c83d,operation-log,operation-log,4096,58.8359,3.03415,27.2733,148.7976,5241683,162344960,"external parent process-tree RSS sampler (psutil, 10 ms; isolated trial)",1000,operations,995,True,,3.14.3,Windows-11-10.0.26200-SP0,
7090860464db41bbb96f5e3ef384c270,2026-09-23T05:38:55.320671+00:00,evaluation,large-sparse,Revon-M (forced Merkle),ok,warmup,1,20270825,100000,10,100,spread,32,a74710e5f8cf1f176718c5b779baddb57dfd2a56d514d69f91c85cf401b0c83d,merkle,merkle,4096,2918.5006,265.3028,76.7934,272.2543,36098048,176898048,"external parent process-tree RSS sampler (psutil, 10 ms; isolated trial)",4169,tree node pairs,995,True,,3.14.3,Windows-11-10.0.26200-SP0,
7090860464db41bbb96f5e3ef384c270,2026-09-23T05:39:00.985233+00:00,evaluation,large-sparse,Revon-M (forced Merkle),ok,warmup,2,20270825,100000,10,100,spread,32,a74710e5f8cf1f176718c5b779baddb57dfd2a56d514d69f91c85cf401b0c83d,merkle,merkle,4096,1341.7606,164.3986,74.1676,272.2296,36073472,180948992,"external parent process-tree RSS sampler (psutil, 10 ms; isolated trial)",4169,tree node pairs,995,True,,3.14.3,Windows-11-10.0.26200-SP0,
7090860464db41bbb96f5e3ef384c270,2026-09-23T05:39:05.937075+00:00,evaluation,large-sparse,Revon-M (forced Merkle),ok,measured,1,20270825,100000,10,100,spread,32,a74710e5f8cf1f176718c5b779baddb57dfd2a56d514d69f91c85cf401b0c83d,merkle,merkle,4096,1211.0187,123.95185,52.9248,192.7853,36077568,182460416,"external parent process-tree RSS sampler (psutil, 10 ms; isolated trial)",4169,tree node pairs,995,True,,3.14.3,Windows-11-10.0.26200-SP0,
7090860464db41bbb96f5e3ef384c270,2026-09-23T05:39:11.303603+00:00,evaluation,large-sparse,Revon-M (forced Merkle),ok,measured,2,20270825,100000,10,100,spread,32,a74710e5f8cf1f176718c5b779baddb57dfd2a56d514d69f91c85cf401b0c83d,merkle,merkle,4096,1314.562,129.37055,79.8706,290.6018,36081664,176472064,"external parent process-tree RSS sampler (psutil, 10 ms; isolated trial)",4169,tree node pairs,995,True,,3.14.3,Windows-11-10.0.26200-SP0,
7090860464db41bbb96f5e3ef384c270,2026-09-23T05:39:17.831038+00:00,evaluation,large-sparse,Revon-M (forced Merkle),ok,measured,3,20270825,100000,10,100,spread,32,a74710e5f8cf1f176718c5b779baddb57dfd2a56d514d69f91c85cf401b0c83d,merkle,merkle,4096,1676.0073,202.70495,62.9109,218.8142,36114432,185040896,"external parent process-tree RSS sampler (psutil, 10 ms; isolated trial)",4169,tree node pairs,995,True,,3.14.3,Windows-11-10.0.26200-SP0,
7090860464db41bbb96f5e3ef384c270,2026-09-23T05:39:29.120729+00:00,evaluation,large-sparse,Revon-M (forced Merkle),ok,measured,4,20270825,100000,10,100,spread,32,a74710e5f8cf1f176718c5b779baddb57dfd2a56d514d69f91c85cf401b0c83d,merkle,merkle,4096,3788.5753,290.7862,71.5875,361.6302,36106240,186597376,"external parent process-tree RSS sampler (psutil, 10 ms; isolated trial)",4169,tree node pairs,995,True,,3.14.3,Windows-11-10.0.26200-SP0,
7090860464db41bbb96f5e3ef384c270,2026-09-23T05:39:35.631012+00:00,evaluation,large-sparse,Revon-M (forced Merkle),ok,measured,5,20270825,100000,10,100,spread,32,a74710e5f8cf1f176718c5b779baddb57dfd2a56d514d69f91c85cf401b0c83d,merkle,merkle,4096,1537.994,204.17955,66.3898,315.067,36093952,185008128,"external parent process-tree RSS sampler (psutil, 10 ms; isolated trial)",4169,tree node pairs,995,True,,3.14.3,Windows-11-10.0.26200-SP0,
7090860464db41bbb96f5e3ef384c270,2026-09-23T05:39:46.372786+00:00,evaluation,large-sparse,Revon-M (forced Merkle),ok,measured,6,20270825,100000,10,100,spread,32,a74710e5f8cf1f176718c5b779baddb57dfd2a56d514d69f91c85cf401b0c83d,merkle,merkle,4096,3297.9302,276.42605000000003,105.3986,325.2529,36110336,184983552,"external parent process-tree RSS sampler (psutil, 10 ms; isolated trial)",4169,tree node pairs,995,True,,3.14.3,Windows-11-10.0.26200-SP0,
7090860464db41bbb96f5e3ef384c270,2026-09-23T05:39:56.833565+00:00,evaluation,large-sparse,Revon-M (forced Merkle),ok,measured,7,20270825,100000,10,100,spread,32,a74710e5f8cf1f176718c5b779baddb57dfd2a56d514d69f91c85cf401b0c83d,merkle,merkle,4096,3627.8357,253.9447,70.8251,338.6044,36110336,184930304,"external parent process-tree RSS sampler (psutil, 10 ms; isolated trial)",4169,tree node pairs,995,True,,3.14.3,Windows-11-10.0.26200-SP0,
7090860464db41bbb96f5e3ef384c270,2026-09-23T05:40:03.970067+00:00,evaluation,large-sparse,Revon-H,ok,warmup,1,20270825,100000,10,100,spread,32,a74710e5f8cf1f176718c5b779baddb57dfd2a56d514d69f91c85cf401b0c83d,hybrid,log,4096,1309.0027,253.43595,66.2736,270.9082,36118528,184901632,"external parent process-tree RSS sampler (psutil, 10 ms; isolated trial)",1000,log operations,995,True,,3.14.3,Windows-11-10.0.26200-SP0,
7090860464db41bbb96f5e3ef384c270,2026-09-23T05:40:11.706096+00:00,evaluation,large-sparse,Revon-H,ok,warmup,2,20270825,100000,10,100,spread,32,a74710e5f8cf1f176718c5b779baddb57dfd2a56d514d69f91c85cf401b0c83d,hybrid,log,4096,1892.2351,216.17115,58.2265,353.5306,36134912,184999936,"external parent process-tree RSS sampler (psutil, 10 ms; isolated trial)",1000,log operations,995,True,,3.14.3,Windows-11-10.0.26200-SP0,
7090860464db41bbb96f5e3ef384c270,2026-09-23T05:40:19.793550+00:00,evaluation,large-sparse,Revon-H,ok,measured,1,20270825,100000,10,100,spread,32,a74710e5f8cf1f176718c5b779baddb57dfd2a56d514d69f91c85cf401b0c83d,hybrid,log,4096,2042.6636,245.78355,46.8749,322.237,36073472,185085952,"external parent process-tree RSS sampler (psutil, 10 ms; isolated trial)",1000,log operations,995,True,,3.14.3,Windows-11-10.0.26200-SP0,
7090860464db41bbb96f5e3ef384c270,2026-09-23T05:40:30.017627+00:00,evaluation,large-sparse,Revon-H,ok,measured,2,20270825,100000,10,100,spread,32,a74710e5f8cf1f176718c5b779baddb57dfd2a56d514d69f91c85cf401b0c83d,hybrid,log,4096,2626.7226,304.24735,48.3926,263.4486,36106240,185094144,"external parent process-tree RSS sampler (psutil, 10 ms; isolated trial)",1000,log operations,995,True,,3.14.3,Windows-11-10.0.26200-SP0,
7090860464db41bbb96f5e3ef384c270,2026-09-23T05:40:37.136264+00:00,evaluation,large-sparse,Revon-H,ok,measured,3,20270825,100000,10,100,spread,32,a74710e5f8cf1f176718c5b779baddb57dfd2a56d514d69f91c85cf401b0c83d,hybrid,log,4096,2047.5218,183.0741,62.5596,307.6442,36106240,186490880,"external parent process-tree RSS sampler (psutil, 10 ms; isolated trial)",1000,log operations,995,True,,3.14.3,Windows-11-10.0.26200-SP0,
7090860464db41bbb96f5e3ef384c270,2026-09-23T05:40:46.492217+00:00,evaluation,large-sparse,Revon-H,ok,measured,4,20270825,100000,10,100,spread,32,a74710e5f8cf1f176718c5b779baddb57dfd2a56d514d69f91c85cf401b0c83d,hybrid,log,4096,2866.2706,266.1547,50.9161,281.5028,36093952,185368576,"external parent process-tree RSS sampler (psutil, 10 ms; isolated trial)",1000,log operations,995,True,,3.14.3,Windows-11-10.0.26200-SP0,
7090860464db41bbb96f5e3ef384c270,2026-09-23T05:40:53.628299+00:00,evaluation,large-sparse,Revon-H,ok,measured,5,20270825,100000,10,100,spread,32,a74710e5f8cf1f176718c5b779baddb57dfd2a56d514d69f91c85cf401b0c83d,hybrid,log,4096,1568.4436,204.01010000000002,47.053,317.6452,36114432,176971776,"external parent process-tree RSS sampler (psutil, 10 ms; isolated trial)",1000,log operations,995,True,,3.14.3,Windows-11-10.0.26200-SP0,
7090860464db41bbb96f5e3ef384c270,2026-09-23T05:41:00.817789+00:00,evaluation,large-sparse,Revon-H,ok,measured,6,20270825,100000,10,100,spread,32,a74710e5f8cf1f176718c5b779baddb57dfd2a56d514d69f91c85cf401b0c83d,hybrid,log,4096,1368.9219,219.5208,79.9725,438.2456,36122624,184979456,"external parent process-tree RSS sampler (psutil, 10 ms; isolated trial)",1000,log operations,995,True,,3.14.3,Windows-11-10.0.26200-SP0,
7090860464db41bbb96f5e3ef384c270,2026-09-23T05:41:06.901182+00:00,evaluation,large-sparse,Revon-H,ok,measured,7,20270825,100000,10,100,spread,32,a74710e5f8cf1f176718c5b779baddb57dfd2a56d514d69f91c85cf401b0c83d,hybrid,log,4096,1435.2814,180.56844999999998,38.5981,197.4255,36102144,184946688,"external parent process-tree RSS sampler (psutil, 10 ms; isolated trial)",1000,log operations,995,True,,3.14.3,Windows-11-10.0.26200-SP0,
7090860464db41bbb96f5e3ef384c270,2026-09-23T05:41:23.357006+00:00,evaluation,large-sparse,Dolt,ok,warmup,1,20270825,100000,10,100,spread,32,a74710e5f8cf1f176718c5b779baddb57dfd2a56d514d69f91c85cf401b0c83d,dolt-native,dolt-native,4096,2061.3997,983.9391,377.9992,846.8469,8793164,239792128,"external parent process-tree RSS sampler (psutil, 10 ms; isolated trial)",,not exposed by Dolt CLI,995,True,,3.14.3,Windows-11-10.0.26200-SP0,dolt version 2.3.1 Warning: you are on an old version of Dolt. The newest version is 2.3.5.
7090860464db41bbb96f5e3ef384c270,2026-09-23T05:41:51.952695+00:00,evaluation,large-sparse,Dolt,ok,warmup,2,20270825,100000,10,100,spread,32,a74710e5f8cf1f176718c5b779baddb57dfd2a56d514d69f91c85cf401b0c83d,dolt-native,dolt-native,4096,2115.8376,1712.8687,1520.5423,1632.2629,8794870,245305344,"external parent process-tree RSS sampler (psutil, 10 ms; isolated trial)",,not exposed by Dolt CLI,995,True,,3.14.3,Windows-11-10.0.26200-SP0,dolt version 2.3.1 Warning: you are on an old version of Dolt. The newest version is 2.3.5.
7090860464db41bbb96f5e3ef384c270,2026-09-23T05:42:20.771006+00:00,evaluation,large-sparse,Dolt,ok,measured,1,20270825,100000,10,100,spread,32,a74710e5f8cf1f176718c5b779baddb57dfd2a56d514d69f91c85cf401b0c83d,dolt-native,dolt-native,4096,3855.9664,1972.27285,353.5541,757.9391,8794499,238850048,"external parent process-tree RSS sampler (psutil, 10 ms; isolated trial)",,not exposed by Dolt CLI,995,True,,3.14.3,Windows-11-10.0.26200-SP0,dolt version 2.3.1 Warning: you are on an old version of Dolt. The newest version is 2.3.5.
7090860464db41bbb96f5e3ef384c270,2026-09-23T05:42:51.412668+00:00,evaluation,large-sparse,Dolt,ok,measured,2,20270825,100000,10,100,spread,32,a74710e5f8cf1f176718c5b779baddb57dfd2a56d514d69f91c85cf401b0c83d,dolt-native,dolt-native,4096,2584.3783,1970.13505,1690.7562,2319.338,8794937,246677504,"external parent process-tree RSS sampler (psutil, 10 ms; isolated trial)",,not exposed by Dolt CLI,995,True,,3.14.3,Windows-11-10.0.26200-SP0,dolt version 2.3.1 Warning: you are on an old version of Dolt. The newest version is 2.3.5.
7090860464db41bbb96f5e3ef384c270,2026-09-23T05:43:16.560118+00:00,evaluation,large-sparse,Dolt,ok,measured,3,20270825,100000,10,100,spread,32,a74710e5f8cf1f176718c5b779baddb57dfd2a56d514d69f91c85cf401b0c83d,dolt-native,dolt-native,4096,4094.3469,1285.97485,610.7289,1385.113,8794251,246771712,"external parent process-tree RSS sampler (psutil, 10 ms; isolated trial)",,not exposed by Dolt CLI,995,True,,3.14.3,Windows-11-10.0.26200-SP0,dolt version 2.3.1 Warning: you are on an old version of Dolt. The newest version is 2.3.5.
7090860464db41bbb96f5e3ef384c270,2026-09-23T05:43:36.263869+00:00,evaluation,large-sparse,Dolt,ok,measured,4,20270825,100000,10,100,spread,32,a74710e5f8cf1f176718c5b779baddb57dfd2a56d514d69f91c85cf401b0c83d,dolt-native,dolt-native,4096,2891.9449,1138.7568999999999,451.2519,891.7027,8794443,239165440,"external parent process-tree RSS sampler (psutil, 10 ms; isolated trial)",,not exposed by Dolt CLI,995,True,,3.14.3,Windows-11-10.0.26200-SP0,dolt version 2.3.1 Warning: you are on an old version of Dolt. The newest version is 2.3.5.
7090860464db41bbb96f5e3ef384c270,2026-09-23T05:43:55.392056+00:00,evaluation,large-sparse,Dolt,ok,measured,5,20270825,100000,10,100,spread,32,a74710e5f8cf1f176718c5b779baddb57dfd2a56d514d69f91c85cf401b0c83d,dolt-native,dolt-native,4096,2131.3958,1082.6934,718.4081,1302.8266,8793772,249257984,"external parent process-tree RSS sampler (psutil, 10 ms; isolated trial)",,not exposed by Dolt CLI,995,True,,3.14.3,Windows-11-10.0.26200-SP0,dolt version 2.3.1 Warning: you are on an old version of Dolt. The newest version is 2.3.5.
7090860464db41bbb96f5e3ef384c270,2026-09-23T05:44:14.559185+00:00,evaluation,large-sparse,Dolt,ok,measured,6,20270825,100000,10,100,spread,32,a74710e5f8cf1f176718c5b779baddb57dfd2a56d514d69f91c85cf401b0c83d,dolt-native,dolt-native,4096,2380.9492,1199.9922000000001,389.6876,948.2395,8793592,241782784,"external parent process-tree RSS sampler (psutil, 10 ms; isolated trial)",,not exposed by Dolt CLI,995,True,,3.14.3,Windows-11-10.0.26200-SP0,dolt version 2.3.1 Warning: you are on an old version of Dolt. The newest version is 2.3.5.
7090860464db41bbb96f5e3ef384c270,2026-09-23T05:44:31.624860+00:00,evaluation,large-sparse,Dolt,ok,measured,7,20270825,100000,10,100,spread,32,a74710e5f8cf1f176718c5b779baddb57dfd2a56d514d69f91c85cf401b0c83d,dolt-native,dolt-native,4096,2179.9365,994.8965499999999,491.7939,833.1377,8794271,252039168,"external parent process-tree RSS sampler (psutil, 10 ms; isolated trial)",,not exposed by Dolt CLI,995,True,,3.14.3,Windows-11-10.0.26200-SP0,dolt version 2.3.1 Warning: you are on an old version of Dolt. The newest version is 2.3.5.
7090860464db41bbb96f5e3ef384c270,2026-09-23T05:44:35.285826+00:00,evaluation,large-hot,Snapshot,ok,warmup,1,20270826,100000,10,100,hot,32,3c4c8d842d2ea99f124b6054107cce1a851fd9dcf95b7098f70748f6f3245882,full-scan,full-scan,4096,60.2694,64.38560000000001,652.8365,144.1716,56100011,156131328,"external parent process-tree RSS sampler (psutil, 10 ms; isolated trial)",100010,keys,671,True,,3.14.3,Windows-11-10.0.26200-SP0,
7090860464db41bbb96f5e3ef384c270,2026-09-23T05:44:38.317257+00:00,evaluation,large-hot,Snapshot,ok,warmup,2,20270826,100000,10,100,hot,32,3c4c8d842d2ea99f124b6054107cce1a851fd9dcf95b7098f70748f6f3245882,full-scan,full-scan,4096,58.9351,72.56184999999999,514.48,136.1206,56100011,151994368,"external parent process-tree RSS sampler (psutil, 10 ms; isolated trial)",100010,keys,671,True,,3.14.3,Windows-11-10.0.26200-SP0,
7090860464db41bbb96f5e3ef384c270,2026-09-23T05:44:41.160031+00:00,evaluation,large-hot,Snapshot,ok,measured,1,20270826,100000,10,100,hot,32,3c4c8d842d2ea99f124b6054107cce1a851fd9dcf95b7098f70748f6f3245882,full-scan,full-scan,4096,81.3318,66.85745,596.2981,143.5926,56100011,156303360,"external parent process-tree RSS sampler (psutil, 10 ms; isolated trial)",100010,keys,671,True,,3.14.3,Windows-11-10.0.26200-SP0,
7090860464db41bbb96f5e3ef384c270,2026-09-23T05:44:43.837558+00:00,evaluation,large-hot,Snapshot,ok,measured,2,20270826,100000,10,100,hot,32,3c4c8d842d2ea99f124b6054107cce1a851fd9dcf95b7098f70748f6f3245882,full-scan,full-scan,4096,65.285,61.08395,583.7275,118.1713,56100011,161849344,"external parent process-tree RSS sampler (psutil, 10 ms; isolated trial)",100010,keys,671,True,,3.14.3,Windows-11-10.0.26200-SP0,
7090860464db41bbb96f5e3ef384c270,2026-09-23T05:44:46.791546+00:00,evaluation,large-hot,Snapshot,ok,measured,3,20270826,100000,10,100,hot,32,3c4c8d842d2ea99f124b6054107cce1a851fd9dcf95b7098f70748f6f3245882,full-scan,full-scan,4096,67.1163,62.45835,624.4308,165.1616,56100011,158240768,"external parent process-tree RSS sampler (psutil, 10 ms; isolated trial)",100010,keys,671,True,,3.14.3,Windows-11-10.0.26200-SP0,
7090860464db41bbb96f5e3ef384c270,2026-09-23T05:44:49.609389+00:00,evaluation,large-hot,Snapshot,ok,measured,4,20270826,100000,10,100,hot,32,3c4c8d842d2ea99f124b6054107cce1a851fd9dcf95b7098f70748f6f3245882,full-scan,full-scan,4096,66.3466,63.41775,503.7236,116.3916,56100011,162086912,"external parent process-tree RSS sampler (psutil, 10 ms; isolated trial)",100010,keys,671,True,,3.14.3,Windows-11-10.0.26200-SP0,
7090860464db41bbb96f5e3ef384c270,2026-09-23T05:44:52.033600+00:00,evaluation,large-hot,Snapshot,ok,measured,5,20270826,100000,10,100,hot,32,3c4c8d842d2ea99f124b6054107cce1a851fd9dcf95b7098f70748f6f3245882,full-scan,full-scan,4096,49.5505,55.3103,526.2519,105.2939,56100011,162082816,"external parent process-tree RSS sampler (psutil, 10 ms; isolated trial)",100010,keys,671,True,,3.14.3,Windows-11-10.0.26200-SP0,
7090860464db41bbb96f5e3ef384c270,2026-09-23T05:44:54.484540+00:00,evaluation,large-hot,Snapshot,ok,measured,6,20270826,100000,10,100,hot,32,3c4c8d842d2ea99f124b6054107cce1a851fd9dcf95b7098f70748f6f3245882,full-scan,full-scan,4096,70.4591,52.65445,517.9125,116.0244,56100011,161910784,"external parent process-tree RSS sampler (psutil, 10 ms; isolated trial)",100010,keys,671,True,,3.14.3,Windows-11-10.0.26200-SP0,
7090860464db41bbb96f5e3ef384c270,2026-09-23T05:44:56.937327+00:00,evaluation,large-hot,Snapshot,ok,measured,7,20270826,100000,10,100,hot,32,3c4c8d842d2ea99f124b6054107cce1a851fd9dcf95b7098f70748f6f3245882,full-scan,full-scan,4096,52.8269,56.0911,524.9279,111.9773,56100011,157753344,"external parent process-tree RSS sampler (psutil, 10 ms; isolated trial)",100010,keys,671,True,,3.14.3,Windows-11-10.0.26200-SP0,
7090860464db41bbb96f5e3ef384c270,2026-09-23T05:44:58.412346+00:00,evaluation,large-hot,Log-only,ok,warmup,1,20270826,100000,10,100,hot,32,3c4c8d842d2ea99f124b6054107cce1a851fd9dcf95b7098f70748f6f3245882,operation-log,operation-log,4096,57.5854,2.94475,25.0143,128.4759,5241683,158248960,"external parent process-tree RSS sampler (psutil, 10 ms; isolated trial)",1000,operations,671,True,,3.14.3,Windows-11-10.0.26200-SP0,
7090860464db41bbb96f5e3ef384c270,2026-09-23T05:45:00.052795+00:00,evaluation,large-hot,Log-only,ok,warmup,2,20270826,100000,10,100,hot,32,3c4c8d842d2ea99f124b6054107cce1a851fd9dcf95b7098f70748f6f3245882,operation-log,operation-log,4096,57.5991,3.0219,27.3281,142.9004,5241683,149512192,"external parent process-tree RSS sampler (psutil, 10 ms; isolated trial)",1000,operations,671,True,,3.14.3,Windows-11-10.0.26200-SP0,
7090860464db41bbb96f5e3ef384c270,2026-09-23T05:45:01.607798+00:00,evaluation,large-hot,Log-only,ok,measured,1,20270826,100000,10,100,hot,32,3c4c8d842d2ea99f124b6054107cce1a851fd9dcf95b7098f70748f6f3245882,operation-log,operation-log,4096,67.5163,3.2948500000000003,26.6247,133.0532,5241683,149979136,"external parent process-tree RSS sampler (psutil, 10 ms; isolated trial)",1000,operations,671,True,,3.14.3,Windows-11-10.0.26200-SP0,
7090860464db41bbb96f5e3ef384c270,2026-09-23T05:45:03.569028+00:00,evaluation,large-hot,Log-only,ok,measured,2,20270826,100000,10,100,hot,32,3c4c8d842d2ea99f124b6054107cce1a851fd9dcf95b7098f70748f6f3245882,operation-log,operation-log,4096,78.9415,3.8555,33.5359,233.9738,5241683,158257152,"external parent process-tree RSS sampler (psutil, 10 ms; isolated trial)",1000,operations,671,True,,3.14.3,Windows-11-10.0.26200-SP0,
7090860464db41bbb96f5e3ef384c270,2026-09-23T05:45:05.762874+00:00,evaluation,large-hot,Log-only,ok,measured,3,20270826,100000,10,100,hot,32,3c4c8d842d2ea99f124b6054107cce1a851fd9dcf95b7098f70748f6f3245882,operation-log,operation-log,4096,84.8555,3.22595,31.5238,171.3852,5241683,149647360,"external parent process-tree RSS sampler (psutil, 10 ms; isolated trial)",1000,operations,671,True,,3.14.3,Windows-11-10.0.26200-SP0,
7090860464db41bbb96f5e3ef384c270,2026-09-23T05:45:07.644543+00:00,evaluation,large-hot,Log-only,ok,measured,4,20270826,100000,10,100,hot,32,3c4c8d842d2ea99f124b6054107cce1a851fd9dcf95b7098f70748f6f3245882,operation-log,operation-log,4096,62.8732,3.1656,30.244,169.0115,5241683,157466624,"external parent process-tree RSS sampler (psutil, 10 ms; isolated trial)",1000,operations,671,True,,3.14.3,Windows-11-10.0.26200-SP0,
7090860464db41bbb96f5e3ef384c270,2026-09-23T05:45:09.413007+00:00,evaluation,large-hot,Log-only,ok,measured,5,20270826,100000,10,100,hot,32,3c4c8d842d2ea99f124b6054107cce1a851fd9dcf95b7098f70748f6f3245882,operation-log,operation-log,4096,77.5946,2.92305,27.1524,155.4804,5241683,149807104,"external parent process-tree RSS sampler (psutil, 10 ms; isolated trial)",1000,operations,671,True,,3.14.3,Windows-11-10.0.26200-SP0,
7090860464db41bbb96f5e3ef384c270,2026-09-23T05:45:11.460578+00:00,evaluation,large-hot,Log-only,ok,measured,6,20270826,100000,10,100,hot,32,3c4c8d842d2ea99f124b6054107cce1a851fd9dcf95b7098f70748f6f3245882,operation-log,operation-log,4096,83.1122,3.1833,28.5191,174.0452,5241683,159281152,"external parent process-tree RSS sampler (psutil, 10 ms; isolated trial)",1000,operations,671,True,,3.14.3,Windows-11-10.0.26200-SP0,
7090860464db41bbb96f5e3ef384c270,2026-09-23T05:45:13.305420+00:00,evaluation,large-hot,Log-only,ok,measured,7,20270826,100000,10,100,hot,32,3c4c8d842d2ea99f124b6054107cce1a851fd9dcf95b7098f70748f6f3245882,operation-log,operation-log,4096,89.56,3.0963000000000003,32.2612,166.0573,5241683,149737472,"external parent process-tree RSS sampler (psutil, 10 ms; isolated trial)",1000,operations,671,True,,3.14.3,Windows-11-10.0.26200-SP0,
7090860464db41bbb96f5e3ef384c270,2026-09-23T05:45:20.016747+00:00,evaluation,large-hot,Revon-M (forced Merkle),ok,warmup,1,20270826,100000,10,100,hot,32,3c4c8d842d2ea99f124b6054107cce1a851fd9dcf95b7098f70748f6f3245882,merkle,merkle,4096,1536.0219,221.2369,67.6995,255.5875,36118528,180408320,"external parent process-tree RSS sampler (psutil, 10 ms; isolated trial)",3489,tree node pairs,671,True,,3.14.3,Windows-11-10.0.26200-SP0,
7090860464db41bbb96f5e3ef384c270,2026-09-23T05:45:26.149440+00:00,evaluation,large-hot,Revon-M (forced Merkle),ok,warmup,2,20270826,100000,10,100,hot,32,3c4c8d842d2ea99f124b6054107cce1a851fd9dcf95b7098f70748f6f3245882,merkle,merkle,4096,1398.6179,158.4906,58.7683,250.6197,36081664,185638912,"external parent process-tree RSS sampler (psutil, 10 ms; isolated trial)",3489,tree node pairs,671,True,,3.14.3,Windows-11-10.0.26200-SP0,
7090860464db41bbb96f5e3ef384c270,2026-09-23T05:45:32.552376+00:00,evaluation,large-hot,Revon-M (forced Merkle),ok,measured,1,20270826,100000,10,100,hot,32,3c4c8d842d2ea99f124b6054107cce1a851fd9dcf95b7098f70748f6f3245882,merkle,merkle,4096,1583.5192,204.4437,56.6805,308.5543,36139008,184774656,"external parent process-tree RSS sampler (psutil, 10 ms; isolated trial)",3489,tree node pairs,671,True,,3.14.3,Windows-11-10.0.26200-SP0,
7090860464db41bbb96f5e3ef384c270,2026-09-23T05:45:39.273739+00:00,evaluation,large-hot,Revon-M (forced Merkle),ok,measured,2,20270826,100000,10,100,hot,32,3c4c8d842d2ea99f124b6054107cce1a851fd9dcf95b7098f70748f6f3245882,merkle,merkle,4096,1483.8958,210.7554,86.2759,296.4966,36110336,176291840,"external parent process-tree RSS sampler (psutil, 10 ms; isolated trial)",3489,tree node pairs,671,True,,3.14.3,Windows-11-10.0.26200-SP0,
7090860464db41bbb96f5e3ef384c270,2026-09-23T05:45:46.512829+00:00,evaluation,large-hot,Revon-M (forced Merkle),ok,measured,3,20270826,100000,10,100,hot,32,3c4c8d842d2ea99f124b6054107cce1a851fd9dcf95b7098f70748f6f3245882,merkle,merkle,4096,1720.6896,194.6715,86.9998,321.0085,36134912,180224000,"external parent process-tree RSS sampler (psutil, 10 ms; isolated trial)",3489,tree node pairs,671,True,,3.14.3,Windows-11-10.0.26200-SP0,
7090860464db41bbb96f5e3ef384c270,2026-09-23T05:45:55.520441+00:00,evaluation,large-hot,Revon-M (forced Merkle),ok,measured,4,20270826,100000,10,100,hot,32,3c4c8d842d2ea99f124b6054107cce1a851fd9dcf95b7098f70748f6f3245882,merkle,merkle,4096,1958.0535,273.5864,73.8169,338.4639,36081664,176406528,"external parent process-tree RSS sampler (psutil, 10 ms; isolated trial)",3489,tree node pairs,671,True,,3.14.3,Windows-11-10.0.26200-SP0,
7090860464db41bbb96f5e3ef384c270,2026-09-23T05:46:03.774106+00:00,evaluation,large-hot,Revon-M (forced Merkle),ok,measured,5,20270826,100000,10,100,hot,32,3c4c8d842d2ea99f124b6054107cce1a851fd9dcf95b7098f70748f6f3245882,merkle,merkle,4096,2000.0993,269.93925,66.9332,273.7742,36048896,184774656,"external parent process-tree RSS sampler (psutil, 10 ms; isolated trial)",3489,tree node pairs,671,True,,3.14.3,Windows-11-10.0.26200-SP0,
7090860464db41bbb96f5e3ef384c270,2026-09-23T05:46:10.521083+00:00,evaluation,large-hot,Revon-M (forced Merkle),ok,measured,6,20270826,100000,10,100,hot,32,3c4c8d842d2ea99f124b6054107cce1a851fd9dcf95b7098f70748f6f3245882,merkle,merkle,4096,1528.2602,204.48765,52.7971,232.7069,36098048,188837888,"external parent process-tree RSS sampler (psutil, 10 ms; isolated trial)",3489,tree node pairs,671,True,,3.14.3,Windows-11-10.0.26200-SP0,
7090860464db41bbb96f5e3ef384c270,2026-09-23T05:46:15.660478+00:00,evaluation,large-hot,Revon-M (forced Merkle),ok,measured,7,20270826,100000,10,100,hot,32,3c4c8d842d2ea99f124b6054107cce1a851fd9dcf95b7098f70748f6f3245882,merkle,merkle,4096,1314.8297,119.15334999999999,43.7768,213.411,36147200,176201728,"external parent process-tree RSS sampler (psutil, 10 ms; isolated trial)",3489,tree node pairs,671,True,,3.14.3,Windows-11-10.0.26200-SP0,
7090860464db41bbb96f5e3ef384c270,2026-09-23T05:46:22.224264+00:00,evaluation,large-hot,Revon-H,ok,warmup,1,20270826,100000,10,100,hot,32,3c4c8d842d2ea99f124b6054107cce1a851fd9dcf95b7098f70748f6f3245882,hybrid,log,4096,1331.5402,221.48284999999998,53.9881,316.8271,36098048,176324608,"external parent process-tree RSS sampler (psutil, 10 ms; isolated trial)",1000,log operations,671,True,,3.14.3,Windows-11-10.0.26200-SP0,
7090860464db41bbb96f5e3ef384c270,2026-09-23T05:46:27.927759+00:00,evaluation,large-hot,Revon-H,ok,warmup,2,20270826,100000,10,100,hot,32,3c4c8d842d2ea99f124b6054107cce1a851fd9dcf95b7098f70748f6f3245882,hybrid,log,4096,1355.7843,146.9955,43.0964,234.9605,36057088,180416512,"external parent process-tree RSS sampler (psutil, 10 ms; isolated trial)",1000,log operations,671,True,,3.14.3,Windows-11-10.0.26200-SP0,
7090860464db41bbb96f5e3ef384c270,2026-09-23T05:46:33.403159+00:00,evaluation,large-hot,Revon-H,ok,measured,1,20270826,100000,10,100,hot,32,3c4c8d842d2ea99f124b6054107cce1a851fd9dcf95b7098f70748f6f3245882,hybrid,log,4096,1159.2028,166.25639999999999,43.4401,260.464,36163584,176390144,"external parent process-tree RSS sampler (psutil, 10 ms; isolated trial)",1000,log operations,671,True,,3.14.3,Windows-11-10.0.26200-SP0,
7090860464db41bbb96f5e3ef384c270,2026-09-23T05:46:38.412199+00:00,evaluation,large-hot,Revon-H,ok,measured,2,20270826,100000,10,100,hot,32,3c4c8d842d2ea99f124b6054107cce1a851fd9dcf95b7098f70748f6f3245882,hybrid,log,4096,1131.7689,105.07225,69.0165,270.3844,36102144,184791040,"external parent process-tree RSS sampler (psutil, 10 ms; isolated trial)",1000,log operations,671,True,,3.14.3,Windows-11-10.0.26200-SP0,
7090860464db41bbb96f5e3ef384c270,2026-09-23T05:46:44.879671+00:00,evaluation,large-hot,Revon-H,ok,measured,3,20270826,100000,10,100,hot,32,3c4c8d842d2ea99f124b6054107cce1a851fd9dcf95b7098f70748f6f3245882,hybrid,log,4096,1606.0946,191.19985,34.2954,239.5601,36110336,182329344,"external parent process-tree RSS sampler (psutil, 10 ms; isolated trial)",1000,log operations,671,True,,3.14.3,Windows-11-10.0.26200-SP0,
7090860464db41bbb96f5e3ef384c270,2026-09-23T05:46:49.751724+00:00,evaluation,large-hot,Revon-H,ok,measured,4,20270826,100000,10,100,hot,32,3c4c8d842d2ea99f124b6054107cce1a851fd9dcf95b7098f70748f6f3245882,hybrid,log,4096,1239.7133,104.47945,29.5152,198.723,36093952,180072448,"external parent process-tree RSS sampler (psutil, 10 ms; isolated trial)",1000,log operations,671,True,,3.14.3,Windows-11-10.0.26200-SP0,
7090860464db41bbb96f5e3ef384c270,2026-09-23T05:46:55.961193+00:00,evaluation,large-hot,Revon-H,ok,measured,5,20270826,100000,10,100,hot,32,3c4c8d842d2ea99f124b6054107cce1a851fd9dcf95b7098f70748f6f3245882,hybrid,log,4096,1740.5335,197.6542,34.9541,224.1051,36106240,184590336,"external parent process-tree RSS sampler (psutil, 10 ms; isolated trial)",1000,log operations,671,True,,3.14.3,Windows-11-10.0.26200-SP0,
7090860464db41bbb96f5e3ef384c270,2026-09-23T05:47:02.591716+00:00,evaluation,large-hot,Revon-H,ok,measured,6,20270826,100000,10,100,hot,32,3c4c8d842d2ea99f124b6054107cce1a851fd9dcf95b7098f70748f6f3245882,hybrid,log,4096,1728.6751,178.06470000000002,40.7244,289.9332,36106240,176005120,"external parent process-tree RSS sampler (psutil, 10 ms; isolated trial)",1000,log operations,671,True,,3.14.3,Windows-11-10.0.26200-SP0,
7090860464db41bbb96f5e3ef384c270,2026-09-23T05:47:08.758894+00:00,evaluation,large-hot,Revon-H,ok,measured,7,20270826,100000,10,100,hot,32,3c4c8d842d2ea99f124b6054107cce1a851fd9dcf95b7098f70748f6f3245882,hybrid,log,4096,1416.4643,175.76065,52.8689,280.83,36081664,177934336,"external parent process-tree RSS sampler (psutil, 10 ms; isolated trial)",1000,log operations,671,True,,3.14.3,Windows-11-10.0.26200-SP0,
7090860464db41bbb96f5e3ef384c270,2026-09-23T05:47:27.338355+00:00,evaluation,large-hot,Dolt,ok,warmup,1,20270826,100000,10,100,hot,32,3c4c8d842d2ea99f124b6054107cce1a851fd9dcf95b7098f70748f6f3245882,dolt-native,dolt-native,4096,2290.1861,1010.80955,633.7368,1221.3781,5584982,242798592,"external parent process-tree RSS sampler (psutil, 10 ms; isolated trial)",,not exposed by Dolt CLI,671,True,,3.14.3,Windows-11-10.0.26200-SP0,dolt version 2.3.1 Warning: you are on an old version of Dolt. The newest version is 2.3.5.
7090860464db41bbb96f5e3ef384c270,2026-09-23T05:47:46.955757+00:00,evaluation,large-hot,Dolt,ok,warmup,2,20270826,100000,10,100,hot,32,3c4c8d842d2ea99f124b6054107cce1a851fd9dcf95b7098f70748f6f3245882,dolt-native,dolt-native,4096,2447.5597,1167.0472,443.6434,1254.0309,5586106,269561856,"external parent process-tree RSS sampler (psutil, 10 ms; isolated trial)",,not exposed by Dolt CLI,671,True,,3.14.3,Windows-11-10.0.26200-SP0,dolt version 2.3.1 Warning: you are on an old version of Dolt. The newest version is 2.3.5.
7090860464db41bbb96f5e3ef384c270,2026-09-23T05:48:08.748276+00:00,evaluation,large-hot,Dolt,ok,measured,1,20270826,100000,10,100,hot,32,3c4c8d842d2ea99f124b6054107cce1a851fd9dcf95b7098f70748f6f3245882,dolt-native,dolt-native,4096,2905.6722,1331.0949500000002,363.5691,1057.0065,5585714,269148160,"external parent process-tree RSS sampler (psutil, 10 ms; isolated trial)",,not exposed by Dolt CLI,671,True,,3.14.3,Windows-11-10.0.26200-SP0,dolt version 2.3.1 Warning: you are on an old version of Dolt. The newest version is 2.3.5.
7090860464db41bbb96f5e3ef384c270,2026-09-23T05:48:27.363154+00:00,evaluation,large-hot,Dolt,ok,measured,2,20270826,100000,10,100,hot,32,3c4c8d842d2ea99f124b6054107cce1a851fd9dcf95b7098f70748f6f3245882,dolt-native,dolt-native,4096,2873.9314,1072.4499,357.0587,947.8816,5585637,252157952,"external parent process-tree RSS sampler (psutil, 10 ms; isolated trial)",,not exposed by Dolt CLI,671,True,,3.14.3,Windows-11-10.0.26200-SP0,dolt version 2.3.1 Warning: you are on an old version of Dolt. The newest version is 2.3.5.
7090860464db41bbb96f5e3ef384c270,2026-09-23T05:48:45.813820+00:00,evaluation,large-hot,Dolt,ok,measured,3,20270826,100000,10,100,hot,32,3c4c8d842d2ea99f124b6054107cce1a851fd9dcf95b7098f70748f6f3245882,dolt-native,dolt-native,4096,2546.4419,1063.8119000000002,477.7591,1074.6092,5585658,233533440,"external parent process-tree RSS sampler (psutil, 10 ms; isolated trial)",,not exposed by Dolt CLI,671,True,,3.14.3,Windows-11-10.0.26200-SP0,dolt version 2.3.1 Warning: you are on an old version of Dolt. The newest version is 2.3.5.
7090860464db41bbb96f5e3ef384c270,2026-09-23T05:49:05.039261+00:00,evaluation,large-hot,Dolt,ok,measured,4,20270826,100000,10,100,hot,32,3c4c8d842d2ea99f124b6054107cce1a851fd9dcf95b7098f70748f6f3245882,dolt-native,dolt-native,4096,2641.044,1154.2367,449.9556,1088.7014,5586090,265125888,"external parent process-tree RSS sampler (psutil, 10 ms; isolated trial)",,not exposed by Dolt CLI,671,True,,3.14.3,Windows-11-10.0.26200-SP0,dolt version 2.3.1 Warning: you are on an old version of Dolt. The newest version is 2.3.5.
7090860464db41bbb96f5e3ef384c270,2026-09-23T05:49:23.524528+00:00,evaluation,large-hot,Dolt,ok,measured,5,20270826,100000,10,100,hot,32,3c4c8d842d2ea99f124b6054107cce1a851fd9dcf95b7098f70748f6f3245882,dolt-native,dolt-native,4096,2109.6769,1125.0725,399.4963,925.3809,5585641,240062464,"external parent process-tree RSS sampler (psutil, 10 ms; isolated trial)",,not exposed by Dolt CLI,671,True,,3.14.3,Windows-11-10.0.26200-SP0,dolt version 2.3.1 Warning: you are on an old version of Dolt. The newest version is 2.3.5.
7090860464db41bbb96f5e3ef384c270,2026-09-23T05:49:41.815398+00:00,evaluation,large-hot,Dolt,ok,measured,6,20270826,100000,10,100,hot,32,3c4c8d842d2ea99f124b6054107cce1a851fd9dcf95b7098f70748f6f3245882,dolt-native,dolt-native,4096,2261.4168,1053.30195,402.8598,1225.4014,5585850,271429632,"external parent process-tree RSS sampler (psutil, 10 ms; isolated trial)",,not exposed by Dolt CLI,671,True,,3.14.3,Windows-11-10.0.26200-SP0,dolt version 2.3.1 Warning: you are on an old version of Dolt. The newest version is 2.3.5.
7090860464db41bbb96f5e3ef384c270,2026-09-23T05:49:58.873764+00:00,evaluation,large-hot,Dolt,ok,measured,7,20270826,100000,10,100,hot,32,3c4c8d842d2ea99f124b6054107cce1a851fd9dcf95b7098f70748f6f3245882,dolt-native,dolt-native,4096,2221.3943,930.764,370.0104,892.3625,5586114,267866112,"external parent process-tree RSS sampler (psutil, 10 ms; isolated trial)",,not exposed by Dolt CLI,671,True,,3.14.3,Windows-11-10.0.26200-SP0,dolt version 2.3.1 Warning: you are on an old version of Dolt. The newest version is 2.3.5.
